Time,ClimateRegionName,ClimateRegionIndex,NumSites,NEEC,SOMTC,AGB,AG_NPPC,BG_NPPC,Litterfall,AgeMortality,MineralN,TotalN,GrossMineralization,C_LiveLeaf,C_LiveFRoot,C_LiveWood,C_LiveCRoot,C_DeadWood,C_DeadCRoot,C_DeadLeaf_Struc,C_DeadLeaf_Meta,C_DeadFRoot_Struc,C_DeadFRoot_Meta,C_SOM1surf,C_SOM1soil,C_SOM2,C_SOM3,N_Leaf,N_FRoot,N_Wood,N_CRoot,N_DeadWood,N_DeadCRoot,N_DeadLeaf_Struc,N_DeadLeaf_Meta,N_DeadFRoot_Struc,N_DeadFRoot_Meta,N_SOM1surf,N_SOM1soil,N_SOM2,N_SOM3,SurfStrucNetMin,SurfMetaNetMin,SoilStrucNetMin,SoilMetaNetMin,SOM1surfNetMin,SOM1soilNetMin,SOM2NetMin,SOM3NetMin,TotalNdep,StreamC,StreamN,FireCEfflux,FireNEfflux,Nuptake,Nresorbed,TotalSoilN,Nvol,FrassC,
0, eco11, 0, 49380, 0, 3231.2, 10172.7, 0, 0, 0, 0, 3.5, 252.9, 0, 0, 0, 4781.2, 509.2, 1, 1, 0.1, 0, 0, 0, 32.3, 64.6, 1906.4, 1227.9, 0, 0, 22, 5.7, 0, 0, 0, 0, 0, 0, 0.3, 0.3, 76.3, 144.9, 0, 0, 0, 0, 0, 0, 0, 0, 0, 0, 0, 0, 0, 0, 0, 225.3, 0, 0, 
0, eco10, 1, 55755, 0, 1771, 9495, 0, 0, 0, 0, 3.5, 153.6, 0, 0, 0, 4462.6, 531.6, 0.9, 0.9, 0.1, 0, 0, 0, 17.7, 35.4, 1044.9, 673, 0, 0, 22.5, 5.9, 0, 0, 0, 0, 0, 0, 0.2, 0.2, 41.8, 79.4, 0, 0, 0, 0, 0, 0, 0, 0, 0, 0, 0, 0, 0, 0, 0, 125.2, 0, 0, 
0, eco9, 2, 27291, 0, 4306.1, 13806.2, 0, 0, 0, 0, 3.5, 335.2, 0, 0, 0, 6488.9, 675.1, 1, 1, 0.1, 0, 0, 0, 43.1, 86.1, 2540.6, 1636.3, 0, 0, 28, 8.1, 0, 0, 0, 0, 0, 0, 0.4, 0.4, 101.6, 193.1, 0, 0, 0, 0, 0, 0, 0, 0, 0, 0, 0, 0, 0, 0, 0, 299.1, 0, 0, 
0, eco8, 3, 56610, 0, 3582.8, 11617.4, 0, 0, 0, 0, 3.5, 280, 0, 0, 0, 5460.2, 574.2, 1, 1, 0.1, 0, 0, 0, 35.8, 71.7, 2113.9, 1361.5, 0, 0, 24.1, 6.5, 0, 0, 0, 0, 0, 0, 0.4, 0.4, 84.6, 160.7, 0, 0, 0, 0, 0, 0, 0, 0, 0, 0, 0, 0, 0, 0, 0, 249.4, 0, 0, 
0, eco7, 4, 28699, 0, 2618.2, 6697.5, 0, 0, 0, 0, 3.5, 202.9, 0, 0, 0, 3147.8, 355.5, 0.9, 0.9, 0.1, 0, 0, 0, 26.2, 52.4, 1544.7, 994.9, 0, 0, 15.6, 4, 0, 0, 0, 0, 0, 0, 0.3, 0.3, 61.8, 117.4, 0, 0, 0, 0, 0, 0, 0, 0, 0, 0, 0, 0, 0, 0, 0, 183.2, 0, 0, 
0, eco6, 5, 67717, 0, 1674.2, 8439.6, 0, 0, 0, 0, 3.5, 145.1, 0, 0, 0, 3966.6, 472.3, 0.8, 0.8, 0.1, 0, 0, 0, 16.7, 33.5, 987.8, 636.2, 0, 0, 21.3, 5.2, 0, 0, 0, 0, 0, 0, 0.2, 0.2, 39.5, 75.1, 0, 0, 0, 0, 0, 0, 0, 0, 0, 0, 0, 0, 0, 0, 0, 118.5, 0, 0, 
0, eco5, 6, 48279, 0, 2640.7, 10947.3, 0, 0, 0, 0, 3.5, 215, 0, 0, 0, 5145.3, 577.5, 1, 1, 0.1, 0, 0, 0, 26.4, 52.8, 1558, 1003.5, 0, 0, 24, 6.2, 0, 0, 0, 0, 0, 0, 0.3, 0.3, 62.3, 118.4, 0, 0, 0, 0, 0, 0, 0, 0, 0, 0, 0, 0, 0, 0, 0, 184.8, 0, 0, 
0, eco4, 7, 59548, 0, 2545.5, 9183.8, 0, 0, 0, 0, 3.5, 205.1, 0, 0, 0, 4316.4, 481.5, 0.9, 0.9, 0.1, 0, 0, 0, 25.5, 50.9, 1501.9, 967.3, 0, 0, 21.6, 5.2, 0, 0, 0, 0, 0, 0, 0.3, 0.3, 60.1, 114.1, 0, 0, 0, 0, 0, 0, 0, 0, 0, 0, 0, 0, 0, 0, 0, 178.2, 0, 0, 
0, eco3, 8, 41228, 0, 2746.5, 11927.3, 0, 0, 0, 0, 3.5, 224.2, 0, 0, 0, 5605.8, 630, 1, 1, 0.1, 0, 0, 0, 27.5, 54.9, 1620.4, 1043.7, 0, 0, 25.4, 6.8, 0, 0, 0, 0, 0, 0, 0.3, 0.3, 64.8, 123.2, 0, 0, 0, 0, 0, 0, 0, 0, 0, 0, 0, 0, 0, 0, 0, 192.1, 0, 0, 
0, eco2, 9, 20041, 0, 3814.4, 13406.1, 0, 0, 0, 0, 3.5, 298.8, 0, 0, 0, 6300.9, 691.2, 1, 1, 0.1, 0, 0, 0, 38.1, 76.3, 2250.5, 1449.5, 0, 0, 25, 8.4, 0, 0, 0, 0, 0, 0, 0.4, 0.4, 90, 171, 0, 0, 0, 0, 0, 0, 0, 0, 0, 0, 0, 0, 0, 0, 0, 265.4, 0, 0, 
5, eco11, 0, 49380, 15.2, 2912.7, 9449.3, 103.3, 13, 43.4, 130.9, 5.61, 252.7, 6.2, 55.3, 9.7, 4348.2, 467.3, 463.9, 49.8, 90.8, 32, 9.8, 4.4, 17.7, 31.5, 1633.5, 1230, 1.6, 0.2, 19.8, 5.2, 2.2, 0.6, 0.5, 1.1, 0, 0.2, 0.4, 3.9, 66.2, 145.2, 0, -0.1, 0, 0, 0.6, 3.2, -1.3, 0, 15.81, 0.2, 0.5, 0.9, 0, 1.4, 0.8, 223.1, 4.44, 0, 
5, eco10, 1, 55755, -145.4, 1645.3, 8917.8, 239.2, 33.7, 81, 143.7, 2.74, 156.8, 4.8, 127.5, 22.4, 4039.4, 484.1, 486.8, 61, 122.4, 36, 13.6, 6.8, 16.8, 20.2, 933.8, 674.4, 4.3, 0.5, 20.3, 5.4, 2.3, 0.6, 0.6, 1.2, 0.1, 0.3, 0.4, 2.3, 36.1, 79.6, 0, -0.2, 0, -0.1, 0.8, 2.2, -0.9, 0, 15.83, 0.11, 0.34, 0.7, 0, 2.9, 1.7, 123.4, 2.4, 0, 
5, eco9, 2, 27291, 64.6, 3849.5, 12372.5, 100.6, 11.8, 44.8, 173.5, 6.21, 330.6, 8.2, 52.8, 8.1, 5738.2, 597, 629.4, 64.4, 95.2, 35.9, 10.2, 4, 23.8, 38.7, 2147.9, 1639.1, 1.7, 0.2, 24.4, 7.1, 2.8, 0.8, 0.5, 1.2, 0.1, 0.2, 0.4, 4.8, 86.5, 193.5, 0, -0.1, 0, 0, 0.8, 4.4, -1.8, 0, 15.97, 0.48, 1.04, 1.5, 0, 1.3, 0.8, 293.5, 5.33, 0, 
5, eco8, 3, 56610, 36.9, 3224.2, 10624.5, 92.9, 11.6, 42.2, 146.1, 5.69, 278.5, 6.6, 54.5, 9.1, 4904.6, 518.7, 530, 55.5, 91.3, 33.5, 9.8, 4.2, 19.9, 34.7, 1805.7, 1363.8, 1.7, 0.2, 21.4, 5.8, 2.5, 0.6, 0.5, 1.1, 0, 0.2, 0.4, 4.3, 73.1, 161, 0, -0.1, 0, 0, 0.7, 3.4, -1.4, 0, 15.79, 0.3, 0.75, 1.2, 0, 1.2, 0.8, 246.3, 4.77, 0, 
5, eco7, 4, 28699, -87.1, 2357.8, 6569.5, 170.4, 21.5, 65.8, 97.5, 4.28, 204.8, 5.2, 65.6, 11.8, 2981.2, 341.6, 322.8, 37.5, 92.4, 34.8, 9.9, 5.3, 12.9, 26.4, 1321.7, 996.8, 2, 0.3, 14.8, 3.9, 1.7, 0.4, 0.5, 1.2, 0, 0.2, 0.4, 3.3, 54.3, 117.7, 0, -0.1, 0, -0.1, 0.6, 2.6, -1, 0, 16.02, 0.15, 0.28, 0.4, 0, 2.4, 1.3, 181.8, 3.11, 0, 
5, eco6, 5, 67717, -128.2, 1551.6, 7849.1, 214.7, 32.1, 69.7, 130.2, 2.89, 148.1, 4.5, 132.5, 24, 3526.9, 423, 443.5, 58.9, 111.3, 31.8, 12.7, 6.5, 14.9, 18.7, 880.5, 637.5, 4.7, 0.5, 18.8, 4.7, 2.1, 0.6, 0.6, 1, 0.1, 0.2, 0.3, 2.2, 34.2, 75.3, 0, -0.2, 0, -0.1, 0.7, 2.1, -0.9, 0, 16.16, 0.11, 0.29, 0.4, 0, 2.6, 1.5, 116.7, 2.47, 0, 
5, eco5, 6, 48279, -142.8, 2396.9, 10369.4, 262.1, 32, 91.4, 162.7, 3.42, 216.9, 6.4, 99, 16, 4753.5, 534.4, 533.4, 59.7, 130.7, 43, 13.4, 6.3, 19.8, 27.3, 1344.3, 1005.5, 3.4, 0.4, 22.4, 5.7, 2.6, 0.6, 0.7, 1.5, 0.1, 0.2, 0.5, 3.3, 53.4, 118.7, 0, -0.2, 0, -0.1, 0.9, 3, -1.3, 0, 15.91, 0.21, 0.47, 1, 0, 3.3, 2, 181.7, 2.85, 0, 
5, eco4, 7, 59548, -154, 2301.6, 8920.7, 257.8, 31.9, 89.2, 142.7, 3.34, 207.4, 6, 97.1, 16.1, 4067.8, 456.9, 461.8, 52.4, 123.1, 41.9, 12.7, 6.3, 17.5, 24.9, 1290, 969.1, 3.4, 0.4, 20.5, 4.9, 2.4, 0.6, 0.6, 1.4, 0.1, 0.2, 0.5, 3, 51.6, 114.4, 0, -0.2, 0, -0.1, 0.8, 2.9, -1.2, 0, 15.84, 0.15, 0.38, 1, 0, 3.3, 1.9, 175.3, 2.74, 0, 
5, eco3, 8, 41228, -152.1, 2482.4, 11376.2, 280.5, 33.8, 100.8, 176.7, 3.64, 225.7, 6.8, 99.5, 16.1, 5230.6, 589.4, 562.8, 62.8, 147.7, 46.1, 14.9, 6.8, 21.1, 27.6, 1387.9, 1045.8, 3.3, 0.4, 23.8, 6.3, 2.7, 0.7, 0.7, 1.6, 0.1, 0.3, 0.5, 3.4, 54.9, 123.5, 0, -0.2, 0, -0.1, 0.9, 3.3, -1.4, 0, 16.05, 0.23, 0.52, 1.1, 0, 3.4, 2.1, 188.5, 3, 0, 
5, eco2, 9, 20041, 46.5, 3391.8, 11937.8, 108.9, 14, 46.8, 163.7, 5.8, 293.3, 7.8, 60.9, 10.7, 5530.6, 607.1, 584.6, 63.1, 105.3, 33.1, 11.3, 4.7, 21.3, 32.9, 1885.6, 1452, 1.7, 0.2, 21.8, 7.3, 2.4, 0.8, 0.5, 1.1, 0.1, 0.2, 0.4, 4.1, 75.4, 171.5, 0, -0.1, 0, 0, 0.7, 4.2, -1.7, 0, 16.21, 0.55, 1.34, 1, 0, 1.4, 0.8, 259, 4.98, 0, 
10, eco11, 0, 49380, 80.3, 2833.1, 9113.3, 112.1, 16.3, 60.5, 122.7, 5.69, 250, 8.6, 92.3, 15.8, 4176, 454.8, 653.5, 71.1, 281, 76.4, 31.2, 8.5, 31, 31.5, 1538.9, 1231.8, 2.7, 0.4, 18.1, 5, 3, 0.8, 1.4, 2.6, 0.2, 0.4, 0.9, 3.8, 59.6, 145.5, 0, -0.4, 0, -0.1, 1.9, 3.4, -1.5, 0, 15.35, 0.08, 0.23, 5.2, 0.1, 1, 1, 220, 4.04, 0, 
10, eco10, 1, 55755, 43.3, 1698.9, 8166.4, 109.2, 19.5, 59.8, 122.9, 4.71, 156.5, 5.8, 119.5, 23, 3714.1, 449.6, 654, 83, 303.4, 52, 34.8, 9.2, 25.9, 22.8, 974.5, 675.7, 3.6, 0.5, 18.3, 5, 3.1, 0.9, 1.5, 1.7, 0.2, 0.3, 0.6, 2.6, 33.8, 79.9, 0, -0.3, 0, -0.1, 1.4, 2.2, -1.2, 0, 15.84, 0.04, 0.21, 6.7, 0.1, 1, 1, 125.2, 3.49, 0, 
10, eco9, 2, 27291, 193.6, 3712.4, 11469.8, 94.3, 12.3, 72.5, 157.6, 6.74, 322.4, 12.1, 63.7, 10, 5316.6, 554, 838.6, 88.4, 281.4, 78.8, 31.3, 7.2, 37.5, 37.6, 1996, 1641.3, 2, 0.2, 21.8, 6.6, 3.7, 1.1, 1.4, 2.7, 0.2, 0.3, 1, 4.6, 76.2, 193.9, 0, -0.4, 0, -0.1, 2.4, 5.2, -2.4, 0, 15.38, 0.21, 0.71, 6.8, 0.1, 0.7, 1.3, 287, 4.67, 0, 
10, eco8, 3, 56610, 129.2, 3129.4, 10105.7, 101.6, 14, 66.4, 136.7, 6.14, 274.2, 9.9, 78.4, 12.9, 4658.1, 496.4, 722.5, 77.6, 283.6, 78.4, 31.4, 8, 33.6, 34.3, 1695.7, 1365.7, 2.4, 0.3, 19.5, 5.5, 3.2, 0.9, 1.4, 2.7, 0.2, 0.3, 0.9, 4.1, 65.3, 161.4, 0, -0.4, 0, -0.1, 2.2, 4.1, -1.8, 0, 15.4, 0.11, 0.33, 5.4, 0.1, 0.8, 1.2, 242.4, 4.28, 0, 
10, eco7, 4, 28699, -1.7, 2287.2, 6619.3, 121, 20, 49.2, 88.3, 4.91, 204.8, 6.1, 113.4, 21, 2982.3, 351.4, 472.8, 55.4, 264.4, 66.9, 29.9, 9.5, 23.4, 26.4, 1239.1, 998.3, 3.1, 0.5, 14.1, 4, 2.3, 0.6, 1.3, 2.2, 0.1, 0.4, 0.8, 3.2, 49.3, 118, 0, -0.3, 0, -0.1, 1.4, 2.4, -1, 0, 15.9, 0.06, 0.16, 3.5, 0, 1.3, 0.7, 180.2, 3.63, 0, 
10, eco6, 5, 67717, 42.2, 1591.6, 7022.7, 83.9, 15.5, 56.7, 111.4, 4.68, 146.9, 4.7, 114.3, 22.3, 3182.1, 384.7, 607.2, 81.6, 276.2, 46.1, 32.3, 9, 23.5, 20.8, 908.6, 638.7, 3.8, 0.5, 16.6, 4.2, 2.9, 0.8, 1.4, 1.4, 0.2, 0.3, 0.5, 2.3, 31.8, 75.5, 0, -0.2, 0, -0.1, 1.1, 1.9, -1, 0, 16, 0.06, 0.27, 4.3, 0.1, 0.6, 1.2, 118.2, 3.46, 0, 
10, eco5, 6, 48279, 64.6, 2386.6, 9782.6, 133.7, 21.3, 53.9, 138, 5.27, 214.7, 8.2, 110.6, 20.2, 4480.5, 509.3, 706, 80.4, 322.4, 62.2, 35.1, 8.5, 29.9, 28.3, 1321.1, 1007.2, 3.2, 0.5, 20.4, 5.4, 3.3, 0.9, 1.6, 2.1, 0.2, 0.3, 0.8, 3.3, 48.4, 119, 0, -0.3, 0, -0.1, 1.9, 3.3, -1.6, 0, 15.86, 0.09, 0.4, 8, 0.1, 1.4, 0.9, 180.9, 3.95, 0, 
10, eco4, 7, 59548, 43.5, 2277.2, 8518.3, 123.6, 19.6, 50.5, 120.7, 5.29, 205.8, 7.2, 107.4, 19.6, 3887, 442.8, 632.5, 73, 310.7, 62.6, 33.9, 8.8, 27.8, 25.6, 1253.1, 970.7, 3.2, 0.4, 18.8, 4.8, 3.1, 0.8, 1.6, 2.1, 0.2, 0.3, 0.8, 3, 46.7, 114.7, 0, -0.3, 0, -0.1, 1.7, 2.9, -1.4, 0, 15.76, 0.06, 0.27, 7.7, 0.1, 1.2, 0.8, 174.6, 3.92, 0, 
10, eco3, 8, 41228, 77.6, 2477.2, 10754.8, 150.2, 23.7, 59.3, 150.9, 5.18, 222.7, 9.3, 115.2, 21, 4933, 562.4, 746.7, 84.4, 355, 64.8, 38.3, 8.8, 31.4, 28.6, 1369.5, 1047.6, 3.2, 0.5, 21.7, 5.9, 3.5, 0.9, 1.8, 2.2, 0.2, 0.3, 0.8, 3.4, 49.4, 123.8, 0, -0.4, 0, -0.1, 2.2, 3.7, -1.9, 0, 15.93, 0.14, 0.65, 10.2, 0.1, 1.6, 0.9, 187, 3.91, 0, 
10, eco2, 9, 20041, 163, 3274.6, 11047, 115.2, 17.3, 67, 149.3, 6.01, 285.4, 11.6, 88.5, 15.4, 5093.8, 561.7, 775.7, 84.8, 292, 66.9, 32.4, 7.6, 32.7, 32.1, 1755.8, 1454, 2.5, 0.4, 19.5, 6.7, 3.1, 1, 1.5, 2.2, 0.2, 0.3, 0.8, 3.9, 65.5, 171.8, 0, -0.4, 0, -0.1, 2.3, 5.1, -2.4, 0, 15.67, 0.25, 0.91, 7.3, 0.1, 1, 1.1, 252.2, 4.32, 0, 
15, eco11, 0, 49380, 47.3, 2787.5, 8598.6, 112.5, 14.1, 59, 118.9, 5.9, 242.7, 6.6, 78, 14.1, 3937.7, 434.9, 663.6, 74.8, 400.7, 57.9, 46.2, 7.4, 29.1, 30.6, 1494.2, 1233.7, 2.2, 0.3, 16.8, 4.8, 3, 0.8, 2, 2, 0.2, 0.3, 0.7, 3.7, 54.1, 145.8, 0, -0.2, 0, -0.1, 1.3, 2.9, -1.5, 0, 15.62, 0.19, 0.52, 13.7, 0.2, 1.4, 1, 214.7, 4.67, 0, 
15, eco10, 1, 55755, -134.8, 1763.2, 7871.7, 268.3, 38.2, 88.2, 127.5, 3.04, 155, 5.5, 173.5, 31.3, 3501.5, 434.2, 646.4, 84.5, 415.4, 46.1, 50.9, 9.5, 24.2, 24.3, 1037.5, 677.3, 5.6, 0.7, 17.1, 4.8, 3, 0.9, 2.1, 1.5, 0.3, 0.3, 0.5, 2.8, 32.3, 80.1, 0, -0.2, 0, -0.1, 1.1, 2.4, -1.5, 0, 15.99, 0.13, 0.4, 16.3, 0.2, 3.2, 1.6, 122.9, 3.02, 0, 
15, eco9, 2, 27291, 95.8, 3614.2, 10691.4, 108.8, 12.5, 49.7, 150.3, 6.49, 310.8, 8.2, 59.2, 9.2, 4943.8, 516.7, 821.8, 90.4, 400.9, 57.8, 45.7, 5.7, 35.2, 35.9, 1899.5, 1643.6, 1.9, 0.2, 20, 6.1, 3.5, 1.1, 2, 2, 0.2, 0.3, 0.7, 4.3, 67.7, 194.3, 0, -0.2, 0, 0, 1.4, 3.9, -2, 0, 15.83, 0.45, 1.06, 15.3, 0.2, 1.2, 0.9, 278, 5.57, 0, 
15, eco8, 3, 56610, 68.5, 3070.7, 9465.2, 102, 12.5, 52.2, 130.4, 6.06, 265.5, 6.9, 69.4, 11.9, 4354.5, 468.4, 726.3, 81, 404.8, 59, 46.3, 6.7, 31.5, 33.2, 1638.3, 1367.8, 2.1, 0.3, 17.8, 5.2, 3.2, 0.9, 2, 2, 0.2, 0.3, 0.7, 4, 59, 161.7, 0, -0.2, 0, -0.1, 1.3, 3.1, -1.6, 0, 15.69, 0.29, 0.77, 13.9, 0.2, 1.2, 0.9, 236, 5.04, 0, 
15, eco7, 4, 28699, -91.9, 2245.1, 6518.1, 204.8, 25.9, 78.6, 95.4, 4.59, 200.2, 5.5, 106.9, 19.9, 2920.9, 352.5, 499.3, 60.2, 377.4, 55.6, 45, 8.8, 22, 25.6, 1197.5, 1000, 3, 0.5, 13.7, 4, 2.4, 0.7, 1.9, 1.9, 0.2, 0.3, 0.6, 3.1, 45.1, 118.2, 0, -0.2, 0, -0.1, 1.1, 2.3, -1.1, 0, 16.1, 0.15, 0.3, 8.9, 0.1, 3, 1.4, 175.9, 3.62, 0, 
15, eco6, 5, 67717, -113.1, 1644.9, 6725.3, 237.4, 35.9, 80.1, 112.9, 3.2, 145.1, 5.1, 169.8, 31.3, 2960.5, 367.2, 600.9, 83.3, 380.4, 40.9, 47, 9, 21.9, 22, 960.8, 640.2, 5.8, 0.7, 15.2, 4, 2.8, 0.8, 1.9, 1.3, 0.2, 0.3, 0.5, 2.5, 30.3, 75.7, 0, -0.2, 0, -0.1, 1, 2.2, -1.4, 0, 16.14, 0.12, 0.34, 9.4, 0.1, 2.8, 1.7, 115.9, 3.02, 0, 
15, eco5, 6, 48279, -150.1, 2389.8, 9409.2, 302.5, 37.2, 89.1, 145, 3.65, 209.6, 6.5, 140.5, 24.1, 4260.6, 492.3, 694.1, 82, 429.6, 51.4, 49.9, 8.5, 27.4, 28.4, 1324.8, 1009.2, 4.6, 0.6, 19.4, 5.2, 3.3, 0.9, 2.1, 1.7, 0.2, 0.3, 0.6, 3.3, 44.4, 119.4, 0, -0.2, 0, -0.1, 1.2, 3, -1.7, 0, 16.1, 0.22, 0.53, 17, 0.2, 3.9, 1.7, 175.7, 3.5, 0, 
15, eco4, 7, 59548, -161, 2270.2, 8251, 297.6, 37.1, 91.1, 130.3, 3.55, 200.6, 6.2, 134.8, 23.5, 3717.9, 431.8, 637.3, 76.1, 414, 52.1, 48.3, 8.7, 25.6, 25.5, 1246.7, 972.4, 4.4, 0.5, 17.9, 4.7, 3.1, 0.8, 2.1, 1.7, 0.2, 0.3, 0.6, 3, 42.6, 115, 0, -0.2, 0, -0.1, 1.1, 2.8, -1.5, 0, 15.93, 0.15, 0.43, 18.6, 0.2, 4.1, 1.8, 169.1, 3.4, 0, 
15, eco3, 8, 41228, -166.2, 2481.2, 10309.7, 331, 39.9, 100.3, 158.9, 3.74, 217.1, 7, 139.6, 23.9, 4688.1, 542.9, 725.7, 85.7, 469, 54.3, 53.8, 9, 28.8, 28.7, 1374.1, 1049.6, 4.4, 0.6, 20.6, 5.7, 3.3, 0.9, 2.3, 1.8, 0.3, 0.3, 0.6, 3.4, 45, 124.1, 0, -0.2, 0, -0.1, 1.2, 3.2, -1.9, 0, 16.2, 0.25, 0.55, 19.3, 0.2, 4.2, 1.8, 181.7, 3.42, 0, 
15, eco2, 9, 20041, 78.2, 3190.4, 10183.8, 113.6, 14.4, 59.4, 139.9, 5.64, 274.2, 7.7, 73, 13.1, 4693.7, 520.6, 747.3, 85.1, 409.2, 51, 47.1, 6.7, 30.7, 30.6, 1672.9, 1456.1, 2, 0.3, 17.8, 6.2, 3, 1, 2, 1.7, 0.2, 0.3, 0.6, 3.7, 57.6, 172.1, 0, -0.2, 0, -0.1, 1.2, 3.7, -2, 0, 15.99, 0.51, 1.28, 14.7, 0.2, 1.4, 1, 243.9, 4.85, 0, 
20, eco11, 0, 49380, -174.7, 2776.8, 8692.5, 376.3, 44.5, 135.9, 123.7, 3.64, 241.2, 9.3, 144.5, 22.7, 3919.5, 439.2, 673.7, 77.8, 547.6, 91.8, 64.1, 10.5, 33, 31, 1477.4, 1235.4, 4.6, 0.5, 16, 4.9, 3, 0.9, 2.7, 3.1, 0.3, 0.4, 1, 3.7, 50.2, 146.1, 0, -0.4, 0, -0.1, 2.2, 3.7, -2.1, 0, 15.59, 0.11, 0.14, 16.1, 0.2, 5.3, 2.6, 211.2, 2.76, 0, 
20, eco10, 1, 55755, -70.4, 1834.1, 7426.7, 248.6, 39.5, 76.6, 119.2, 3.54, 154.3, 6.9, 171.2, 32, 3293.4, 416, 640.1, 85.6, 520.6, 45.6, 65.4, 8.8, 24.5, 25.9, 1104.7, 678.9, 5.2, 0.7, 15.8, 4.6, 2.9, 0.9, 2.6, 1.5, 0.3, 0.3, 0.5, 3, 32, 80.4, 0.1, -0.3, 0, -0.1, 1.5, 3, -2.2, 0, 16.14, 0.08, 0.22, 19.9, 0.2, 3, 1.3, 124.2, 2.97, 0, 
20, eco9, 2, 27291, -195.8, 3560.6, 10556.1, 439.6, 46.8, 156.3, 163, 3.65, 306.1, 10.9, 116.2, 15.4, 4825, 506.1, 819.4, 92.3, 558.5, 103.3, 64.4, 9.8, 39.8, 35.6, 1839.6, 1645.7, 4.2, 0.4, 18.8, 5.9, 3.4, 1.1, 2.8, 3.5, 0.3, 0.4, 1.1, 4.2, 61.4, 194.6, 0, -0.5, 0, -0.1, 2.3, 4.7, -2.6, 0, 15.81, 0.33, 0.49, 18, 0.2, 6.5, 3.1, 272.2, 2.83, 0, 
20, eco8, 3, 56610, -192.4, 3052.7, 9504.8, 412.5, 46.2, 149.4, 139.4, 3.62, 263.3, 10, 132.2, 19.4, 4313.2, 468.2, 734.2, 83.7, 562.6, 100.3, 65.2, 10.4, 36.3, 33.5, 1613.2, 1369.7, 4.4, 0.5, 17, 5.2, 3.1, 1, 2.8, 3.4, 0.3, 0.5, 1.1, 4, 54.5, 162, 0, -0.5, 0, -0.1, 2.3, 4, -2.3, 0, 15.56, 0.17, 0.24, 18.5, 0.2, 5.9, 2.9, 232.1, 2.71, 0, 
20, eco7, 4, 28699, -118.5, 2238.1, 6684.8, 273.5, 37.9, 93.2, 91.2, 3.78, 199.6, 7.4, 157.1, 27.6, 2960.8, 365.4, 519, 64.2, 496.5, 66.9, 60, 9.6, 24.5, 25.8, 1186.2, 1001.6, 4.6, 0.7, 13.4, 4.2, 2.5, 0.7, 2.5, 2.2, 0.3, 0.4, 0.7, 3.1, 42.2, 118.5, 0, -0.3, 0, -0.1, 1.7, 3, -1.6, 0, 16.13, 0.08, 0.1, 9, 0.1, 3.7, 1.6, 173.6, 3.06, 0, 
20, eco6, 5, 67717, -74.1, 1706.4, 6300.5, 235.3, 38.9, 69.1, 107.8, 3.63, 144.1, 6.3, 166.2, 31.5, 2762.5, 349.6, 598.3, 84.6, 479.8, 40.2, 60.7, 8.5, 22.3, 23.3, 1019.2, 641.6, 5.5, 0.7, 13.9, 3.8, 2.7, 0.8, 2.4, 1.2, 0.3, 0.3, 0.5, 2.7, 29.8, 76, 0.1, -0.3, 0, -0.1, 1.3, 2.8, -2, 0, 16.17, 0.1, 0.18, 13.5, 0.1, 2.9, 1.4, 116.8, 3.03, 0, 
20, eco5, 6, 48279, -51.8, 2414, 8985.8, 258.9, 35.4, 85.9, 130.9, 4.04, 207.1, 8.3, 146.1, 25.4, 4058, 475.2, 685, 82.8, 538, 56.5, 64.1, 8.4, 28.3, 29, 1345.6, 1011.1, 4.5, 0.6, 18, 5.1, 3.1, 0.9, 2.7, 1.9, 0.3, 0.3, 0.7, 3.4, 41.9, 119.7, 0.1, -0.3, 0, -0.1, 1.7, 3.6, -2.4, 0, 16.2, 0.17, 0.33, 20.7, 0.2, 3.3, 1.5, 174.9, 3.31, 0, 
20, eco4, 7, 59548, -57.1, 2289.5, 7974, 249.2, 35.2, 82.8, 116.4, 4.19, 198.6, 7.9, 144.4, 25.4, 3580.9, 422.7, 636.8, 78.3, 525.2, 56.6, 62.9, 8.6, 26.8, 26, 1262.6, 974, 4.5, 0.6, 16.8, 4.6, 3, 0.8, 2.6, 1.9, 0.3, 0.3, 0.6, 3.1, 40, 115.3, 0.1, -0.3, 0, -0.1, 1.7, 3.4, -2.1, 0, 16.08, 0.1, 0.21, 18.4, 0.2, 3.2, 1.5, 168.3, 3.41, 0, 
20, eco3, 8, 41228, -50.1, 2507.6, 9870, 269.7, 36.9, 92.4, 141.9, 3.99, 214.3, 8.7, 150.7, 26, 4471.9, 524.9, 716.4, 86.7, 580.9, 58, 68.5, 8.7, 29.6, 29.3, 1397.1, 1051.6, 4.5, 0.6, 19.1, 5.5, 3.2, 0.9, 2.9, 1.9, 0.3, 0.3, 0.7, 3.4, 42.4, 124.5, 0.1, -0.3, 0, -0.1, 1.7, 3.9, -2.6, 0, 16.37, 0.25, 0.45, 23.6, 0.2, 3.4, 1.6, 180.5, 3.3, 0, 
20, eco2, 9, 20041, -148.8, 3143.9, 9877.7, 369.4, 42.7, 133.9, 146.1, 3.56, 269.5, 9.7, 124.9, 19.3, 4499.3, 502.1, 741.5, 85.8, 536.1, 82.3, 63.2, 9.5, 33.9, 30.3, 1621.7, 1458.1, 4, 0.5, 16.6, 5.9, 2.9, 1, 2.7, 2.8, 0.3, 0.4, 0.9, 3.6, 51.9, 172.5, 0, -0.4, 0, -0.1, 1.9, 4.4, -2.5, 0, 15.98, 0.46, 0.74, 23, 0.2, 5.2, 2.5, 238.5, 2.78, 0, 
