EventID,SimulationYear,InitRow,InitColumn,InitialFireWeatherIndex,InitialDayOfYear,MaximumSpreadArea,IgnitionType,NumberOfDays,TotalSitesBurned,CohortsKilled,MeanWindSpeed,MeanEffectiveWindSpeed,MeanWindDirection,MeanSuppressionEffectiveness,MeanFWI,MeanSpreadProbability,MeanSeverity,TotalBiomassMortality,NumberCellsSeverity1,NumberCellsSeverity2,NumberCellsSeverity3,PercentsCellsIntensityFactor1,PercentsCellsIntensityFactor2,PercentsCellsIntensityFactor3,
1, 1, 529, 804, 10.0997449369019, 63, 211, Accidental, 1, 2, 18, 20.2129956, 18.7803075201825, 315.858106, 0, 10.1, 0.0633402680370327, 1, 9165, 2, 0, 0, 0, 0, 0, 
2, 1, 596, 735, 10.0997449369019, 63, 211, Accidental, 1, 1, 6, 20.2129956, 21.7448977428421, 315.858106, NaN, 10.1, NaN, 1, 1692, 1, 0, 0, 0, 0, 0, 
3, 1, 824, 226, 10.0997449369019, 63, 211, Accidental, 1, 3, 16, 20.2129956, 18.9796702684263, 315.858106, 0, 10.1, 0.0665512732872859, 1, 4026, 3, 0, 0, 0, 0, 0, 
4, 1, 94, 923, 10.0997449369019, 63, 211, Accidental, 1, 1, 4, 20.2129956, 16.5131456397435, 315.858106, NaN, 10.1, NaN, 1, 622, 1, 0, 0, 0, 0, 0, 
5, 1, 818, 105, 10.0997449369019, 63, 211, Accidental, 1, 1, 5, 20.2129956, 18.4841569409841, 315.858106, NaN, 10.1, NaN, 1, 921, 1, 0, 0, 0, 0, 0, 
6, 1, 141, 997, 10.0997449369019, 63, 211, Accidental, 1, 2, 20, 20.2129956, 17.936332908165, 315.858106, 0, 10.1, 0.0655320792292445, 1, 7067, 2, 0, 0, 0, 0, 0, 
7, 1, 496, 829, 10.0997449369019, 63, 211, Lightning, 1, 2, 4, 20.2129956, 20.6086995551387, 315.858106, 0, 10.1, 0.0619643912096884, 1, 146, 2, 0, 0, 0, 0, 0, 
8, 1, 832, 203, 12.455359039277, 68, 220, Accidental, 1, 1, 12, 32.625198, 36.3994858639264, 12.923846, NaN, 12.46, NaN, 1, 2144, 1, 0, 0, 0, 0, 0, 
9, 1, 247, 1018, 12.455359039277, 68, 220, Accidental, 1, 1, 3, 32.625198, 31.0799312426599, 12.923846, NaN, 12.46, NaN, 1, 399, 1, 0, 0, 0, 0, 0, 
10, 1, 435, 769, 12.455359039277, 68, 220, Accidental, 1, 1, 2, 32.625198, 33.1459094457476, 12.923846, NaN, 12.46, NaN, 1, 69, 1, 0, 0, 0, 0, 0, 
11, 1, 614, 545, 12.455359039277, 68, 220, Accidental, 1, 1, 10, 32.625198, 31.0408889994418, 12.923846, NaN, 12.46, NaN, 1, 6251, 1, 0, 0, 0, 0, 0, 
12, 1, 746, 92, 12.455359039277, 68, 220, Accidental, 1, 1, 5, 32.625198, 31.9888316539872, 12.923846, NaN, 12.46, NaN, 1, 552, 1, 0, 0, 0, 0, 0, 
13, 1, 323, 864, 12.455359039277, 68, 220, Lightning, 1, 1, 2, 32.625198, 28.9310583107476, 12.923846, NaN, 12.46, NaN, 1, 232, 1, 0, 0, 0, 0, 0, 
14, 1, 633, 132, 10.501506288433, 69, 212, Accidental, 1, 1, 7, 30.0742596, 35.6582930047185, 123.94278, NaN, 10.5, NaN, 1, 2450, 1, 0, 0, 0, 0, 0, 
15, 1, 685, 44, 10.501506288433, 69, 212, Accidental, 1, 1, 9, 30.0742596, 29.3804738357397, 123.94278, NaN, 10.5, NaN, 1, 1718, 1, 0, 0, 0, 0, 0, 
16, 1, 296, 1018, 10.501506288433, 69, 212, Accidental, 1, 1, 3, 30.0742596, 21.0977023054889, 123.94278, NaN, 10.5, NaN, 1, 224, 1, 0, 0, 0, 0, 0, 
17, 1, 483, 792, 10.501506288433, 69, 212, Accidental, 1, 1, 9, 30.0742596, 31.2927536513809, 123.94278, NaN, 10.5, NaN, 1, 1537, 1, 0, 0, 0, 0, 0, 
18, 1, 434, 801, 10.501506288433, 69, 212, Accidental, 1, 1, 3, 30.0742596, 31.1194074809247, 123.94278, NaN, 10.5, NaN, 1, 100, 1, 0, 0, 0, 0, 0, 
19, 1, 702, 634, 10.501506288433, 69, 212, Accidental, 1, 1, 12, 30.0742596, 32.9077444165571, 123.94278, NaN, 10.5, NaN, 1, 2148, 1, 0, 0, 0, 0, 0, 
20, 1, 668, 657, 10.3462925495599, 85, 212, Accidental, 1, 2, 17, 27.3795156, 30.0545847021445, 115.486564, 0, 10.35, 0.0522927758650876, 1, 8641, 2, 0, 0, 0, 0, 0, 
21, 1, 302, 1171, 10.3462925495599, 85, 212, Accidental, 1, 1, 0, 27.3795156, 27.0704711672804, 115.486564, NaN, 10.35, NaN, 1, 0, 1, 0, 0, 0, 0, 0, 
22, 1, 102, 969, 10.3462925495599, 85, 212, Accidental, 1, 1, 5, 27.3795156, 34.4145893083278, 115.486564, NaN, 10.35, NaN, 1, 714, 1, 0, 0, 0, 0, 0, 
23, 1, 183, 1090, 10.3462925495599, 85, 212, Accidental, 1, 1, 4, 27.3795156, 24.3878871027004, 115.486564, NaN, 10.35, NaN, 1, 1546, 1, 0, 0, 0, 0, 0, 
24, 1, 500, 348, 10.3462925495599, 85, 212, Accidental, 1, 2, 21, 27.3795156, 30.8110952126351, 115.486564, 0, 10.35, 0.0481412846276448, 1, 7750, 2, 0, 0, 0, 0, 0, 
25, 1, 395, 915, 10.3462925495599, 85, 212, Accidental, 1, 2, 16, 27.3795156, 23.5885861406095, 115.486564, 0, 10.35, 0.059372386273346, 1, 7442, 2, 0, 0, 0, 0, 0, 
26, 1, 598, 717, 10.3462925495599, 85, 212, Lightning, 1, 1, 10, 27.3795156, 28.8110891002381, 115.486564, NaN, 10.35, NaN, 1, 2360, 1, 0, 0, 0, 0, 0, 
27, 1, 417, 860, 10.9129653570181, 91, 214, Accidental, 1, 3, 2, 24.5921976, 24.6658835793312, 134.412131, 0, 10.91, 0.0575669301229082, 1, 40, 3, 0, 0, 0, 0, 0, 
28, 1, 723, 597, 10.9129653570181, 91, 214, Accidental, 1, 1, 7, 24.5921976, 24.7003118528329, 134.412131, NaN, 10.91, NaN, 1, 3370, 1, 0, 0, 0, 0, 0, 
29, 1, 249, 893, 10.9129653570181, 91, 214, Accidental, 1, 3, 20, 24.5921976, 25.4898079050471, 134.412131, 0, 10.91, 0.0561329016310578, 1, 7331, 3, 0, 0, 0, 0, 0, 
30, 1, 99, 1292, 10.9129653570181, 91, 214, Accidental, 1, 1, 3, 24.5921976, 27.6769863991688, 134.412131, NaN, 10.91, NaN, 1, 896, 1, 0, 0, 0, 0, 0, 
31, 1, 652, 369, 10.9129653570181, 91, 214, Accidental, 1, 1, 7, 24.5921976, 22.8875047933763, 134.412131, NaN, 10.91, NaN, 1, 3623, 1, 0, 0, 0, 0, 0, 
32, 1, 731, 454, 12.2060510675683, 93, 219, Accidental, 1, 1, 9, 26.5196844, 33.4462316770201, 84.110681, NaN, 12.21, NaN, 1, 4084, 1, 0, 0, 0, 0, 0, 
33, 1, 524, 500, 12.2060510675683, 93, 219, Accidental, 1, 1, 5, 26.5196844, 29.7600712853797, 84.110681, NaN, 12.21, NaN, 1, 871, 1, 0, 0, 0, 0, 0, 
34, 1, 734, 91, 12.2060510675683, 93, 219, Accidental, 1, 3, 18, 26.5196844, 29.4451506903042, 84.110681, 0, 12.21, 0.0553974442710221, 1, 8528, 3, 0, 0, 0, 0, 0, 
35, 1, 599, 634, 12.2060510675683, 93, 219, Accidental, 1, 1, 10, 26.5196844, 23.1700778443507, 84.110681, NaN, 12.21, NaN, 1, 4255, 1, 0, 0, 0, 0, 0, 
36, 1, 323, 484, 12.2060510675683, 93, 219, Accidental, 1, 2, 9, 26.5196844, 27.8822770088299, 84.110681, 0, 12.21, 0.0541628807085468, 1, 3440, 2, 0, 0, 0, 0, 0, 
37, 1, 535, 866, 10.8533257652628, 101, 214, Accidental, 1, 1, 5, 14.1629976, 14.6410345794874, 106.239641, NaN, 10.85, NaN, 1, 825, 1, 0, 0, 0, 0, 0, 
38, 1, 766, 435, 10.8533257652628, 101, 214, Accidental, 1, 2, 12, 14.1629976, 14.6373084468707, 106.239641, 0, 10.85, 0.0717341312014567, 1, 1689, 2, 0, 0, 0, 0, 0, 
39, 1, 433, 269, 10.8533257652628, 101, 214, Accidental, 1, 1, 4, 14.1629976, 10.4929781416705, 106.239641, NaN, 10.85, NaN, 1, 749, 1, 0, 0, 0, 0, 0, 
40, 1, 453, 798, 10.8533257652628, 101, 214, Accidental, 1, 1, 3, 14.1629976, 14.9648812295055, 106.239641, NaN, 10.85, NaN, 1, 448, 1, 0, 0, 0, 0, 0, 
41, 1, 795, 96, 10.8533257652628, 101, 214, Accidental, 1, 1, 2, 14.1629976, 15.2380425435831, 106.239641, NaN, 10.85, NaN, 1, 402, 1, 0, 0, 0, 0, 0, 
42, 1, 11, 1049, 11.7105201641117, 102, 217, Accidental, 1, 1, 9, 15.5825712, 19.2836431720847, 257.419747, NaN, 11.71, NaN, 1, 4601, 1, 0, 0, 0, 0, 0, 
43, 1, 261, 684, 11.7105201641117, 102, 217, Accidental, 1, 1, 7, 15.5825712, 19.9087938901991, 257.419747, NaN, 11.71, NaN, 1, 3553, 1, 0, 0, 0, 0, 0, 
44, 1, 251, 983, 11.7105201641117, 102, 217, Accidental, 1, 2, 14, 15.5825712, 18.4014137498104, 257.419747, 0, 11.71, 0.0664197967186319, 1, 3081, 2, 0, 0, 0, 0, 0, 
45, 1, 551, 426, 11.7105201641117, 102, 217, Accidental, 1, 2, 24, 15.5825712, 9.10936252718331, 257.419747, 0, 11.71, 0.0826030809737338, 1, 13856, 2, 0, 0, 0, 0, 0, 
46, 1, 732, 52, 11.7105201641117, 102, 217, Accidental, 1, 3, 21, 15.5825712, 18.8726270609084, 257.419747, 0, 11.71, 0.0671958585915624, 1, 8518, 3, 0, 0, 0, 0, 0, 
47, 1, 695, 456, 11.7105201641117, 102, 217, Lightning, 1, 1, 3, 15.5825712, 22.1044697795353, 257.419747, NaN, 11.71, NaN, 1, 3134, 1, 0, 0, 0, 0, 0, 
48, 1, 646, 459, 10.6772262859134, 103, 213, Accidental, 1, 4, 30, 12.6525024, 18.6712126429766, 17.655915, 0, 10.68, 0.0671508454695895, 1, 14743, 4, 0, 0, 0, 0, 0, 
49, 1, 792, 241, 10.6772262859134, 103, 213, Accidental, 1, 2, 17, 12.6525024, 14.2431602105861, 17.655915, 0, 10.68, 0.0749241303558442, 1, 5382, 2, 0, 0, 0, 0, 0, 
50, 1, 548, 884, 10.6772262859134, 103, 213, Accidental, 1, 2, 16, 12.6525024, 15.1398016753576, 17.655915, 0, 10.68, 0.0699375263108733, 1, 15239, 2, 0, 0, 0, 0, 0, 
51, 1, 467, 626, 10.6772262859134, 103, 213, Accidental, 1, 1, 4, 12.6525024, 20.4150321008425, 17.655915, NaN, 10.68, NaN, 1, 675, 1, 0, 0, 0, 0, 0, 
52, 1, 776, 274, 10.6772262859134, 103, 213, Accidental, 1, 2, 11, 12.6525024, 9.56549366678673, 17.655915, 0, 10.68, 0.0814841635168598, 1, 7254, 2, 0, 0, 0, 0, 0, 
53, 1, 814, 212, 10.6772262859134, 103, 213, Lightning, 1, 2, 16, 12.6525024, 11.3268625260169, 17.655915, 0, 10.68, 0.0752182910944528, 1, 5127, 2, 0, 0, 0, 0, 0, 
54, 1, 516, 252, 10.0599475120336, 104, 211, Accidental, 1, 2, 15, 10.448118, 7.56276413259079, 60.779346, 0, 10.06, 0.0844943125389647, 1, 12221, 2, 0, 0, 0, 0, 0, 
55, 1, 649, 489, 10.0599475120336, 104, 211, Accidental, 1, 1, 3, 10.448118, 9.81613030401967, 60.779346, NaN, 10.06, NaN, 1, 60, 1, 0, 0, 0, 0, 0, 
56, 1, 361, 782, 10.0599475120336, 104, 211, Accidental, 1, 2, 2, 10.448118, 11.0997506440667, 60.779346, 0, 10.06, 0.0762627623712776, 1, 80, 2, 0, 0, 0, 0, 0, 
57, 1, 532, 235, 10.0599475120336, 104, 211, Accidental, 1, 1, 8, 10.448118, 10.963798466595, 60.779346, NaN, 10.06, NaN, 1, 929, 1, 0, 0, 0, 0, 0, 
58, 1, 348, 860, 10.0599475120336, 104, 211, Accidental, 1, 3, 20, 10.448118, 15.3550016550795, 60.779346, 0, 10.06, 0.0687299424861175, 1, 8855, 3, 0, 0, 0, 0, 0, 
59, 1, 369, 918, 10.0599475120336, 104, 211, Accidental, 1, 1, 6, 10.448118, 9.89207877666141, 60.779346, NaN, 10.06, NaN, 1, 2948, 1, 0, 0, 0, 0, 0, 
60, 1, 310, 634, 13.1819331841374, 105, 223, Accidental, 1, 1, 3, 16.3053252, 18.206744999052, 37.35441, NaN, 13.18, NaN, 1, 424, 1, 0, 0, 0, 0, 0, 
61, 1, 691, 675, 13.1819331841374, 105, 223, Accidental, 1, 1, 7, 16.3053252, 12.9345067349752, 37.35441, NaN, 13.18, NaN, 1, 904, 1, 0, 0, 0, 0, 0, 
62, 1, 738, 283, 13.1819331841374, 105, 223, Accidental, 1, 1, 3, 16.3053252, 16.6062841349069, 37.35441, NaN, 13.18, NaN, 1, 264, 1, 0, 0, 0, 0, 0, 
63, 1, 654, 190, 13.1819331841374, 105, 223, Accidental, 1, 4, 23, 16.3053252, 16.0732870893959, 37.35441, 0, 13.18, 0.0772230445100934, 1, 20409, 4, 0, 0, 0, 0, 0, 
64, 1, 101, 1333, 13.1819331841374, 105, 223, Accidental, 1, 1, 4, 16.3053252, 14.9025622541587, 37.35441, NaN, 13.18, NaN, 1, 596, 1, 0, 0, 0, 0, 0, 
65, 1, 660, 507, 13.1819331841374, 105, 223, Lightning, 1, 2, 10, 16.3053252, 19.4601056752263, 37.35441, 0, 13.18, 0.0661910487158167, 1, 6337, 2, 0, 0, 0, 0, 0, 
66, 1, 667, 584, 13.7251611411564, 106, 225, Accidental, 1, 1, 6, 16.5446892, 14.5514774032573, 48.194773, NaN, 13.73, NaN, 1, 2614, 1, 0, 0, 0, 0, 0, 
67, 1, 441, 454, 13.7251611411564, 106, 225, Accidental, 1, 2, 6, 16.5446892, 18.6325265935365, 48.194773, 0, 13.73, 0.0677117841613703, 1, 10166, 2, 0, 0, 0, 0, 0, 
68, 1, 561, 162, 13.7251611411564, 106, 225, Accidental, 1, 1, 8, 16.5446892, 15.3846837699568, 48.194773, NaN, 13.73, NaN, 1, 1722, 1, 0, 0, 0, 0, 0, 
69, 1, 746, 555, 13.7251611411564, 106, 225, Accidental, 1, 2, 20, 16.5446892, 17.0949850719941, 48.194773, 0, 13.73, 0.0715335704116972, 1, 4649, 2, 0, 0, 0, 0, 0, 
70, 1, 636, 112, 13.7251611411564, 106, 225, Accidental, 1, 1, 1, 16.5446892, 14.2838515516391, 48.194773, NaN, 13.73, NaN, 1, 139, 1, 0, 0, 0, 0, 0, 
71, 1, 896, 42, 13.7251611411564, 106, 225, Lightning, 1, 1, 6, 16.5446892, 17.4119999958017, 48.194773, NaN, 13.73, NaN, 1, 1246, 1, 0, 0, 0, 0, 0, 
72, 1, 381, 731, 14.4750367413173, 107, 227, Accidental, 1, 3, 17, 17.1687456, 17.6978261915897, 10.210493, 0, 14.48, 0.0716690613899962, 1, 1466, 3, 0, 0, 0, 0, 0, 
73, 1, 657, 179, 14.4750367413173, 107, 227, Accidental, 1, 2, 9, 17.1687456, 12.7814742731984, 10.210493, 0, 14.48, 0.0821382006898772, 1, 5105, 2, 0, 0, 0, 0, 0, 
74, 1, 151, 1106, 14.4750367413173, 107, 227, Accidental, 1, 1, 7, 17.1687456, 19.6439648502051, 10.210493, NaN, 14.48, NaN, 1, 3205, 1, 0, 0, 0, 0, 0, 
75, 1, 546, 464, 14.4750367413173, 107, 227, Accidental, 1, 3, 25, 17.1687456, 16.4682282636973, 10.210493, 0, 14.48, 0.0708958772602798, 1, 4003, 3, 0, 0, 0, 0, 0, 
76, 1, 888, 116, 14.4750367413173, 107, 227, Accidental, 1, 2, 15, 17.1687456, 16.8809843413583, 10.210493, 0, 14.48, 0.0735808246281425, 1, 4915, 2, 0, 0, 0, 0, 0, 
77, 1, 572, 723, 21.5003891246893, 108, 254, Accidental, 1, 2, 16, 27.096732, 32.6024584943365, 332.365807, 0, 21.5, 0.0598956222521551, 1, 9567, 2, 0, 0, 0, 0, 0, 
78, 1, 616, 386, 21.5003891246893, 108, 254, Accidental, 1, 1, 9, 27.096732, 31.8212978614445, 332.365807, NaN, 21.5, NaN, 1, 3876, 1, 0, 0, 0, 0, 0, 
79, 1, 606, 532, 21.5003891246893, 108, 254, Accidental, 1, 1, 4, 27.096732, 27.4491739838874, 332.365807, NaN, 21.5, NaN, 1, 896, 1, 0, 0, 0, 0, 0, 
80, 1, 305, 495, 21.5003891246893, 108, 254, Accidental, 1, 1, 10, 27.096732, 25.1641687902199, 332.365807, NaN, 21.5, NaN, 1, 5200, 1, 0, 0, 0, 0, 0, 
81, 1, 604, 552, 21.5003891246893, 108, 0, Rx, 1, 5, 36, 27.096732, 28.9110061347824, 332.365807, 0, 21.5, 1, 1, 11419, 5, 0, 0, 0, 0, 0, 
82, 1, 426, 767, 15.9555430949059, 109, 233, Accidental, 1, 1, 1, 24.5047392, 25.7202068824656, 322.27201, NaN, 15.96, NaN, 1, 32, 1, 0, 0, 0, 0, 0, 
83, 1, 599, 640, 15.9555430949059, 109, 233, Accidental, 1, 2, 7, 24.5047392, 23.4113029835581, 322.27201, 0, 15.96, 0.0683025695188067, 1, 3546, 2, 0, 0, 0, 0, 0, 
84, 1, 387, 456, 15.9555430949059, 109, 233, Accidental, 1, 1, 3, 24.5047392, 25.5032771777519, 322.27201, NaN, 15.96, NaN, 1, 3941, 1, 0, 0, 0, 0, 0, 
85, 1, 390, 974, 15.9555430949059, 109, 233, Accidental, 1, 2, 8, 24.5047392, 25.3938528449966, 322.27201, 0, 15.96, 0.0634478800697497, 1, 1501, 2, 0, 0, 0, 0, 0, 
86, 1, 591, 507, 15.9555430949059, 109, 233, Lightning, 1, 1, 8, 24.5047392, 26.6135035392061, 322.27201, NaN, 15.96, NaN, 1, 1704, 1, 0, 0, 0, 0, 0, 
87, 1, 646, 416, 15.9555430949059, 109, 0, Rx, 1, 5, 42, 24.5047392, 26.5876274079722, 322.27201, 0, 15.96, 1, 1, 18139, 5, 0, 0, 0, 0, 0, 
88, 1, 663, 283, 11.0475294615986, 110, 215, Accidental, 1, 2, 15, 19.8330408, 19.0852848237549, 345.582708, 0, 11.05, 0.0653740126744985, 1, 3555, 2, 0, 0, 0, 0, 0, 
89, 1, 741, 32, 11.0475294615986, 110, 215, Accidental, 1, 1, 10, 19.8330408, 16.576607555071, 345.582708, NaN, 11.05, NaN, 1, 1326, 1, 0, 0, 0, 0, 0, 
90, 1, 108, 1169, 11.0475294615986, 110, 215, Accidental, 1, 2, 9, 19.8330408, 21.2085764842146, 345.582708, 0, 11.05, 0.064453158896173, 1, 601, 2, 0, 0, 0, 0, 0, 
91, 1, 461, 691, 11.0475294615986, 110, 215, Accidental, 1, 1, 2, 19.8330408, 19.9342155773463, 345.582708, NaN, 11.05, NaN, 1, 172, 1, 0, 0, 0, 0, 0, 
92, 1, 973, 74, 11.0475294615986, 110, 215, Accidental, 1, 3, 9, 19.8330408, 20.112988694003, 345.582708, 0, 11.05, 0.0637241021911475, 1, 1394, 3, 0, 0, 0, 0, 0, 
93, 1, 352, 831, 16.0706094348796, 113, 233, Accidental, 1, 1, 8, 20.9527956, 23.7300508347952, 72.65548, NaN, 16.07, NaN, 1, 3095, 1, 0, 0, 0, 0, 0, 
94, 1, 768, 141, 16.0706094348796, 113, 233, Accidental, 1, 1, 5, 20.9527956, 23.4876650619784, 72.65548, NaN, 16.07, NaN, 1, 3739, 1, 0, 0, 0, 0, 0, 
95, 1, 420, 649, 16.0706094348796, 113, 233, Accidental, 1, 2, 3, 20.9527956, 21.3646240447278, 72.65548, 0, 16.07, 0.0684488327725994, 1, 369, 2, 0, 0, 0, 0, 0, 
96, 1, 702, 549, 16.0706094348796, 113, 233, Accidental, 1, 1, 9, 20.9527956, 19.5680377498259, 72.65548, NaN, 16.07, NaN, 1, 4574, 1, 0, 0, 0, 0, 0, 
97, 1, 22, 1102, 16.0706094348796, 113, 233, Lightning, 1, 5, 41, 20.9527956, 19.0758382311874, 72.65548, 0, 16.07, 0.073947786124063, 1, 19007, 5, 0, 0, 0, 0, 0, 
98, 1, 745, 116, 16.0706094348796, 113, 0, Rx, 1, 5, 33, 20.9527956, 22.0192658617371, 72.65548, 0, 16.07, 1, 1, 22801, 5, 0, 0, 0, 0, 0, 
99, 1, 300, 632, 16.8699614887255, 114, 236, Accidental, 1, 1, 4, 24.016032, 23.2314821061802, 126.194747, NaN, 16.87, NaN, 1, 583, 1, 0, 0, 0, 0, 0, 
100, 1, 539, 284, 16.8699614887255, 114, 236, Accidental, 1, 2, 18, 24.016032, 29.1376618984442, 126.194747, 0, 16.87, 0.0601770283341518, 1, 8963, 2, 0, 0, 0, 0, 0, 
101, 1, 229, 811, 16.8699614887255, 114, 236, Accidental, 1, 1, 8, 24.016032, 25.1938156075018, 126.194747, NaN, 16.87, NaN, 1, 1804, 1, 0, 0, 0, 0, 0, 
102, 1, 759, 263, 16.8699614887255, 114, 236, Accidental, 1, 1, 12, 24.016032, 21.5042870107504, 126.194747, NaN, 16.87, NaN, 1, 5648, 1, 0, 0, 0, 0, 0, 
103, 1, 563, 324, 16.8699614887255, 114, 236, Accidental, 1, 1, 6, 24.016032, 21.8179194228821, 126.194747, NaN, 16.87, NaN, 1, 3918, 1, 0, 0, 0, 0, 0, 
104, 1, 872, 54, 16.8699614887255, 114, 236, Lightning, 1, 1, 1, 24.016032, 23.9076212075963, 126.194747, NaN, 16.87, NaN, 1, 341, 1, 0, 0, 0, 0, 0, 
105, 1, 496, 554, 16.8699614887255, 114, 0, Rx, 1, 5, 36, 24.016032, 25.9407962544358, 126.194747, 0, 16.87, 1, 1, 12945, 5, 0, 0, 0, 0, 0, 
106, 1, 746, 494, 13.8321866515984, 115, 225, Accidental, 1, 1, 4, 20.5031088, 23.9201470339782, 140.338046, NaN, 13.83, NaN, 1, 1009, 1, 0, 0, 0, 0, 0, 
107, 1, 774, 239, 13.8321866515984, 115, 225, Accidental, 1, 2, 10, 20.5031088, 20.9582622617684, 140.338046, 0, 13.83, 0.0666570595339734, 1, 1067, 2, 0, 0, 0, 0, 0, 
108, 1, 522, 312, 13.8321866515984, 115, 225, Accidental, 1, 2, 13, 20.5031088, 20.3718448221892, 140.338046, 0, 13.83, 0.0699758368031748, 1, 5650, 2, 0, 0, 0, 0, 0, 
109, 1, 625, 811, 13.8321866515984, 115, 225, Accidental, 1, 1, 3, 20.5031088, 21.6780342430606, 140.338046, NaN, 13.83, NaN, 1, 1746, 1, 0, 0, 0, 0, 0, 
110, 1, 490, 611, 13.8321866515984, 115, 225, Accidental, 1, 1, 6, 20.5031088, 21.7437654864253, 140.338046, NaN, 13.83, NaN, 1, 4188, 1, 0, 0, 0, 0, 0, 
111, 1, 499, 264, 13.8321866515984, 115, 225, Lightning, 1, 1, 3, 20.5031088, 23.1134353619892, 140.338046, NaN, 13.83, NaN, 1, 2538, 1, 0, 0, 0, 0, 0, 
112, 1, 571, 206, 11.0054738315736, 116, 214, Accidental, 1, 1, 12, 16.31988, 19.4280725880701, 144.847606, NaN, 11.01, NaN, 1, 1855, 1, 0, 0, 0, 0, 0, 
113, 1, 408, 620, 11.0054738315736, 116, 214, Accidental, 1, 1, 1, 16.31988, 17.8659904069031, 144.847606, NaN, 11.01, NaN, 1, 150, 1, 0, 0, 0, 0, 0, 
114, 1, 707, 401, 11.0054738315736, 116, 214, Accidental, 1, 2, 9, 16.31988, 18.1338713839871, 144.847606, 0, 11.01, 0.0661562126646197, 1, 4194, 2, 0, 0, 0, 0, 0, 
115, 1, 434, 796, 11.0054738315736, 116, 214, Accidental, 1, 1, 0, 16.31988, 17.1364712983856, 144.847606, NaN, 11.01, NaN, 1, 0, 1, 0, 0, 0, 0, 0, 
116, 1, 188, 946, 11.0054738315736, 116, 214, Accidental, 1, 2, 21, 16.31988, 14.5265759714832, 144.847606, 0, 11.01, 0.0722173287974471, 1, 4822, 2, 0, 0, 0, 0, 0, 
117, 1, 854, 67, 11.0054738315736, 116, 214, Lightning, 1, 2, 14, 16.31988, 15.2382307386327, 144.847606, 0, 11.01, 0.0713005189183084, 1, 12196, 2, 0, 0, 0, 0, 0, 
118, 1, 184, 1077, 11.8346244999367, 117, 217, Accidental, 1, 1, 5, 17.7398532, 20.9689179046759, 157.607192, NaN, 11.83, NaN, 1, 4095, 1, 0, 0, 0, 0, 0, 
119, 1, 468, 510, 11.8346244999367, 117, 217, Accidental, 1, 1, 6, 17.7398532, 16.7843654585213, 157.607192, NaN, 11.83, NaN, 1, 1967, 1, 0, 0, 0, 0, 0, 
120, 1, 734, 538, 11.8346244999367, 117, 217, Accidental, 1, 1, 10, 17.7398532, 20.3260741825753, 157.607192, NaN, 11.83, NaN, 1, 5668, 1, 0, 0, 0, 0, 0, 
121, 1, 711, 547, 11.8346244999367, 117, 217, Accidental, 1, 1, 5, 17.7398532, 17.0390954864541, 157.607192, NaN, 11.83, NaN, 1, 1389, 1, 0, 0, 0, 0, 0, 
122, 1, 433, 951, 11.8346244999367, 117, 217, Accidental, 1, 2, 12, 17.7398532, 16.6777897441288, 157.607192, 0, 11.83, 0.0692349461149012, 1, 1625, 2, 0, 0, 0, 0, 0, 
123, 1, 478, 262, 11.8667731937413, 119, 218, Accidental, 1, 2, 13, 15.6798936, 19.1397933964745, 85.08471, 0, 11.87, 0.0653750142905829, 1, 5083, 2, 0, 0, 0, 0, 0, 
124, 1, 509, 700, 11.8667731937413, 119, 218, Accidental, 1, 1, 9, 15.6798936, 8.64319837639476, 85.08471, NaN, 11.87, NaN, 1, 2349, 1, 0, 0, 0, 0, 0, 
125, 1, 962, 117, 11.8667731937413, 119, 218, Accidental, 1, 1, 5, 15.6798936, 14.688812074804, 85.08471, NaN, 11.87, NaN, 1, 1404, 1, 0, 0, 0, 0, 0, 
126, 1, 626, 579, 11.8667731937413, 119, 218, Accidental, 1, 2, 15, 15.6798936, 14.4420418799595, 85.08471, 0, 11.87, 0.0726520617453579, 1, 4728, 2, 0, 0, 0, 0, 0, 
127, 1, 679, 553, 11.8667731937413, 119, 218, Accidental, 1, 3, 21, 15.6798936, 13.4903163285195, 85.08471, 0, 11.87, 0.0755588158040584, 1, 10999, 3, 0, 0, 0, 0, 0, 
128, 1, 555, 869, 11.8667731937413, 119, 218, Accidental, 1, 1, 11, 15.6798936, 20.8210162237094, 85.08471, NaN, 11.87, NaN, 1, 2939, 1, 0, 0, 0, 0, 0, 
129, 1, 464, 567, 15.8475865398042, 121, 233, Accidental, 1, 1, 3, 21.8332476, 26.8799011292973, 69.489774, NaN, 15.85, NaN, 1, 1054, 1, 0, 0, 0, 0, 0, 
130, 1, 498, 382, 15.8475865398042, 121, 233, Accidental, 1, 1, 6, 21.8332476, 21.356255143659, 69.489774, NaN, 15.85, NaN, 1, 1624, 1, 0, 0, 0, 0, 0, 
131, 1, 625, 386, 15.8475865398042, 121, 233, Accidental, 1, 1, 10, 21.8332476, 16.2757614756733, 69.489774, NaN, 15.85, NaN, 1, 6525, 1, 0, 0, 0, 0, 0, 
132, 1, 486, 265, 15.8475865398042, 121, 233, Accidental, 1, 1, 9, 21.8332476, 25.5694100952499, 69.489774, NaN, 15.85, NaN, 1, 7057, 1, 0, 0, 0, 0, 0, 
133, 1, 239, 1262, 15.8475865398042, 121, 233, Accidental, 1, 1, 9, 21.8332476, 22.4243272659462, 69.489774, NaN, 15.85, NaN, 1, 1770, 1, 0, 0, 0, 0, 0, 
134, 1, 763, 222, 15.8475865398042, 121, 233, Lightning, 1, 2, 14, 21.8332476, 24.3059773647089, 69.489774, 0, 15.85, 0.0641691746699738, 1, 3219, 2, 0, 0, 0, 0, 0, 
135, 1, 727, 239, 15.8475865398042, 121, 0, Rx, 1, 5, 14, 21.8332476, 22.8954112689734, 69.489774, 0, 15.85, 1, 1, 9565, 5, 0, 0, 0, 0, 0, 
136, 1, 456, 446, 16.7452279273579, 122, 236, Accidental, 1, 2, 14, 22.6691244, 23.3858097331575, 109.669447, 0, 16.75, 0.0676371190360407, 1, 5355, 2, 0, 0, 0, 0, 0, 
137, 1, 518, 240, 16.7452279273579, 122, 236, Accidental, 1, 2, 16, 22.6691244, 25.1756616309889, 109.669447, 0, 16.75, 0.0629547845120694, 1, 5383, 2, 0, 0, 0, 0, 0, 
138, 1, 458, 683, 16.7452279273579, 122, 236, Accidental, 1, 1, 13, 22.6691244, 22.4778945170566, 109.669447, NaN, 16.75, NaN, 1, 2243, 1, 0, 0, 0, 0, 0, 
139, 1, 645, 195, 16.7452279273579, 122, 236, Accidental, 1, 2, 11, 22.6691244, 23.0250297428065, 109.669447, 0, 16.75, 0.0684047164822286, 1, 3066, 2, 0, 0, 0, 0, 0, 
140, 1, 324, 877, 16.7452279273579, 122, 236, Lightning, 1, 2, 15, 22.6691244, 19.2243281226393, 109.669447, 0, 16.75, 0.0756655353049261, 1, 3403, 2, 0, 0, 0, 0, 0, 
141, 1, 527, 426, 16.7452279273579, 122, 0, Rx, 1, 5, 26, 22.6691244, 21.9173764457139, 109.669447, 0, 16.75, 1, 1, 8811, 5, 0, 0, 0, 0, 0, 
142, 1, 755, 232, 13.2074504904606, 123, 223, Accidental, 1, 2, 9, 15.1584948, 12.7624931939748, 144.202103, 0, 13.21, 0.0786866185889278, 1, 8276, 2, 0, 0, 0, 0, 0, 
143, 1, 694, 60, 13.2074504904606, 123, 223, Accidental, 1, 4, 15, 15.1584948, 17.1049556853708, 144.202103, 0, 13.21, 0.0732944994487526, 1, 11055, 4, 0, 0, 0, 0, 0, 
144, 1, 139, 954, 13.2074504904606, 123, 223, Accidental, 1, 1, 4, 15.1584948, 11.3291821930649, 144.202103, NaN, 13.21, NaN, 1, 2571, 1, 0, 0, 0, 0, 0, 
145, 1, 415, 517, 13.2074504904606, 123, 223, Accidental, 1, 1, 4, 15.1584948, 19.675818504094, 144.202103, NaN, 13.21, NaN, 1, 7010, 1, 0, 0, 0, 0, 0, 
146, 1, 549, 150, 13.2074504904606, 123, 223, Accidental, 1, 1, 4, 15.1584948, 11.1025247061239, 144.202103, NaN, 13.21, NaN, 1, 791, 1, 0, 0, 0, 0, 0, 
147, 1, 450, 665, 13.2074504904606, 123, 223, Lightning, 1, 3, 27, 15.1584948, 20.1675017804475, 144.202103, 0, 13.21, 0.0675558295118769, 1, 14819, 3, 0, 0, 0, 0, 0, 
148, 1, 285, 829, 10.387721529998, 124, 212, Accidental, 1, 1, 4, 10.0233432, 10.4055804521238, 107.886448, NaN, 10.39, NaN, 1, 416, 1, 0, 0, 0, 0, 0, 
149, 1, 278, 1051, 10.387721529998, 124, 212, Accidental, 1, 1, 5, 10.0233432, 11.2832663471717, 107.886448, NaN, 10.39, NaN, 1, 4882, 1, 0, 0, 0, 0, 0, 
150, 1, 951, 158, 10.387721529998, 124, 212, Accidental, 1, 2, 6, 10.0233432, 10.4372715045443, 107.886448, 0, 10.39, 0.0782072966050253, 1, 1702, 2, 0, 0, 0, 0, 0, 
151, 1, 568, 699, 10.387721529998, 124, 212, Accidental, 1, 1, 6, 10.0233432, 7.98434071833497, 107.886448, NaN, 10.39, NaN, 1, 4952, 1, 0, 0, 0, 0, 0, 
152, 1, 578, 872, 10.387721529998, 124, 212, Accidental, 1, 2, 14, 10.0233432, 11.4967022094493, 107.886448, 0, 10.39, 0.0727136674984842, 1, 8627, 2, 0, 0, 0, 0, 0, 
153, 1, 194, 900, 12.445310196604, 125, 220, Accidental, 1, 2, 13, 16.925004, 18.774764525873, 221.760365, 0, 12.45, 0.0694250823972937, 1, 4784, 2, 0, 0, 0, 0, 0, 
154, 1, 189, 940, 12.445310196604, 125, 220, Accidental, 1, 2, 9, 16.925004, 16.4599891110949, 221.760365, 0, 12.45, 0.0730495887818336, 1, 2185, 2, 0, 0, 0, 0, 0, 
155, 1, 481, 359, 12.445310196604, 125, 220, Accidental, 1, 2, 5, 16.925004, 18.2967716439485, 221.760365, 0, 12.45, 0.0689205508799786, 1, 636, 2, 0, 0, 0, 0, 0, 
156, 1, 489, 742, 12.445310196604, 125, 220, Accidental, 1, 1, 6, 16.925004, 21.2841257983951, 221.760365, NaN, 12.45, NaN, 1, 976, 1, 0, 0, 0, 0, 0, 
157, 1, 196, 1093, 12.445310196604, 125, 220, Accidental, 1, 1, 8, 16.925004, 21.0611101181675, 221.760365, NaN, 12.45, NaN, 1, 1317, 1, 0, 0, 0, 0, 0, 
158, 1, 709, 374, 12.8437300333372, 126, 221, Accidental, 1, 1, 10, 23.1219108, 22.9857620448718, 223.104016, NaN, 12.84, NaN, 1, 1518, 1, 0, 0, 0, 0, 0, 
159, 1, 621, 521, 12.8437300333372, 126, 221, Accidental, 1, 1, 9, 23.1219108, 23.5259668526502, 223.104016, NaN, 12.84, NaN, 1, 6023, 1, 0, 0, 0, 0, 0, 
160, 1, 430, 654, 12.8437300333372, 126, 221, Accidental, 1, 1, 5, 23.1219108, 20.8724043629896, 223.104016, NaN, 12.84, NaN, 1, 511, 1, 0, 0, 0, 0, 0, 
161, 1, 719, 176, 12.8437300333372, 126, 221, Accidental, 1, 1, 0, 23.1219108, 23.5863670165277, 223.104016, NaN, 12.84, NaN, 1, 0, 1, 0, 0, 0, 0, 0, 
162, 1, 65, 991, 12.8437300333372, 126, 221, Accidental, 1, 2, 6, 23.1219108, 19.1349085677253, 223.104016, 0, 12.84, 0.0658911218292312, 1, 858, 2, 0, 0, 0, 0, 0, 
163, 1, 751, 56, 12.8437300333372, 126, 221, Lightning, 1, 1, 7, 23.1219108, 23.623542061837, 223.104016, NaN, 12.84, NaN, 1, 589, 1, 0, 0, 0, 0, 0, 
164, 1, 800, 309, 10.2021313580319, 131, 211, Accidental, 1, 1, 6, 11.5699356, 12.4882808300392, 7.10075900000004, NaN, 10.2, NaN, 1, 2345, 1, 0, 0, 0, 0, 0, 
165, 1, 523, 217, 10.2021313580319, 131, 211, Accidental, 1, 1, 9, 11.5699356, 8.87859379718519, 7.10075900000004, NaN, 10.2, NaN, 1, 1240, 1, 0, 0, 0, 0, 0, 
166, 1, 619, 793, 10.2021313580319, 131, 211, Accidental, 1, 1, 5, 11.5699356, 11.0326873248524, 7.10075900000004, NaN, 10.2, NaN, 1, 1482, 1, 0, 0, 0, 0, 0, 
167, 1, 240, 794, 10.2021313580319, 131, 211, Accidental, 1, 1, 5, 11.5699356, 11.272829809467, 7.10075900000004, NaN, 10.2, NaN, 1, 2369, 1, 0, 0, 0, 0, 0, 
168, 1, 324, 667, 10.2021313580319, 131, 211, Accidental, 1, 1, 3, 11.5699356, 16.0019296265359, 7.10075900000004, NaN, 10.2, NaN, 1, 1073, 1, 0, 0, 0, 0, 0, 
169, 1, 649, 172, 10.2021313580319, 131, 211, Accidental, 1, 2, 0, 11.5699356, 11.7298790038398, 7.10075900000004, 0, 10.2, 0.0747673991877141, 1, 0, 2, 0, 0, 0, 0, 0, 
170, 1, 674, 83, 10.2021313580319, 131, 211, Lightning, 1, 1, 0, 11.5699356, 9.88126703249214, 7.10075900000004, NaN, 10.2, NaN, 1, 0, 1, 0, 0, 0, 0, 0, 
171, 1, 381, 386, 10.0824175119379, 132, 211, Accidental, 1, 1, 8, 10.723032, 11.2333641479189, 112.11709, NaN, 10.08, NaN, 1, 1287, 1, 0, 0, 0, 0, 0, 
172, 1, 284, 994, 10.0824175119379, 132, 211, Accidental, 1, 2, 16, 10.723032, 11.3320766402748, 112.11709, 0, 10.08, 0.0755336033902712, 1, 6360, 2, 0, 0, 0, 0, 0, 
173, 1, 205, 1045, 10.0824175119379, 132, 211, Accidental, 1, 1, 5, 10.723032, 13.407255772485, 112.11709, NaN, 10.08, NaN, 1, 1503, 1, 0, 0, 0, 0, 0, 
174, 1, 908, 118, 10.0824175119379, 132, 211, Accidental, 1, 1, 6, 10.723032, 11.0549090500421, 112.11709, NaN, 10.08, NaN, 1, 1752, 1, 0, 0, 0, 0, 0, 
175, 1, 239, 764, 10.0824175119379, 132, 211, Accidental, 1, 1, 6, 10.723032, 12.7995721500734, 112.11709, NaN, 10.08, NaN, 1, 2402, 1, 0, 0, 0, 0, 0, 
176, 1, 618, 481, 11.2736700549714, 134, 215, Accidental, 1, 2, 15, 12.4080048, 10.7570681929328, 351.876841, 0, 11.27, 0.0794969097179097, 1, 5501, 2, 0, 0, 0, 0, 0, 
177, 1, 393, 413, 11.2736700549714, 134, 215, Accidental, 1, 1, 3, 12.4080048, 19.2590158075035, 351.876841, NaN, 11.27, NaN, 1, 437, 1, 0, 0, 0, 0, 0, 
178, 1, 170, 925, 11.2736700549714, 134, 215, Accidental, 1, 1, 8, 12.4080048, 13.6555893128244, 351.876841, NaN, 11.27, NaN, 1, 1404, 1, 0, 0, 0, 0, 0, 
179, 1, 761, 97, 11.2736700549714, 134, 215, Accidental, 1, 1, 2, 12.4080048, 15.2245390504513, 351.876841, NaN, 11.27, NaN, 1, 744, 1, 0, 0, 0, 0, 0, 
180, 1, 219, 818, 11.2736700549714, 134, 215, Accidental, 1, 1, 9, 12.4080048, 12.6443594749553, 351.876841, NaN, 11.27, NaN, 1, 3071, 1, 0, 0, 0, 0, 0, 
181, 1, 90, 1252, 11.2736700549714, 134, 215, Accidental, 1, 3, 3, 12.4080048, 13.5340052346426, 351.876841, 0, 11.27, 0.0751771738504369, 1, 1081, 3, 0, 0, 0, 0, 0, 
182, 1, 384, 417, 11.2736700549714, 134, 215, Lightning, 1, 2, 16, 12.4080048, 11.4662296674665, 351.876841, 0, 11.27, 0.0784852009479532, 1, 4153, 2, 0, 0, 0, 0, 0, 
183, 1, 153, 1031, 11.8330706052246, 135, 217, Accidental, 1, 1, 4, 13.0357188, 16.8944683104137, 334.074046, NaN, 11.83, NaN, 1, 2974, 1, 0, 0, 0, 0, 0, 
184, 1, 264, 1117, 11.8330706052246, 135, 217, Accidental, 1, 1, 9, 13.0357188, 11.5670785575431, 334.074046, NaN, 11.83, NaN, 1, 2901, 1, 0, 0, 0, 0, 0, 
185, 1, 587, 522, 11.8330706052246, 135, 217, Accidental, 1, 5, 38, 13.0357188, 12.5981670019123, 334.074046, 0, 11.83, 0.0758461992198948, 1, 4846, 5, 0, 0, 0, 0, 0, 
186, 1, 704, 208, 11.8330706052246, 135, 217, Accidental, 1, 1, 3, 13.0357188, 12.2046921912581, 334.074046, NaN, 11.83, NaN, 1, 460, 1, 0, 0, 0, 0, 0, 
187, 1, 130, 988, 11.8330706052246, 135, 217, Accidental, 1, 1, 2, 13.0357188, 12.9518088744009, 334.074046, NaN, 11.83, NaN, 1, 60, 1, 0, 0, 0, 0, 0, 
188, 1, 684, 685, 11.8330706052246, 135, 217, Accidental, 1, 1, 11, 13.0357188, 11.8984162467906, 334.074046, NaN, 11.83, NaN, 1, 2250, 1, 0, 0, 0, 0, 0, 
189, 1, 166, 1063, 11.8330706052246, 135, 217, Lightning, 1, 2, 7, 13.0357188, 12.4475516782461, 334.074046, 0, 11.83, 0.07607748305983, 1, 1905, 2, 0, 0, 0, 0, 0, 
190, 1, 87, 1333, 11.8566613886641, 136, 218, Accidental, 1, 1, 3, 12.5344944, 10.7419020545351, 344.485302, NaN, 11.86, NaN, 1, 5323, 1, 0, 0, 0, 0, 0, 
191, 1, 60, 995, 11.8566613886641, 136, 218, Accidental, 1, 5, 23, 12.5344944, 8.83770307471246, 344.485302, 0, 11.86, 0.082562219441182, 1, 12674, 5, 0, 0, 0, 0, 0, 
192, 1, 463, 986, 11.8566613886641, 136, 218, Accidental, 1, 3, 23, 12.5344944, 16.1562479982581, 344.485302, 0, 11.86, 0.0712270701646513, 1, 10237, 3, 0, 0, 0, 0, 0, 
193, 1, 491, 238, 11.8566613886641, 136, 218, Accidental, 1, 1, 10, 12.5344944, 14.196148675377, 344.485302, NaN, 11.86, NaN, 1, 3109, 1, 0, 0, 0, 0, 0, 
194, 1, 81, 1067, 11.8566613886641, 136, 218, Accidental, 1, 3, 8, 12.5344944, 8.53936971835238, 344.485302, 0, 11.86, 0.0844725227324994, 1, 2737, 3, 0, 0, 0, 0, 0, 
195, 1, 228, 1181, 11.8566613886641, 136, 218, Lightning, 1, 1, 8, 12.5344944, 16.3559938236191, 344.485302, NaN, 11.86, NaN, 1, 3568, 1, 0, 0, 0, 0, 0, 
196, 1, 148, 1148, 10.0233790191919, 138, 211, Accidental, 1, 1, 4, 7.997724, 9.39003890115288, 314.977969, NaN, 10.02, NaN, 1, 919, 1, 0, 0, 0, 0, 0, 
197, 1, 692, 537, 10.0233790191919, 138, 211, Accidental, 1, 1, 4, 7.997724, 11.2840175393841, 314.977969, NaN, 10.02, NaN, 1, 496, 1, 0, 0, 0, 0, 0, 
198, 1, 566, 700, 10.0233790191919, 138, 211, Accidental, 1, 1, 4, 7.997724, 11.7290271872404, 314.977969, NaN, 10.02, NaN, 1, 1645, 1, 0, 0, 0, 0, 0, 
199, 1, 346, 503, 10.0233790191919, 138, 211, Accidental, 1, 5, 38, 7.997724, 5.07988038155328, 314.977969, 0, 10.02, 0.0856683956718946, 1, 9844, 5, 0, 0, 0, 0, 0, 
200, 1, 449, 883, 10.0233790191919, 138, 211, Accidental, 1, 1, 9, 7.997724, 13.2486190156354, 314.977969, NaN, 10.02, NaN, 1, 1793, 1, 0, 0, 0, 0, 0, 
201, 1, 238, 829, 10.0233790191919, 138, 211, Lightning, 1, 2, 15, 7.997724, 9.94134325310231, 314.977969, 0, 10.02, 0.0751944981295385, 1, 10596, 2, 0, 0, 0, 0, 0, 
202, 1, 724, 439, 11.2644808083256, 139, 215, Accidental, 1, 2, 19, 11.5328916, 15.2167615040955, 297.115196, 0, 11.26, 0.0731423214048586, 1, 5011, 2, 0, 0, 0, 0, 0, 
203, 1, 293, 1028, 11.2644808083256, 139, 215, Accidental, 1, 1, 6, 11.5328916, 12.6942080938195, 297.115196, NaN, 11.26, NaN, 1, 3339, 1, 0, 0, 0, 0, 0, 
204, 1, 310, 1053, 11.2644808083256, 139, 215, Accidental, 1, 3, 25, 11.5328916, 9.93143273138978, 297.115196, 0, 11.26, 0.0808035303905171, 1, 16468, 3, 0, 0, 0, 0, 0, 
205, 1, 425, 585, 11.2644808083256, 139, 215, Accidental, 1, 2, 16, 11.5328916, 11.9487043393891, 297.115196, 0, 11.26, 0.0864684801154577, 1, 4322, 2, 0, 0, 0, 0, 0, 
206, 1, 170, 895, 11.2644808083256, 139, 215, Accidental, 1, 1, 2, 11.5328916, 11.7090081589725, 297.115196, NaN, 11.26, NaN, 1, 3729, 1, 0, 0, 0, 0, 0, 
207, 1, 316, 953, 11.2644808083256, 139, 215, Lightning, 1, 1, 6, 11.5328916, 15.9162243243664, 297.115196, NaN, 11.26, NaN, 1, 6645, 1, 0, 0, 0, 0, 0, 
208, 1, 774, 71, 12.6374514970146, 140, 221, Accidental, 1, 2, 9, 13.9082328, 15.0940449660413, 299.530599, 0, 12.64, 0.0735505312770697, 1, 1129, 2, 0, 0, 0, 0, 0, 
209, 1, 627, 507, 12.6374514970146, 140, 221, Accidental, 1, 3, 13, 13.9082328, 12.9431178556723, 299.530599, 0, 12.64, 0.0774535964857015, 1, 2267, 3, 0, 0, 0, 0, 0, 
210, 1, 521, 346, 12.6374514970146, 140, 221, Accidental, 1, 3, 7, 13.9082328, 13.2942080671201, 299.530599, 0, 12.64, 0.0767362512391055, 1, 1639, 3, 0, 0, 0, 0, 0, 
211, 1, 761, 449, 12.6374514970146, 140, 221, Accidental, 1, 3, 21, 13.9082328, 13.014766143891, 299.530599, 0, 12.64, 0.0778750583256012, 1, 3344, 3, 0, 0, 0, 0, 0, 
212, 1, 668, 400, 12.6374514970146, 140, 221, Accidental, 1, 1, 2, 13.9082328, 14.4820051948143, 299.530599, NaN, 12.64, NaN, 1, 138, 1, 0, 0, 0, 0, 0, 
213, 1, 611, 551, 12.6374514970146, 140, 221, Accidental, 1, 1, 5, 13.9082328, 12.9139311518338, 299.530599, NaN, 12.64, NaN, 1, 1275, 1, 0, 0, 0, 0, 0, 
214, 1, 325, 599, 10.0110630156524, 141, 211, Accidental, 1, 1, 1, 6.7010256, 6.34932980399548, 287.900866, NaN, 10.01, NaN, 1, 1159, 1, 0, 0, 0, 0, 0, 
215, 1, 99, 1113, 10.0110630156524, 141, 211, Accidental, 1, 1, 7, 6.7010256, 14.3477207960571, 287.900866, NaN, 10.01, NaN, 1, 3893, 1, 0, 0, 0, 0, 0, 
216, 1, 337, 606, 10.0110630156524, 141, 211, Accidental, 1, 2, 13, 6.7010256, 8.25044388218361, 287.900866, 0, 10.01, 0.0813897448056269, 1, 2625, 2, 0, 0, 0, 0, 0, 
217, 1, 614, 763, 10.0110630156524, 141, 211, Accidental, 1, 1, 11, 6.7010256, 7.15253615264062, 287.900866, NaN, 10.01, NaN, 1, 3936, 1, 0, 0, 0, 0, 0, 
218, 1, 396, 563, 10.0110630156524, 141, 211, Accidental, 1, 3, 11, 6.7010256, 2.59043626441217, 287.900866, 0, 10.01, 0.0919840321753615, 1, 11427, 3, 0, 0, 0, 0, 0, 
219, 1, 38, 1194, 12.8996020981544, 142, 221, Accidental, 1, 4, 23, 7.5743028, 7.03126700885911, 34.413946, 0, 12.9, 0.0887894161429043, 1, 12565, 4, 0, 0, 0, 0, 0, 
220, 1, 472, 881, 12.8996020981544, 142, 221, Accidental, 1, 1, 9, 7.5743028, 7.49471041854568, 34.413946, NaN, 12.9, NaN, 1, 1135, 1, 0, 0, 0, 0, 0, 
221, 1, 376, 927, 12.8996020981544, 142, 221, Accidental, 1, 1, 4, 7.5743028, 7.23420232548637, 34.413946, NaN, 12.9, NaN, 1, 699, 1, 0, 0, 0, 0, 0, 
222, 1, 189, 1144, 12.8996020981544, 142, 221, Accidental, 1, 1, 5, 7.5743028, 6.71513071700847, 34.413946, NaN, 12.9, NaN, 1, 735, 1, 0, 0, 0, 0, 0, 
223, 1, 788, 212, 12.8996020981544, 142, 221, Accidental, 1, 1, 5, 7.5743028, 9.25073453213098, 34.413946, NaN, 12.9, NaN, 1, 907, 1, 0, 0, 0, 0, 0, 
224, 1, 430, 973, 15.2848182091255, 143, 230, Accidental, 1, 1, 11, 11.2773888, 12.5608498642127, 136.92014, NaN, 15.28, NaN, 1, 1532, 1, 0, 0, 0, 0, 0, 
225, 1, 428, 504, 15.2848182091255, 143, 230, Accidental, 1, 3, 15, 11.2773888, 9.97826507482324, 136.92014, 0, 15.28, 0.0935420974141978, 1, 7241, 3, 0, 0, 0, 0, 0, 
226, 1, 575, 480, 15.2848182091255, 143, 230, Accidental, 1, 2, 11, 11.2773888, 9.9485509835586, 136.92014, 0, 15.28, 0.0871454187916981, 1, 2178, 2, 0, 0, 0, 0, 0, 
227, 1, 471, 310, 15.2848182091255, 143, 230, Accidental, 1, 1, 4, 11.2773888, 14.8184011193505, 136.92014, NaN, 15.28, NaN, 1, 3447, 1, 0, 0, 0, 0, 0, 
228, 1, 714, 679, 15.2848182091255, 143, 230, Accidental, 1, 2, 14, 11.2773888, 11.1829210454786, 136.92014, 0, 15.28, 0.0839618001369077, 1, 2238, 2, 0, 0, 0, 0, 0, 
229, 1, 598, 200, 15.2848182091255, 143, 230, Lightning, 1, 4, 29, 11.2773888, 11.6888251845565, 136.92014, 0, 15.28, 0.0819677759617119, 1, 11486, 4, 0, 0, 0, 0, 0, 
230, 1, 720, 378, 15.2848182091255, 143, 0, Rx, 1, 5, 23, 11.2773888, 11.3696019547222, 136.92014, 0, 15.28, 1, 1, 4713, 5, 0, 0, 0, 0, 0, 
231, 1, 583, 297, 11.2861131174844, 144, 215, Accidental, 1, 1, 8, 7.5839976, 1.1159826228993, 25.749725, NaN, 11.29, NaN, 1, 4006, 1, 0, 0, 0, 0, 0, 
232, 1, 482, 264, 11.2861131174844, 144, 215, Accidental, 1, 1, 10, 7.5839976, 9.81644093048942, 25.749725, NaN, 11.29, NaN, 1, 3703, 1, 0, 0, 0, 0, 0, 
233, 1, 538, 275, 11.2861131174844, 144, 215, Accidental, 1, 1, 8, 7.5839976, 9.25632085362197, 25.749725, NaN, 11.29, NaN, 1, 2363, 1, 0, 0, 0, 0, 0, 
234, 1, 251, 825, 11.2861131174844, 144, 215, Accidental, 1, 2, 12, 7.5839976, 9.38547086374644, 25.749725, 0, 11.29, 0.0800815278458317, 1, 3424, 2, 0, 0, 0, 0, 0, 
235, 1, 665, 58, 11.2861131174844, 144, 215, Accidental, 1, 3, 21, 7.5839976, 8.06130437762021, 25.749725, 0, 11.29, 0.0840777127971284, 1, 5636, 3, 0, 0, 0, 0, 0, 
236, 1, 921, 51, 11.2861131174844, 144, 215, Lightning, 1, 1, 10, 7.5839976, 7.72615325849285, 25.749725, NaN, 11.29, NaN, 1, 3199, 1, 0, 0, 0, 0, 0, 
237, 1, 687, 424, 12.6581720841346, 147, 221, Accidental, 1, 4, 24, 14.199552, 15.2650600191034, 288.265986, 0, 12.66, 0.0722999410706048, 1, 8510, 4, 0, 0, 0, 0, 0, 
238, 1, 557, 168, 12.6581720841346, 147, 221, Accidental, 1, 2, 17, 14.199552, 14.617775374033, 288.265986, 0, 12.66, 0.0753725703090298, 1, 3109, 2, 0, 0, 0, 0, 0, 
239, 1, 527, 486, 12.6581720841346, 147, 221, Accidental, 1, 1, 5, 14.199552, 14.1493740509394, 288.265986, NaN, 12.66, NaN, 1, 3784, 1, 0, 0, 0, 0, 0, 
240, 1, 311, 828, 12.6581720841346, 147, 221, Accidental, 1, 1, 1, 14.199552, 11.639696495517, 288.265986, NaN, 12.66, NaN, 1, 210, 1, 0, 0, 0, 0, 0, 
241, 1, 375, 452, 12.6581720841346, 147, 221, Accidental, 1, 2, 15, 14.199552, 16.0664310136418, 288.265986, 0, 12.66, 0.0697520270078549, 1, 4372, 2, 0, 0, 0, 0, 0, 
242, 1, 849, 72, 12.6581720841346, 147, 221, Lightning, 1, 2, 14, 14.199552, 14.4094306585781, 288.265986, 0, 12.66, 0.0751126714973299, 1, 4123, 2, 0, 0, 0, 0, 0, 
243, 1, 713, 170, 16.0944604399264, 148, 234, Accidental, 1, 1, 11, 24.2936172, 22.4431122432693, 296.552596, NaN, 16.09, NaN, 1, 2080, 1, 0, 0, 0, 0, 0, 
244, 1, 345, 642, 16.0944604399264, 148, 234, Accidental, 1, 1, 11, 24.2936172, 21.9815349330965, 296.552596, NaN, 16.09, NaN, 1, 5913, 1, 0, 0, 0, 0, 0, 
245, 1, 795, 232, 16.0944604399264, 148, 234, Accidental, 1, 1, 9, 24.2936172, 24.4643379080692, 296.552596, NaN, 16.09, NaN, 1, 1774, 1, 0, 0, 0, 0, 0, 
246, 1, 33, 1096, 16.0944604399264, 148, 234, Accidental, 1, 1, 7, 24.2936172, 23.0871927106235, 296.552596, NaN, 16.09, NaN, 1, 3552, 1, 0, 0, 0, 0, 0, 
247, 1, 509, 279, 16.0944604399264, 148, 234, Accidental, 1, 1, 3, 24.2936172, 23.2514039122657, 296.552596, NaN, 16.09, NaN, 1, 1397, 1, 0, 0, 0, 0, 0, 
248, 1, 912, 90, 16.0944604399264, 148, 234, Lightning, 1, 1, 12, 24.2936172, 23.5715601273554, 296.552596, NaN, 16.09, NaN, 1, 3414, 1, 0, 0, 0, 0, 0, 
249, 1, 673, 570, 16.0944604399264, 148, 0, Rx, 1, 5, 28, 24.2936172, 25.5758605249981, 296.552596, 0, 16.09, 1, 1, 6007, 5, 0, 0, 0, 0, 0, 
250, 1, 555, 154, 12.0711357393172, 150, 218, Accidental, 1, 1, 9, 14.1459444, 13.560273435038, 140.47118, NaN, 12.07, NaN, 1, 6195, 1, 0, 0, 0, 0, 0, 
251, 1, 228, 1298, 12.0711357393172, 150, 218, Accidental, 1, 1, 3, 14.1459444, 14.0060394281928, 140.47118, NaN, 12.07, NaN, 1, 2993, 1, 0, 0, 0, 0, 0, 
252, 1, 238, 1148, 12.0711357393172, 150, 218, Accidental, 1, 1, 9, 14.1459444, 16.1932176384419, 140.47118, NaN, 12.07, NaN, 1, 1807, 1, 0, 0, 0, 0, 0, 
253, 1, 363, 395, 12.0711357393172, 150, 218, Accidental, 1, 1, 2, 14.1459444, 13.3440222240478, 140.47118, NaN, 12.07, NaN, 1, 552, 1, 0, 0, 0, 0, 0, 
254, 1, 537, 858, 12.0711357393172, 150, 218, Accidental, 1, 1, 6, 14.1459444, 14.4053853869726, 140.47118, NaN, 12.07, NaN, 1, 1014, 1, 0, 0, 0, 0, 0, 
255, 1, 763, 85, 12.0711357393172, 150, 218, Lightning, 1, 2, 13, 14.1459444, 15.6473284785775, 140.47118, 0, 12.07, 0.0711265115830896, 1, 7716, 2, 0, 0, 0, 0, 0, 
256, 1, 661, 51, 10.0585177573461, 151, 211, Accidental, 1, 2, 18, 9.3868416, 8.84908909367086, 305.342385, 0, 10.06, 0.0801269016003538, 1, 3368, 2, 0, 0, 0, 0, 0, 
257, 1, 603, 163, 10.0585177573461, 151, 211, Accidental, 1, 1, 12, 9.3868416, 10.935896907281, 305.342385, NaN, 10.06, NaN, 1, 5695, 1, 0, 0, 0, 0, 0, 
258, 1, 545, 242, 10.0585177573461, 151, 211, Accidental, 1, 1, 6, 9.3868416, 10.257732633869, 305.342385, NaN, 10.06, NaN, 1, 3114, 1, 0, 0, 0, 0, 0, 
259, 1, 559, 677, 10.0585177573461, 151, 211, Accidental, 1, 3, 11, 9.3868416, 8.67070458075331, 305.342385, 0, 10.06, 0.0825725832657429, 1, 6570, 3, 0, 0, 0, 0, 0, 
260, 1, 503, 544, 10.0585177573461, 151, 211, Accidental, 1, 3, 21, 9.3868416, 12.0789686011168, 305.342385, 0, 10.06, 0.0773138074518447, 1, 2901, 3, 0, 0, 0, 0, 0, 
261, 1, 464, 498, 10.0585177573461, 151, 211, Lightning, 1, 3, 16, 9.3868416, 4.67839830081007, 305.342385, 0, 10.06, 0.0860521040028067, 1, 9876, 3, 0, 0, 0, 0, 0, 
262, 1, 187, 1156, 10.182275001827, 152, 211, Accidental, 1, 1, 8, 8.7166908, 13.8524530071423, 289.445472, NaN, 10.18, NaN, 1, 4450, 1, 0, 0, 0, 0, 0, 
263, 1, 73, 948, 10.182275001827, 152, 211, Accidental, 1, 3, 14, 8.7166908, 9.63342489115114, 289.445472, 0, 10.18, 0.078124032667952, 1, 4030, 3, 0, 0, 0, 0, 0, 
264, 1, 581, 264, 10.182275001827, 152, 211, Accidental, 1, 1, 2, 8.7166908, 6.53335907212239, 289.445472, NaN, 10.18, NaN, 1, 166, 1, 0, 0, 0, 0, 0, 
265, 1, 594, 157, 10.182275001827, 152, 211, Accidental, 1, 4, 42, 8.7166908, 8.27454203980219, 289.445472, 0, 10.18, 0.0782768953437973, 1, 9262, 4, 0, 0, 0, 0, 0, 
266, 1, 192, 895, 10.182275001827, 152, 211, Accidental, 1, 1, 10, 8.7166908, 11.038907812973, 289.445472, NaN, 10.18, NaN, 1, 4847, 1, 0, 0, 0, 0, 0, 
267, 1, 808, 81, 10.182275001827, 152, 211, Accidental, 1, 5, 32, 8.7166908, 8.34829070219801, 289.445472, 0, 10.18, 0.0820319005792619, 1, 12264, 5, 0, 0, 0, 0, 0, 
268, 1, 282, 652, 15.7993561102396, 153, 232, Accidental, 1, 4, 34, 21.1157388, 19.0794959898656, 315.026399, 0, 15.8, 0.0715081473849252, 1, 12178, 4, 0, 0, 0, 0, 0, 
269, 1, 312, 811, 15.7993561102396, 153, 232, Accidental, 1, 1, 6, 21.1157388, 18.5287121272648, 315.026399, NaN, 15.8, NaN, 1, 1547, 1, 0, 0, 0, 0, 0, 
270, 1, 729, 363, 15.7993561102396, 153, 232, Accidental, 1, 1, 3, 21.1157388, 26.8515026847385, 315.026399, NaN, 15.8, NaN, 1, 924, 1, 0, 0, 0, 0, 0, 
271, 1, 295, 725, 15.7993561102396, 153, 232, Accidental, 1, 1, 10, 21.1157388, 17.3154595278557, 315.026399, NaN, 15.8, NaN, 1, 1996, 1, 0, 0, 0, 0, 0, 
272, 1, 716, 436, 15.7993561102396, 153, 232, Accidental, 1, 4, 26, 21.1157388, 21.8882670135359, 315.026399, 0, 15.8, 0.069779058842565, 1, 8019, 4, 0, 0, 0, 0, 0, 
273, 1, 575, 224, 15.7993561102396, 153, 232, Lightning, 1, 1, 2, 21.1157388, 21.136226852321, 315.026399, NaN, 15.8, NaN, 1, 506, 1, 0, 0, 0, 0, 0, 
274, 1, 572, 381, 15.7993561102396, 153, 0, Rx, 1, 5, 35, 21.1157388, 23.0955893383512, 315.026399, 0, 15.8, 1, 1, 26750, 5, 0, 0, 0, 0, 0, 
275, 1, 759, 453, 11.5329281534552, 157, 216, Accidental, 1, 4, 16, 13.927104, 14.2200603298225, 25.424643, 0, 11.53, 0.0743521324465003, 1, 1867, 4, 0, 0, 0, 0, 0, 
276, 1, 194, 866, 11.5329281534552, 157, 216, Accidental, 1, 2, 20, 13.927104, 18.7888304128759, 25.424643, 0, 11.53, 0.0666948951992173, 1, 12705, 2, 0, 0, 0, 0, 0, 
277, 1, 70, 1013, 11.5329281534552, 157, 216, Accidental, 1, 4, 23, 13.927104, 13.842218891724, 25.424643, 0, 11.53, 0.0740732680250092, 1, 8017, 4, 0, 0, 0, 0, 0, 
278, 1, 397, 1141, 11.5329281534552, 157, 216, Accidental, 1, 3, 18, 13.927104, 12.9744229532541, 25.424643, 0, 11.53, 0.0752929469860984, 1, 8174, 3, 0, 0, 0, 0, 0, 
279, 1, 278, 747, 11.5329281534552, 157, 216, Accidental, 1, 2, 13, 13.927104, 16.5784272614832, 25.424643, 0, 11.53, 0.0675019836970429, 1, 2503, 2, 0, 0, 0, 0, 0, 
280, 1, 160, 1036, 11.5329281534552, 157, 216, Accidental, 1, 1, 7, 13.927104, 17.0095395673676, 25.424643, NaN, 11.53, NaN, 1, 3253, 1, 0, 0, 0, 0, 0, 
281, 1, 760, 321, 11.5329281534552, 157, 216, Lightning, 1, 1, 9, 13.927104, 13.7391445093623, 25.424643, NaN, 11.53, NaN, 1, 1148, 1, 0, 0, 0, 0, 0, 
282, 1, 297, 1040, 10.1124987813337, 158, 211, Accidental, 1, 2, 18, 10.532808, 8.01788486732823, 22.824343, 0, 10.11, 0.0801224181588608, 1, 4375, 2, 0, 0, 0, 0, 0, 
283, 1, 725, 169, 10.1124987813337, 158, 211, Accidental, 1, 1, 6, 10.532808, 10.7781318465478, 22.824343, NaN, 10.11, NaN, 1, 1014, 1, 0, 0, 0, 0, 0, 
284, 1, 651, 752, 10.1124987813337, 158, 211, Accidental, 1, 1, 7, 10.532808, 9.90595196464816, 22.824343, NaN, 10.11, NaN, 1, 3341, 1, 0, 0, 0, 0, 0, 
285, 1, 417, 572, 10.1124987813337, 158, 211, Accidental, 1, 1, 6, 10.532808, 13.8898940024037, 22.824343, NaN, 10.11, NaN, 1, 4617, 1, 0, 0, 0, 0, 0, 
286, 1, 257, 1104, 10.1124987813337, 158, 211, Accidental, 1, 1, 5, 10.532808, 13.0595402412524, 22.824343, NaN, 10.11, NaN, 1, 912, 1, 0, 0, 0, 0, 0, 
287, 1, 782, 448, 10.6589893570279, 162, 213, Accidental, 1, 2, 13, 13.6748304, 18.5236702676556, 293.43301, 0, 10.66, 0.0639514951210863, 1, 2222, 2, 0, 0, 0, 0, 0, 
288, 1, 655, 672, 10.6589893570279, 162, 213, Accidental, 1, 1, 4, 13.6748304, 15.1769908109976, 293.43301, NaN, 10.66, NaN, 1, 818, 1, 0, 0, 0, 0, 0, 
289, 1, 120, 1192, 10.6589893570279, 162, 213, Accidental, 1, 4, 10, 13.6748304, 15.5432525133937, 293.43301, 0, 10.66, 0.0697180591659497, 1, 4726, 4, 0, 0, 0, 0, 0, 
290, 1, 659, 475, 10.6589893570279, 162, 213, Accidental, 1, 1, 4, 13.6748304, 16.1120435147379, 293.43301, NaN, 10.66, NaN, 1, 1195, 1, 0, 0, 0, 0, 0, 
291, 1, 65, 1248, 10.6589893570279, 162, 213, Accidental, 1, 1, 6, 13.6748304, 14.1428557890082, 293.43301, NaN, 10.66, NaN, 1, 379, 1, 0, 0, 0, 0, 0, 
292, 1, 831, 195, 10.6589893570279, 162, 213, Accidental, 1, 1, 7, 13.6748304, 11.4850202464294, 293.43301, NaN, 10.66, NaN, 1, 1013, 1, 0, 0, 0, 0, 0, 
293, 1, 693, 472, 10.6589893570279, 162, 213, Lightning, 1, 2, 19, 13.6748304, 14.5209604082605, 293.43301, 0, 10.66, 0.0727025060136855, 1, 8590, 2, 0, 0, 0, 0, 0, 
294, 1, 678, 731, 13.4269355467235, 167, 223, Accidental, 1, 1, 6, 17.9329788, 17.916994695362, 327.530156, NaN, 13.43, NaN, 1, 2761, 1, 0, 0, 0, 0, 0, 
295, 1, 565, 882, 13.4269355467235, 167, 223, Accidental, 1, 1, 11, 17.9329788, 17.9843090299177, 327.530156, NaN, 13.43, NaN, 1, 2960, 1, 0, 0, 0, 0, 0, 
296, 1, 812, 32, 13.4269355467235, 167, 223, Accidental, 1, 1, 11, 17.9329788, 18.5214819845861, 327.530156, NaN, 13.43, NaN, 1, 6091, 1, 0, 0, 0, 0, 0, 
297, 1, 575, 370, 13.4269355467235, 167, 223, Accidental, 1, 1, 6, 17.9329788, 18.3581159162929, 327.530156, NaN, 13.43, NaN, 1, 2250, 1, 0, 0, 0, 0, 0, 
298, 1, 807, 203, 13.4269355467235, 167, 223, Accidental, 1, 2, 17, 17.9329788, 21.498546526756, 327.530156, 0, 13.43, 0.0631455588641342, 1, 9975, 2, 0, 0, 0, 0, 0, 
299, 1, 419, 887, 14.0681021195327, 168, 226, Accidental, 1, 9, 68, 18.7230276, 17.026358237634, 5.76596799999999, 0, 14.07, 0.0742089115365221, 1, 16854, 9, 0, 0, 0, 0, 0, 
300, 1, 511, 199, 14.0681021195327, 168, 226, Accidental, 1, 1, 5, 18.7230276, 22.2889129418821, 5.76596799999999, NaN, 14.07, NaN, 1, 1026, 1, 0, 0, 0, 0, 0, 
301, 1, 720, 60, 14.0681021195327, 168, 226, Accidental, 1, 2, 25, 18.7230276, 19.5433183853906, 5.76596799999999, 0, 14.07, 0.0662172004432624, 1, 9288, 2, 0, 0, 0, 0, 0, 
302, 1, 49, 1226, 14.0681021195327, 168, 226, Accidental, 1, 1, 8, 18.7230276, 17.270872381404, 5.76596799999999, NaN, 14.07, NaN, 1, 769, 1, 0, 0, 0, 0, 0, 
303, 1, 458, 503, 14.0681021195327, 168, 226, Accidental, 1, 2, 15, 18.7230276, 20.4693003319792, 5.76596799999999, 0, 14.07, 0.0695223606150144, 1, 4999, 2, 0, 0, 0, 0, 0, 
304, 1, 622, 647, 14.0681021195327, 168, 226, Lightning, 1, 1, 1, 18.7230276, 18.1628550057451, 5.76596799999999, NaN, 14.07, NaN, 1, 20, 1, 0, 0, 0, 0, 0, 
305, 1, 122, 1018, 11.7389726914081, 169, 217, Accidental, 1, 2, 6, 13.737834, 13.6490636929055, 81.865293, 0, 11.74, 0.0696659519441879, 1, 1358, 2, 0, 0, 0, 0, 0, 
306, 1, 105, 1054, 11.7389726914081, 169, 217, Accidental, 1, 1, 2, 13.737834, 15.8065768932625, 81.865293, NaN, 11.74, NaN, 1, 3341, 1, 0, 0, 0, 0, 0, 
307, 1, 403, 851, 11.7389726914081, 169, 217, Accidental, 1, 1, 10, 13.737834, 21.9123810909416, 81.865293, NaN, 11.74, NaN, 1, 6326, 1, 0, 0, 0, 0, 0, 
308, 1, 524, 692, 11.7389726914081, 169, 217, Accidental, 1, 1, 9, 13.737834, 14.2227564866797, 81.865293, NaN, 11.74, NaN, 1, 4115, 1, 0, 0, 0, 0, 0, 
309, 1, 442, 986, 11.7389726914081, 169, 217, Accidental, 1, 3, 6, 13.737834, 13.4469156483557, 81.865293, 0, 11.74, 0.0745570391222729, 1, 519, 3, 0, 0, 0, 0, 0, 
310, 1, 454, 911, 11.7389726914081, 169, 217, Accidental, 1, 1, 9, 13.737834, 11.8309181344053, 81.865293, NaN, 11.74, NaN, 1, 814, 1, 0, 0, 0, 0, 0, 
311, 1, 450, 752, 10.9511884896192, 170, 214, Accidental, 1, 1, 4, 11.60325, 10.9471734541885, 149.266597, NaN, 10.95, NaN, 1, 2665, 1, 0, 0, 0, 0, 0, 
312, 1, 56, 1145, 10.9511884896192, 170, 214, Accidental, 1, 1, 6, 11.60325, 12.7444881546154, 149.266597, NaN, 10.95, NaN, 1, 2178, 1, 0, 0, 0, 0, 0, 
313, 1, 129, 1232, 10.9511884896192, 170, 214, Accidental, 1, 2, 13, 11.60325, 12.2673723335685, 149.266597, 0, 10.95, 0.0801219298535147, 1, 3697, 2, 0, 0, 0, 0, 0, 
314, 1, 279, 632, 10.9511884896192, 170, 214, Accidental, 1, 1, 4, 11.60325, 15.6370573075744, 149.266597, NaN, 10.95, NaN, 1, 1687, 1, 0, 0, 0, 0, 0, 
315, 1, 440, 404, 10.9511884896192, 170, 214, Accidental, 1, 1, 8, 11.60325, 17.6176854102493, 149.266597, NaN, 10.95, NaN, 1, 3470, 1, 0, 0, 0, 0, 0, 
316, 1, 765, 259, 11.9446507756535, 171, 218, Accidental, 1, 5, 34, 12.79746, 15.2939457900942, 140.269414, 0, 11.94, 0.072846309800258, 1, 12765, 5, 0, 0, 0, 0, 0, 
317, 1, 47, 1089, 11.9446507756535, 171, 218, Accidental, 1, 1, 4, 12.79746, 11.8447008964361, 140.269414, NaN, 11.94, NaN, 1, 1571, 1, 0, 0, 0, 0, 0, 
318, 1, 79, 1165, 11.9446507756535, 171, 218, Accidental, 1, 2, 12, 12.79746, 14.5775981322551, 140.269414, 0, 11.94, 0.0728146436053343, 1, 1661, 2, 0, 0, 0, 0, 0, 
319, 1, 923, 128, 11.9446507756535, 171, 218, Accidental, 1, 1, 9, 12.79746, 13.8366088862544, 140.269414, NaN, 11.94, NaN, 1, 948, 1, 0, 0, 0, 0, 0, 
320, 1, 253, 1154, 11.9446507756535, 171, 218, Accidental, 1, 1, 8, 12.79746, 12.3603665375717, 140.269414, NaN, 11.94, NaN, 1, 861, 1, 0, 0, 0, 0, 0, 
321, 1, 914, 87, 11.9446507756535, 171, 218, Lightning, 1, 1, 10, 12.79746, 14.5552547635128, 140.269414, NaN, 11.94, NaN, 1, 3037, 1, 0, 0, 0, 0, 0, 
322, 1, 807, 284, 12.4979152270158, 173, 220, Accidental, 1, 2, 11, 13.127472, 8.58990030304085, 33.139773, 0, 12.5, 0.0858824796897494, 1, 5545, 2, 0, 0, 0, 0, 0, 
323, 1, 757, 200, 12.4979152270158, 173, 220, Accidental, 1, 3, 15, 13.127472, 16.2380195009765, 33.139773, 0, 12.5, 0.0711164551676405, 1, 7107, 3, 0, 0, 0, 0, 0, 
324, 1, 306, 1034, 12.4979152270158, 173, 220, Accidental, 1, 2, 17, 13.127472, 9.64681680367485, 33.139773, 0, 12.5, 0.0846874001110079, 1, 2927, 2, 0, 0, 0, 0, 0, 
325, 1, 517, 227, 12.4979152270158, 173, 220, Accidental, 1, 1, 8, 13.127472, 13.0990127226369, 33.139773, NaN, 12.5, NaN, 1, 6196, 1, 0, 0, 0, 0, 0, 
326, 1, 38, 1229, 12.4979152270158, 173, 220, Accidental, 1, 5, 26, 13.127472, 13.8166917731193, 33.139773, 0, 12.5, 0.0773515053216094, 1, 15232, 5, 0, 0, 0, 0, 0, 
327, 1, 719, 467, 12.4979152270158, 173, 220, Accidental, 1, 9, 55, 13.127472, 11.3646238849899, 33.139773, 0, 12.5, 0.0805759894443507, 1, 15653, 9, 0, 0, 0, 0, 0, 
328, 1, 553, 409, 12.4979152270158, 173, 220, Lightning, 1, 1, 12, 13.127472, 10.6179883361622, 33.139773, NaN, 12.5, NaN, 1, 5001, 1, 0, 0, 0, 0, 0, 
329, 1, 593, 81, 13.369444738176, 174, 223, Accidental, 1, 4, 26, 14.2099812, 16.7635614848508, 58.283138, 0, 13.37, 0.0781057210901503, 1, 10426, 4, 0, 0, 0, 0, 0, 
330, 1, 617, 520, 13.369444738176, 174, 223, Accidental, 1, 1, 6, 14.2099812, 8.57325855021399, 58.283138, NaN, 13.37, NaN, 1, 1666, 1, 0, 0, 0, 0, 0, 
331, 1, 312, 802, 13.369444738176, 174, 223, Accidental, 1, 4, 26, 14.2099812, 12.2374503317364, 58.283138, 0, 13.37, 0.0784664384002568, 1, 9336, 4, 0, 0, 0, 0, 0, 
332, 1, 741, 487, 13.369444738176, 174, 223, Accidental, 1, 2, 7, 14.2099812, 13.3918714832267, 58.283138, 0, 13.37, 0.0768427064291951, 1, 1237, 2, 0, 0, 0, 0, 0, 
333, 1, 636, 129, 13.369444738176, 174, 223, Accidental, 1, 1, 7, 14.2099812, 17.9547222251008, 58.283138, NaN, 13.37, NaN, 1, 1111, 1, 0, 0, 0, 0, 0, 
334, 1, 495, 621, 13.369444738176, 174, 223, Lightning, 1, 1, 12, 14.2099812, 15.9689570839865, 58.283138, NaN, 13.37, NaN, 1, 6174, 1, 0, 0, 0, 0, 0, 
335, 1, 28, 1098, 12.807812911779, 175, 221, Accidental, 1, 1, 9, 12.7229724, 9.39694937900663, 72.785339, NaN, 12.81, NaN, 1, 6320, 1, 0, 0, 0, 0, 0, 
336, 1, 520, 691, 12.807812911779, 175, 221, Accidental, 1, 3, 24, 12.7229724, 11.7371407061463, 72.785339, 0, 12.81, 0.0772366221913231, 1, 7638, 3, 0, 0, 0, 0, 0, 
337, 1, 517, 230, 12.807812911779, 175, 221, Accidental, 1, 1, 8, 12.7229724, 13.7514570235325, 72.785339, NaN, 12.81, NaN, 1, 4909, 1, 0, 0, 0, 0, 0, 
338, 1, 841, 92, 12.807812911779, 175, 221, Accidental, 1, 1, 7, 12.7229724, 13.7111173131072, 72.785339, NaN, 12.81, NaN, 1, 2572, 1, 0, 0, 0, 0, 0, 
339, 1, 418, 719, 12.807812911779, 175, 221, Accidental, 1, 1, 3, 12.7229724, 10.1350871571324, 72.785339, NaN, 12.81, NaN, 1, 365, 1, 0, 0, 0, 0, 0, 
340, 1, 74, 969, 12.807812911779, 175, 221, Lightning, 1, 1, 4, 12.7229724, 10.1315429837749, 72.785339, NaN, 12.81, NaN, 1, 222, 1, 0, 0, 0, 0, 0, 
341, 1, 541, 588, 10.8938706567714, 176, 214, Accidental, 1, 2, 14, 8.3016144, 11.8619090360474, 48.343847, 0, 10.89, 0.0718143939240509, 1, 8478, 2, 0, 0, 0, 0, 0, 
342, 1, 146, 995, 10.8938706567714, 176, 214, Accidental, 1, 6, 39, 8.3016144, 10.6092067800524, 48.343847, 0, 10.89, 0.0781174239048047, 1, 12651, 6, 0, 0, 0, 0, 0, 
343, 1, 76, 954, 10.8938706567714, 176, 214, Accidental, 1, 2, 13, 8.3016144, 4.85123980572721, 48.343847, 0, 10.89, 0.0888507241172516, 1, 7206, 2, 0, 0, 0, 0, 0, 
344, 1, 418, 518, 10.8938706567714, 176, 214, Accidental, 1, 2, 20, 8.3016144, 2.73381447401833, 48.343847, 0, 10.89, 0.0910757057053323, 1, 7234, 2, 0, 0, 0, 0, 0, 
345, 1, 67, 1101, 10.8938706567714, 176, 214, Accidental, 1, 2, 7, 8.3016144, 7.86665344017903, 48.343847, 0, 10.89, 0.0802646689063965, 1, 10834, 2, 0, 0, 0, 0, 0, 
346, 1, 660, 148, 10.8938706567714, 176, 214, Accidental, 1, 2, 13, 8.3016144, 7.92553235979079, 48.343847, 0, 10.89, 0.0812687389999528, 1, 2697, 2, 0, 0, 0, 0, 0, 
347, 1, 606, 333, 10.8938706567714, 176, 214, Lightning, 1, 1, 11, 8.3016144, 9.64473199087495, 48.343847, NaN, 10.89, NaN, 1, 4464, 1, 0, 0, 0, 0, 0, 
348, 1, 308, 695, 12.0775439397, 177, 218, Accidental, 1, 1, 11, 10.4243076, 10.7592565836717, 129.634381, NaN, 12.08, NaN, 1, 5468, 1, 0, 0, 0, 0, 0, 
349, 1, 131, 969, 12.0775439397, 177, 218, Accidental, 1, 2, 15, 10.4243076, 7.57297940275156, 129.634381, 0, 12.08, 0.0848354097830155, 1, 4927, 2, 0, 0, 0, 0, 0, 
350, 1, 463, 689, 12.0775439397, 177, 218, Accidental, 1, 1, 5, 10.4243076, 10.3520264611896, 129.634381, NaN, 12.08, NaN, 1, 1488, 1, 0, 0, 0, 0, 0, 
351, 1, 589, 728, 12.0775439397, 177, 218, Accidental, 1, 1, 2, 10.4243076, 10.7964538984005, 129.634381, NaN, 12.08, NaN, 1, 746, 1, 0, 0, 0, 0, 0, 
352, 1, 348, 911, 12.0775439397, 177, 218, Accidental, 1, 1, 4, 10.4243076, 10.3758425408326, 129.634381, NaN, 12.08, NaN, 1, 825, 1, 0, 0, 0, 0, 0, 
353, 1, 621, 117, 12.0775439397, 177, 218, Accidental, 1, 5, 34, 10.4243076, 10.8059018213385, 129.634381, 0, 12.08, 0.0784512030283688, 1, 7103, 5, 0, 0, 0, 0, 0, 
354, 1, 850, 145, 12.0775439397, 177, 218, Lightning, 1, 1, 3, 10.4243076, 10.6086928539373, 129.634381, NaN, 12.08, NaN, 1, 1676, 1, 0, 0, 0, 0, 0, 
355, 1, 347, 699, 12.9766033359637, 178, 222, Accidental, 1, 2, 15, 11.8438632, 14.6791279416523, 275.694998, 0, 12.98, 0.0742504059519041, 1, 5670, 2, 0, 0, 0, 0, 0, 
356, 1, 587, 164, 12.9766033359637, 178, 222, Accidental, 1, 1, 5, 11.8438632, 8.2713060130722, 275.694998, NaN, 12.98, NaN, 1, 781, 1, 0, 0, 0, 0, 0, 
357, 1, 774, 255, 12.9766033359637, 178, 222, Accidental, 1, 2, 13, 11.8438632, 7.82491929076965, 275.694998, 0, 12.98, 0.087958430903575, 1, 6429, 2, 0, 0, 0, 0, 0, 
358, 1, 810, 227, 12.9766033359637, 178, 222, Accidental, 1, 2, 18, 11.8438632, 13.4273531337615, 275.694998, 0, 12.98, 0.0774776743601031, 1, 14977, 2, 0, 0, 0, 0, 0, 
359, 1, 717, 502, 12.9766033359637, 178, 222, Accidental, 1, 2, 13, 11.8438632, 13.5921684228553, 275.694998, 0, 12.98, 0.0754916471857729, 1, 3624, 2, 0, 0, 0, 0, 0, 
360, 1, 735, 44, 12.9766033359637, 178, 222, Lightning, 1, 1, 5, 11.8438632, 10.2620056785479, 275.694998, NaN, 12.98, NaN, 1, 385, 1, 0, 0, 0, 0, 0, 
361, 1, 931, 114, 13.3292861362991, 179, 223, Accidental, 1, 2, 9, 12.1703796, 12.3607737139974, 338.648272, 0, 13.33, 0.0788367963060886, 1, 2305, 2, 0, 0, 0, 0, 0, 
362, 1, 556, 540, 13.3292861362991, 179, 223, Accidental, 1, 2, 29, 12.1703796, 9.80933197763754, 338.648272, 0, 13.33, 0.0867648900875868, 1, 3577, 2, 0, 0, 0, 0, 0, 
363, 1, 587, 630, 13.3292861362991, 179, 223, Accidental, 1, 2, 10, 12.1703796, 9.48979553492477, 338.648272, 0, 13.33, 0.0808013564967135, 1, 4878, 2, 0, 0, 0, 0, 0, 
364, 1, 477, 411, 13.3292861362991, 179, 223, Accidental, 1, 1, 6, 12.1703796, 8.59387169018266, 338.648272, NaN, 13.33, NaN, 1, 1583, 1, 0, 0, 0, 0, 0, 
365, 1, 796, 322, 13.3292861362991, 179, 223, Accidental, 1, 1, 10, 12.1703796, 10.4719841769783, 338.648272, NaN, 13.33, NaN, 1, 3089, 1, 0, 0, 0, 0, 0, 
366, 1, 413, 505, 13.3292861362991, 179, 223, Lightning, 1, 2, 14, 12.1703796, 14.6926070563022, 338.648272, 0, 13.33, 0.0729315781548516, 1, 11434, 2, 0, 0, 0, 0, 0, 
367, 1, 92, 1223, 14.6796043212131, 180, 228, Accidental, 1, 1, 10, 14.2719264, 13.96607285322, 348.916319, NaN, 14.68, NaN, 1, 6963, 1, 0, 0, 0, 0, 0, 
368, 1, 814, 344, 14.6796043212131, 180, 228, Accidental, 1, 3, 27, 14.2719264, 15.4972683806467, 348.916319, 0, 14.68, 0.0762918990144904, 1, 10750, 3, 0, 0, 0, 0, 0, 
369, 1, 574, 810, 14.6796043212131, 180, 228, Accidental, 1, 4, 23, 14.2719264, 14.5301604440996, 348.916319, 0, 14.68, 0.0760902737951583, 1, 4374, 4, 0, 0, 0, 0, 0, 
370, 1, 130, 933, 14.6796043212131, 180, 228, Accidental, 1, 1, 7, 14.2719264, 19.6879566147064, 348.916319, NaN, 14.68, NaN, 1, 1751, 1, 0, 0, 0, 0, 0, 
371, 1, 711, 509, 14.6796043212131, 180, 228, Accidental, 1, 2, 12, 14.2719264, 13.3586955878551, 348.916319, 0, 14.68, 0.0771451344928277, 1, 4139, 2, 0, 0, 0, 0, 0, 
372, 1, 437, 521, 15.3927602108925, 181, 231, Accidental, 1, 1, 5, 15.1686756, 17.5598957688634, 29.189802, NaN, 15.39, NaN, 1, 767, 1, 0, 0, 0, 0, 0, 
373, 1, 614, 561, 15.3927602108925, 181, 231, Accidental, 1, 2, 18, 15.1686756, 12.1260741826585, 29.189802, 0, 15.39, 0.0878856853440053, 1, 5555, 2, 0, 0, 0, 0, 0, 
374, 1, 399, 985, 15.3927602108925, 181, 231, Accidental, 1, 1, 6, 15.1686756, 14.7284018136911, 29.189802, NaN, 15.39, NaN, 1, 898, 1, 0, 0, 0, 0, 0, 
375, 1, 564, 518, 15.3927602108925, 181, 231, Accidental, 1, 2, 16, 15.1686756, 15.2804196890795, 29.189802, 0, 15.39, 0.0758286894281971, 1, 7825, 2, 0, 0, 0, 0, 0, 
376, 1, 573, 101, 15.3927602108925, 181, 231, Accidental, 1, 1, 4, 15.1686756, 8.32385850487206, 29.189802, NaN, 15.39, NaN, 1, 508, 1, 0, 0, 0, 0, 0, 
377, 1, 331, 932, 15.3927602108925, 181, 231, Lightning, 1, 2, 9, 15.1686756, 15.4046559255958, 29.189802, 0, 15.39, 0.0770238694949839, 1, 2885, 2, 0, 0, 0, 0, 0, 
378, 1, 780, 184, 15.3927602108925, 181, 0, Rx, 1, 5, 34, 15.1686756, 15.280976707138, 29.189802, 0, 15.39, 1, 1, 10429, 5, 0, 0, 0, 0, 0, 
379, 1, 512, 261, 12.4926605501971, 182, 220, Accidental, 1, 3, 29, 11.7573264, 18.2480390946782, 80.306441, 0, 12.49, 0.0682589906704015, 1, 6368, 3, 0, 0, 0, 0, 0, 
380, 1, 235, 1151, 12.4926605501971, 182, 220, Accidental, 1, 1, 7, 11.7573264, 9.5325962860926, 80.306441, NaN, 12.49, NaN, 1, 992, 1, 0, 0, 0, 0, 0, 
381, 1, 363, 393, 12.4926605501971, 182, 220, Accidental, 1, 2, 16, 11.7573264, 12.5281877961792, 80.306441, 0, 12.49, 0.071576893289636, 1, 1968, 2, 0, 0, 0, 0, 0, 
382, 1, 223, 771, 12.4926605501971, 182, 220, Accidental, 1, 1, 7, 11.7573264, 15.277810604597, 80.306441, NaN, 12.49, NaN, 1, 4788, 1, 0, 0, 0, 0, 0, 
383, 1, 801, 292, 12.4926605501971, 182, 220, Accidental, 1, 2, 15, 11.7573264, 11.4745422654775, 80.306441, 0, 12.49, 0.0772052949101698, 1, 4819, 2, 0, 0, 0, 0, 0, 
384, 1, 723, 49, 12.4926605501971, 182, 220, Lightning, 1, 3, 21, 11.7573264, 12.6811975936714, 80.306441, 0, 12.49, 0.0785960671471626, 1, 4039, 3, 0, 0, 0, 0, 0, 
385, 1, 627, 116, 14.2951613830638, 183, 227, Accidental, 1, 3, 16, 14.8683744, 13.4034987067882, 68.707974, 0, 14.3, 0.0766033177134806, 1, 5454, 3, 0, 0, 0, 0, 0, 
386, 1, 783, 171, 14.2951613830638, 183, 227, Accidental, 1, 1, 12, 14.8683744, 10.1879174125638, 68.707974, NaN, 14.3, NaN, 1, 10055, 1, 0, 0, 0, 0, 0, 
387, 1, 504, 218, 14.2951613830638, 183, 227, Accidental, 1, 2, 10, 14.8683744, 15.2000007203181, 68.707974, 0, 14.3, 0.0762933735461965, 1, 873, 2, 0, 0, 0, 0, 0, 
388, 1, 756, 182, 14.2951613830638, 183, 227, Accidental, 1, 2, 16, 14.8683744, 15.9998483589051, 68.707974, 0, 14.3, 0.0783088313873619, 1, 2230, 2, 0, 0, 0, 0, 0, 
389, 1, 175, 941, 14.2951613830638, 183, 227, Accidental, 1, 8, 62, 14.8683744, 14.8372880847112, 68.707974, 0, 14.3, 0.0769320549813491, 1, 33904, 8, 0, 0, 0, 0, 0, 
390, 1, 457, 695, 14.2951613830638, 183, 227, Lightning, 1, 1, 3, 14.8683744, 13.6507429658271, 68.707974, NaN, 14.3, NaN, 1, 448, 1, 0, 0, 0, 0, 0, 
391, 1, 380, 932, 14.5432830054546, 184, 228, Accidental, 1, 1, 10, 13.421376, 12.143578380818, 124.540649, NaN, 14.54, NaN, 1, 2814, 1, 0, 0, 0, 0, 0, 
392, 1, 747, 521, 14.5432830054546, 184, 228, Accidental, 1, 3, 17, 13.421376, 14.2980444575972, 124.540649, 0, 14.54, 0.0793314360491826, 1, 2456, 3, 0, 0, 0, 0, 0, 
393, 1, 371, 410, 14.5432830054546, 184, 228, Accidental, 1, 1, 3, 13.421376, 15.5720814054349, 124.540649, NaN, 14.54, NaN, 1, 702, 1, 0, 0, 0, 0, 0, 
394, 1, 695, 701, 14.5432830054546, 184, 228, Accidental, 1, 3, 22, 13.421376, 12.5276122839304, 124.540649, 0, 14.54, 0.082743625745745, 1, 4937, 3, 0, 0, 0, 0, 0, 
395, 1, 640, 141, 14.5432830054546, 184, 228, Accidental, 1, 3, 24, 13.421376, 13.1873425115103, 124.540649, 0, 14.54, 0.0773511123807601, 1, 5820, 3, 0, 0, 0, 0, 0, 
396, 1, 265, 873, 13.8879388116686, 185, 225, Accidental, 1, 3, 23, 11.893212, 9.4548490617145, 72.126083, 0, 13.89, 0.0860164102687826, 1, 8027, 3, 0, 0, 0, 0, 0, 
397, 1, 363, 717, 13.8879388116686, 185, 225, Accidental, 1, 2, 8, 11.893212, 11.045239836554, 72.126083, 0, 13.89, 0.0836604165577867, 1, 1845, 2, 0, 0, 0, 0, 0, 
398, 1, 261, 1140, 13.8879388116686, 185, 225, Accidental, 1, 1, 1, 11.893212, 10.5454013339674, 72.126083, NaN, 13.89, NaN, 1, 1970, 1, 0, 0, 0, 0, 0, 
399, 1, 473, 725, 13.8879388116686, 185, 225, Accidental, 1, 1, 8, 11.893212, 9.32775585248435, 72.126083, NaN, 13.89, NaN, 1, 1643, 1, 0, 0, 0, 0, 0, 
400, 1, 438, 951, 13.8879388116686, 185, 225, Accidental, 1, 2, 13, 11.893212, 14.67831632776, 72.126083, 0, 13.89, 0.0787206654671452, 1, 2642, 2, 0, 0, 0, 0, 0, 
401, 1, 854, 203, 13.8879388116686, 185, 225, Lightning, 1, 1, 9, 11.893212, 9.83975231007683, 72.126083, NaN, 13.89, NaN, 1, 2282, 1, 0, 0, 0, 0, 0, 
402, 1, 72, 973, 13.8744684345628, 186, 225, Accidental, 1, 2, 16, 11.567664, 10.3403647435083, 110.567512, 0, 13.87, 0.0834940733703341, 1, 5033, 2, 0, 0, 0, 0, 0, 
403, 1, 273, 911, 13.8744684345628, 186, 225, Accidental, 1, 5, 32, 11.567664, 10.1208994985546, 110.567512, 0, 13.87, 0.0835134019931817, 1, 11051, 5, 0, 0, 0, 0, 0, 
404, 1, 145, 1207, 13.8744684345628, 186, 225, Accidental, 1, 2, 18, 11.567664, 10.6021235635276, 110.567512, 0, 13.87, 0.08344595320156, 1, 7206, 2, 0, 0, 0, 0, 0, 
405, 1, 535, 771, 13.8744684345628, 186, 225, Accidental, 1, 4, 11, 11.567664, 11.2340740524738, 110.567512, 0, 13.87, 0.0821952765185612, 1, 1616, 4, 0, 0, 0, 0, 0, 
406, 1, 578, 896, 13.8744684345628, 186, 225, Accidental, 1, 3, 24, 11.567664, 11.9650244159753, 110.567512, 0, 13.87, 0.0814881560047868, 1, 6210, 3, 0, 0, 0, 0, 0, 
407, 1, 662, 98, 12.3333692065861, 187, 219, Accidental, 1, 2, 13, 8.0106984, 12.1407566886995, 102.278061, 0, 12.33, 0.0801086735340596, 1, 6858, 2, 0, 0, 0, 0, 0, 
408, 1, 359, 948, 12.3333692065861, 187, 219, Accidental, 1, 1, 8, 8.0106984, 10.45270081089, 102.278061, NaN, 12.33, NaN, 1, 1030, 1, 0, 0, 0, 0, 0, 
409, 1, 449, 1119, 12.3333692065861, 187, 219, Accidental, 1, 1, 1, 8.0106984, 7.20426509430791, 102.278061, NaN, 12.33, NaN, 1, 90, 1, 0, 0, 0, 0, 0, 
410, 1, 670, 89, 12.3333692065861, 187, 219, Accidental, 1, 1, 3, 8.0106984, 11.3408743602082, 102.278061, NaN, 12.33, NaN, 1, 240, 1, 0, 0, 0, 0, 0, 
411, 1, 432, 695, 12.3333692065861, 187, 219, Accidental, 1, 3, 20, 8.0106984, 3.45516053633275, 102.278061, 0, 12.33, 0.0949455743732599, 1, 2749, 3, 0, 0, 0, 0, 0, 
412, 1, 651, 566, 17.1028633089999, 188, 237, Accidental, 1, 1, 10, 16.0268652, 14.2975074273589, 57.902853, NaN, 17.1, NaN, 1, 3306, 1, 0, 0, 0, 0, 0, 
413, 1, 54, 1301, 17.1028633089999, 188, 237, Accidental, 1, 2, 10, 16.0268652, 15.9754920223192, 57.902853, 0, 17.1, 0.0786062646778229, 1, 1045, 2, 0, 0, 0, 0, 0, 
414, 1, 403, 641, 17.1028633089999, 188, 237, Accidental, 1, 2, 20, 16.0268652, 17.887791537638, 57.902853, 0, 17.1, 0.0798234912301734, 1, 3841, 2, 0, 0, 0, 0, 0, 
415, 1, 434, 749, 17.1028633089999, 188, 237, Accidental, 1, 1, 9, 16.0268652, 21.3233903150401, 57.902853, NaN, 17.1, NaN, 1, 3987, 1, 0, 0, 0, 0, 0, 
416, 1, 233, 1229, 17.1028633089999, 188, 237, Accidental, 1, 1, 1, 16.0268652, 11.7976085149264, 57.902853, NaN, 17.1, NaN, 1, 181, 1, 0, 0, 0, 0, 0, 
417, 1, 506, 826, 17.1028633089999, 188, 237, Lightning, 1, 1, 2, 16.0268652, 16.1351305280648, 57.902853, NaN, 17.1, NaN, 1, 147, 1, 0, 0, 0, 0, 0, 
418, 1, 538, 603, 17.1028633089999, 188, 0, Rx, 1, 5, 30, 16.0268652, 21.1189484105206, 57.902853, 0, 17.1, 1, 1, 16671, 5, 0, 0, 0, 0, 0, 
419, 1, 868, 85, 20.1106839715268, 189, 249, Accidental, 1, 1, 7, 19.2832128, 19.0936677891423, 91.039943, NaN, 20.11, NaN, 1, 873, 1, 0, 0, 0, 0, 0, 
420, 1, 206, 789, 20.1106839715268, 189, 249, Accidental, 1, 2, 11, 19.2832128, 18.5203041651377, 91.039943, 0, 20.11, 0.0771454243327397, 1, 3148, 2, 0, 0, 0, 0, 0, 
421, 1, 343, 877, 20.1106839715268, 189, 249, Accidental, 1, 1, 2, 19.2832128, 18.5008960422487, 91.039943, NaN, 20.11, NaN, 1, 1068, 1, 0, 0, 0, 0, 0, 
422, 1, 315, 997, 20.1106839715268, 189, 249, Accidental, 1, 1, 3, 19.2832128, 26.3812515955667, 91.039943, NaN, 20.11, NaN, 1, 1448, 1, 0, 0, 0, 0, 0, 
423, 1, 579, 240, 20.1106839715268, 189, 249, Lightning, 1, 2, 13, 19.2832128, 16.0176145453773, 91.039943, 0, 20.11, 0.0878691217418861, 1, 5966, 2, 0, 0, 0, 0, 0, 
424, 1, 804, 203, 20.1106839715268, 189, 0, Rx, 1, 5, 32, 19.2832128, 16.4176639969644, 91.039943, 0, 20.11, 1, 1, 15382, 5, 0, 0, 0, 0, 0, 
425, 1, 488, 559, 17.9759815074134, 190, 241, Accidental, 1, 2, 10, 15.9130908, 15.2698080664323, 95.385987, 0, 17.98, 0.0741284304877365, 1, 4867, 2, 0, 0, 0, 0, 0, 
426, 1, 624, 473, 17.9759815074134, 190, 241, Accidental, 1, 3, 16, 15.9130908, 14.5024776497931, 95.385987, 0, 17.98, 0.0838222669833327, 1, 9970, 3, 0, 0, 0, 0, 0, 
427, 1, 716, 678, 17.9759815074134, 190, 241, Accidental, 1, 1, 1, 15.9130908, 15.0215532877373, 95.385987, NaN, 17.98, NaN, 1, 40, 1, 0, 0, 0, 0, 0, 
428, 1, 576, 271, 17.9759815074134, 190, 241, Accidental, 1, 1, 3, 15.9130908, 9.57516814559984, 95.385987, NaN, 17.98, NaN, 1, 656, 1, 0, 0, 0, 0, 0, 
429, 1, 417, 615, 17.9759815074134, 190, 241, Accidental, 1, 1, 2, 15.9130908, 20.5690093742424, 95.385987, NaN, 17.98, NaN, 1, 583, 1, 0, 0, 0, 0, 0, 
430, 1, 232, 788, 17.9759815074134, 190, 241, Lightning, 1, 1, 6, 15.9130908, 16.001308092785, 95.385987, NaN, 17.98, NaN, 1, 2684, 1, 0, 0, 0, 0, 0, 
431, 1, 65, 1000, 17.9759815074134, 190, 0, Rx, 1, 5, 37, 15.9130908, 18.1975474959784, 95.385987, 0, 17.98, 1, 1, 18054, 5, 0, 0, 0, 0, 0, 
432, 1, 677, 427, 16.484449926803, 191, 235, Accidental, 1, 2, 14, 13.2764796, 15.5115257673924, 92.381126, 0, 16.48, 0.0823555279438212, 1, 3267, 2, 0, 0, 0, 0, 0, 
433, 1, 267, 996, 16.484449926803, 191, 235, Accidental, 1, 1, 10, 13.2764796, 11.8749324042504, 92.381126, NaN, 16.48, NaN, 1, 1759, 1, 0, 0, 0, 0, 0, 
434, 1, 735, 246, 16.484449926803, 191, 235, Accidental, 1, 1, 9, 13.2764796, 13.778786256621, 92.381126, NaN, 16.48, NaN, 1, 2447, 1, 0, 0, 0, 0, 0, 
435, 1, 892, 144, 16.484449926803, 191, 235, Accidental, 1, 1, 4, 13.2764796, 16.1932080707152, 92.381126, NaN, 16.48, NaN, 1, 751, 1, 0, 0, 0, 0, 0, 
436, 1, 990, 81, 16.484449926803, 191, 235, Lightning, 1, 1, 11, 13.2764796, 11.9555275892413, 92.381126, NaN, 16.48, NaN, 1, 4455, 1, 0, 0, 0, 0, 0, 
437, 1, 650, 495, 16.484449926803, 191, 0, Rx, 1, 5, 29, 13.2764796, 14.1762552809022, 92.381126, 0, 16.48, 1, 1, 10846, 5, 0, 0, 0, 0, 0, 
438, 1, 538, 559, 16.6454717767267, 192, 236, Accidental, 1, 1, 2, 12.4660188, 12.290959616283, 77.018328, NaN, 16.65, NaN, 1, 69, 1, 0, 0, 0, 0, 0, 
439, 1, 855, 103, 16.6454717767267, 192, 236, Accidental, 1, 2, 14, 12.4660188, 12.801777519851, 77.018328, 0, 16.65, 0.0831825540186777, 1, 3559, 2, 0, 0, 0, 0, 0, 
440, 1, 706, 80, 16.6454717767267, 192, 236, Accidental, 1, 1, 11, 12.4660188, 16.6652380039931, 77.018328, NaN, 16.65, NaN, 1, 5550, 1, 0, 0, 0, 0, 0, 
441, 1, 775, 29, 16.6454717767267, 192, 236, Accidental, 1, 1, 13, 12.4660188, 8.56126300414189, 77.018328, NaN, 16.65, NaN, 1, 6106, 1, 0, 0, 0, 0, 0, 
442, 1, 780, 443, 16.6454717767267, 192, 0, Rx, 1, 5, 36, 12.4660188, 12.0942629090078, 77.018328, 0, 16.65, 1, 1, 24335, 5, 0, 0, 0, 0, 0, 
443, 1, 245, 717, 19.3158252599791, 193, 246, Accidental, 1, 2, 12, 16.1340264, 15.9969548515735, 69.737849, 0, 19.32, 0.0882856215661885, 1, 2934, 2, 0, 0, 0, 0, 0, 
444, 1, 145, 1157, 19.3158252599791, 193, 246, Accidental, 1, 2, 12, 16.1340264, 17.1719403722732, 69.737849, 0, 19.32, 0.0784308893818484, 1, 4841, 2, 0, 0, 0, 0, 0, 
445, 1, 636, 766, 19.3158252599791, 193, 246, Accidental, 1, 2, 10, 16.1340264, 11.6083262858613, 69.737849, 0, 19.32, 0.0963045108623929, 1, 5766, 2, 0, 0, 0, 0, 0, 
446, 1, 385, 482, 19.3158252599791, 193, 246, Accidental, 1, 1, 2, 16.1340264, 24.7878470561766, 69.737849, NaN, 19.32, NaN, 1, 593, 1, 0, 0, 0, 0, 0, 
447, 1, 585, 892, 19.3158252599791, 193, 246, Lightning, 1, 3, 20, 16.1340264, 13.6088809727911, 69.737849, 0, 19.32, 0.0876084825967224, 1, 3481, 3, 0, 0, 0, 0, 0, 
448, 1, 657, 671, 19.3158252599791, 193, 0, Rx, 1, 5, 35, 16.1340264, 16.1762387325886, 69.737849, 0, 19.32, 1, 1, 9657, 5, 0, 0, 0, 0, 0, 
449, 1, 179, 969, 20.2037587395768, 194, 249, Accidental, 1, 2, 7, 17.0642556, 17.0604213464541, 55.367326, 0, 20.2, 0.0827763079590794, 1, 606, 2, 0, 0, 0, 0, 0, 
450, 1, 338, 555, 20.2037587395768, 194, 249, Accidental, 1, 1, 2, 17.0642556, 19.1122042360148, 55.367326, NaN, 20.2, NaN, 1, 548, 1, 0, 0, 0, 0, 0, 
451, 1, 488, 636, 20.2037587395768, 194, 249, Accidental, 1, 2, 6, 17.0642556, 19.1723551823653, 55.367326, 0, 20.2, 0.0750000549993848, 1, 246, 2, 0, 0, 0, 0, 0, 
452, 1, 575, 698, 20.2037587395768, 194, 249, Accidental, 1, 1, 3, 17.0642556, 15.333385214226, 55.367326, NaN, 20.2, NaN, 1, 747, 1, 0, 0, 0, 0, 0, 
453, 1, 896, 40, 20.2037587395768, 194, 249, Accidental, 1, 2, 16, 17.0642556, 17.3637588682604, 55.367326, 0, 20.2, 0.0821980221622261, 1, 5299, 2, 0, 0, 0, 0, 0, 
454, 1, 112, 1080, 20.2037587395768, 194, 249, Lightning, 1, 2, 13, 17.0642556, 18.269655002527, 55.367326, 0, 20.2, 0.084295696550412, 1, 1925, 2, 0, 0, 0, 0, 0, 
455, 1, 744, 475, 20.2037587395768, 194, 0, Rx, 1, 5, 28, 17.0642556, 17.1774732739103, 55.367326, 0, 20.2, 1, 1, 6449, 5, 0, 0, 0, 0, 0, 
456, 1, 438, 783, 20.1528296668882, 195, 249, Accidental, 1, 1, 2, 17.339598, 18.4750840114623, 56.634069, NaN, 20.15, NaN, 1, 172, 1, 0, 0, 0, 0, 0, 
457, 1, 294, 673, 20.1528296668882, 195, 249, Accidental, 1, 2, 9, 17.339598, 16.8101970437393, 56.634069, 0, 20.15, 0.0847774895087399, 1, 2267, 2, 0, 0, 0, 0, 0, 
458, 1, 897, 175, 20.1528296668882, 195, 249, Accidental, 1, 3, 17, 17.339598, 17.4618333967098, 56.634069, 0, 20.15, 0.0761996747344782, 1, 1380, 3, 0, 0, 0, 0, 0, 
459, 1, 388, 743, 20.1528296668882, 195, 249, Accidental, 1, 1, 3, 17.339598, 16.5213105553367, 56.634069, NaN, 20.15, NaN, 1, 900, 1, 0, 0, 0, 0, 0, 
460, 1, 566, 469, 20.1528296668882, 195, 249, Accidental, 1, 1, 6, 17.339598, 19.0135991501837, 56.634069, NaN, 20.15, NaN, 1, 1118, 1, 0, 0, 0, 0, 0, 
461, 1, 568, 154, 20.1528296668882, 195, 249, Lightning, 1, 3, 15, 17.339598, 18.871400322108, 56.634069, 0, 20.15, 0.0794947702268459, 1, 5292, 3, 0, 0, 0, 0, 0, 
462, 1, 747, 102, 20.1528296668882, 195, 0, Rx, 1, 5, 36, 17.339598, 15.4019734920744, 56.634069, 0, 20.15, 1, 1, 12883, 5, 0, 0, 0, 0, 0, 
463, 1, 607, 860, 18.2462106098853, 196, 242, Accidental, 1, 2, 9, 14.499342, 14.3891711138739, 54.85204, 0, 18.25, 0.0865028095500539, 1, 2538, 2, 0, 0, 0, 0, 0, 
464, 1, 48, 1103, 18.2462106098853, 196, 242, Accidental, 1, 1, 2, 14.499342, 14.0277310157865, 54.85204, NaN, 18.25, NaN, 1, 2137, 1, 0, 0, 0, 0, 0, 
465, 1, 466, 674, 18.2462106098853, 196, 242, Accidental, 1, 3, 21, 14.499342, 17.8308653062096, 54.85204, 0, 18.25, 0.0779358025842853, 1, 12981, 3, 0, 0, 0, 0, 0, 
466, 1, 410, 827, 18.2462106098853, 196, 242, Accidental, 1, 2, 10, 14.499342, 18.5246002133775, 54.85204, 0, 18.25, 0.0762781194099021, 1, 1667, 2, 0, 0, 0, 0, 0, 
467, 1, 333, 628, 18.2462106098853, 196, 0, Rx, 1, 5, 43, 14.499342, 18.7413711955698, 54.85204, 0, 18.25, 1, 1, 7181, 5, 0, 0, 0, 0, 0, 
468, 1, 803, 168, 21.0075861456915, 197, 252, Accidental, 1, 3, 22, 18.1213272, 16.8520305486535, 45.454523, 0, 21.01, 0.0853443510760037, 1, 7393, 3, 0, 0, 0, 0, 0, 
469, 1, 185, 973, 21.0075861456915, 197, 252, Accidental, 1, 2, 14, 18.1213272, 19.7461014120705, 45.454523, 0, 21.01, 0.0804661845178259, 1, 3511, 2, 0, 0, 0, 0, 0, 
470, 1, 205, 1145, 21.0075861456915, 197, 252, Accidental, 1, 2, 8, 18.1213272, 16.3154403814735, 45.454523, 0, 21.01, 0.0847462656016143, 1, 3080, 2, 0, 0, 0, 0, 0, 
471, 1, 281, 901, 21.0075861456915, 197, 252, Accidental, 1, 1, 11, 18.1213272, 13.9486554039775, 45.454523, NaN, 21.01, NaN, 1, 2162, 1, 0, 0, 0, 0, 0, 
472, 1, 623, 545, 21.0075861456915, 197, 252, Lightning, 1, 3, 21, 18.1213272, 17.0251367235859, 45.454523, 0, 21.01, 0.0815302435695644, 1, 7398, 3, 0, 0, 0, 0, 0, 
473, 1, 285, 1098, 21.0075861456915, 197, 0, Rx, 1, 5, 48, 18.1213272, 17.2750495094571, 45.454523, 0, 21.01, 1, 1, 13148, 5, 0, 0, 0, 0, 0, 
474, 1, 769, 177, 15.0019907533854, 198, 229, Accidental, 1, 1, 10, 9.749574, 7.4880325276343, 76.535944, NaN, 15, NaN, 1, 8049, 1, 0, 0, 0, 0, 0, 
475, 1, 929, 112, 15.0019907533854, 198, 229, Accidental, 1, 1, 8, 9.749574, 9.06969939870754, 76.535944, NaN, 15, NaN, 1, 2298, 1, 0, 0, 0, 0, 0, 
476, 1, 125, 1130, 15.0019907533854, 198, 229, Accidental, 1, 2, 6, 9.749574, 12.4221433460969, 76.535944, 0, 15, 0.089183928493583, 1, 1212, 2, 0, 0, 0, 0, 0, 
477, 1, 711, 105, 15.0019907533854, 198, 229, Accidental, 1, 4, 38, 9.749574, 7.43707010321198, 76.535944, 0, 15, 0.0942760456903708, 1, 4501, 4, 0, 0, 0, 0, 0, 
478, 1, 253, 802, 15.0019907533854, 198, 229, Accidental, 1, 2, 11, 9.749574, 8.3096080823994, 76.535944, 0, 15, 0.0886404737899998, 1, 4176, 2, 0, 0, 0, 0, 0, 
479, 1, 834, 182, 15.0019907533854, 198, 0, Rx, 1, 5, 37, 9.749574, 11.3065061357271, 76.535944, 0, 15, 1, 1, 5541, 5, 0, 0, 0, 0, 0, 
480, 1, 768, 171, 12.5035330683046, 199, 220, Accidental, 1, 3, 23, 4.8602808, 7.16212637958754, 115.87679, 0, 12.5, 0.0883525690432647, 1, 12602, 3, 0, 0, 0, 0, 0, 
481, 1, 750, 192, 12.5035330683046, 199, 220, Accidental, 1, 2, 12, 4.8602808, 5.28646445039627, 115.87679, 0, 12.5, 0.0915448578623995, 1, 3797, 2, 0, 0, 0, 0, 0, 
482, 1, 748, 512, 12.5035330683046, 199, 220, Accidental, 1, 1, 2, 4.8602808, 6.37587391395839, 115.87679, NaN, 12.5, NaN, 1, 141, 1, 0, 0, 0, 0, 0, 
483, 1, 288, 1030, 12.5035330683046, 199, 220, Accidental, 1, 1, 8, 4.8602808, 2.64409453974634, 115.87679, NaN, 12.5, NaN, 1, 2623, 1, 0, 0, 0, 0, 0, 
484, 1, 724, 235, 12.5035330683046, 199, 220, Accidental, 1, 2, 20, 4.8602808, 5.49215304326408, 115.87679, 0, 12.5, 0.0907910825415641, 1, 2431, 2, 0, 0, 0, 0, 0, 
485, 1, 415, 1109, 13.535911005465, 200, 224, Accidental, 1, 6, 35, 6.5930076, 10.0757526401288, 16.066012, 0, 13.54, 0.0817724402793343, 1, 8572, 6, 0, 0, 0, 0, 0, 
486, 1, 219, 1055, 13.535911005465, 200, 224, Accidental, 1, 1, 6, 6.5930076, 5.10633326930069, 16.066012, NaN, 13.54, NaN, 1, 2203, 1, 0, 0, 0, 0, 0, 
487, 1, 518, 351, 13.535911005465, 200, 224, Accidental, 1, 1, 6, 6.5930076, 9.53345637776618, 16.066012, NaN, 13.54, NaN, 1, 837, 1, 0, 0, 0, 0, 0, 
488, 1, 759, 516, 13.535911005465, 200, 224, Accidental, 1, 1, 9, 6.5930076, 8.13837400397522, 16.066012, NaN, 13.54, NaN, 1, 5633, 1, 0, 0, 0, 0, 0, 
489, 1, 647, 102, 13.535911005465, 200, 224, Accidental, 1, 2, 5, 6.5930076, 8.53778189355902, 16.066012, 0, 13.54, 0.0761593872757232, 1, 1492, 2, 0, 0, 0, 0, 0, 
490, 1, 347, 486, 14.3128921354191, 201, 227, Accidental, 1, 4, 17, 7.7668488, 8.94695874124838, 22.582376, 0, 14.31, 0.0875192106598411, 1, 8257, 4, 0, 0, 0, 0, 0, 
491, 1, 494, 776, 14.3128921354191, 201, 227, Accidental, 1, 3, 9, 7.7668488, 8.05376047175403, 22.582376, 0, 14.31, 0.0894155172027315, 1, 1161, 3, 0, 0, 0, 0, 0, 
492, 1, 458, 1043, 14.3128921354191, 201, 227, Accidental, 1, 1, 9, 7.7668488, 10.4589563053427, 22.582376, NaN, 14.31, NaN, 1, 2649, 1, 0, 0, 0, 0, 0, 
493, 1, 845, 183, 14.3128921354191, 201, 227, Accidental, 1, 2, 14, 7.7668488, 10.330277975479, 22.582376, 0, 14.31, 0.0850017760325406, 1, 5934, 2, 0, 0, 0, 0, 0, 
494, 1, 130, 1150, 14.3128921354191, 201, 227, Accidental, 1, 2, 4, 7.7668488, 8.11026540014617, 22.582376, 0, 14.31, 0.0906924639470701, 1, 278, 2, 0, 0, 0, 0, 0, 
495, 1, 9, 1086, 16.8085154994852, 202, 236, Accidental, 1, 1, 6, 11.7251172, 14.5141410462815, 11.415772, NaN, 16.81, NaN, 1, 2113, 1, 0, 0, 0, 0, 0, 
496, 1, 677, 626, 16.8085154994852, 202, 236, Accidental, 1, 3, 12, 11.7251172, 10.5757519835003, 11.415772, 0, 16.81, 0.087133635799943, 1, 686, 3, 0, 0, 0, 0, 0, 
497, 1, 1037, 30, 16.8085154994852, 202, 236, Accidental, 1, 2, 20, 11.7251172, 11.3397946450293, 11.415772, 0, 16.81, 0.0875472646261852, 1, 2588, 2, 0, 0, 0, 0, 0, 
498, 1, 763, 244, 16.8085154994852, 202, 236, Accidental, 1, 1, 3, 11.7251172, 8.94488207052042, 11.415772, NaN, 16.81, NaN, 1, 679, 1, 0, 0, 0, 0, 0, 
499, 1, 458, 362, 16.8085154994852, 202, 236, Lightning, 1, 2, 13, 11.7251172, 13.0150767541893, 11.415772, 0, 16.81, 0.0840037003072208, 1, 4845, 2, 0, 0, 0, 0, 0, 
500, 1, 155, 993, 16.8085154994852, 202, 0, Rx, 1, 5, 31, 11.7251172, 14.7029206064076, 11.415772, 0, 16.81, 1, 1, 6313, 5, 0, 0, 0, 0, 0, 
501, 1, 709, 344, 16.9591323115913, 203, 237, Accidental, 1, 3, 30, 12.557106, 16.6918175590906, 36.418459, 0, 16.96, 0.0775237913488272, 1, 13508, 3, 0, 0, 0, 0, 0, 
502, 1, 410, 368, 16.9591323115913, 203, 237, Accidental, 1, 3, 17, 12.557106, 17.125988231739, 36.418459, 0, 16.96, 0.0726581578437579, 1, 10516, 3, 0, 0, 0, 0, 0, 
503, 1, 355, 539, 16.9591323115913, 203, 237, Accidental, 1, 4, 22, 12.557106, 13.5674339441955, 36.418459, 0, 16.96, 0.0832786565502682, 1, 4712, 4, 0, 0, 0, 0, 0, 
504, 1, 642, 394, 16.9591323115913, 203, 237, Accidental, 1, 1, 9, 12.557106, 10.6741759781023, 36.418459, NaN, 16.96, NaN, 1, 2118, 1, 0, 0, 0, 0, 0, 
505, 1, 698, 467, 16.9591323115913, 203, 237, Accidental, 1, 5, 44, 12.557106, 12.6727409584403, 36.418459, 0, 16.96, 0.0861571857992773, 1, 10817, 5, 0, 0, 0, 0, 0, 
506, 1, 615, 185, 16.9591323115913, 203, 237, Lightning, 1, 1, 5, 12.557106, 10.9609859084603, 36.418459, NaN, 16.96, NaN, 1, 1756, 1, 0, 0, 0, 0, 0, 
507, 1, 226, 909, 16.9591323115913, 203, 0, Rx, 1, 5, 36, 12.557106, 12.1926976715925, 36.418459, 0, 16.96, 1, 1, 8304, 5, 0, 0, 0, 0, 0, 
508, 1, 712, 585, 15.5845468985076, 204, 232, Accidental, 1, 1, 6, 10.3417092, 6.85810401384352, 50.003166, NaN, 15.58, NaN, 1, 2541, 1, 0, 0, 0, 0, 0, 
509, 1, 711, 234, 15.5845468985076, 204, 232, Accidental, 1, 1, 8, 10.3417092, 11.6695643001541, 50.003166, NaN, 15.58, NaN, 1, 1769, 1, 0, 0, 0, 0, 0, 
510, 1, 500, 846, 15.5845468985076, 204, 232, Accidental, 1, 1, 6, 10.3417092, 13.9864938613759, 50.003166, NaN, 15.58, NaN, 1, 3802, 1, 0, 0, 0, 0, 0, 
511, 1, 379, 764, 15.5845468985076, 204, 232, Accidental, 1, 1, 2, 10.3417092, 7.22710693765682, 50.003166, NaN, 15.58, NaN, 1, 79, 1, 0, 0, 0, 0, 0, 
512, 1, 689, 301, 15.5845468985076, 204, 232, Accidental, 1, 1, 1, 10.3417092, 10.5206426425433, 50.003166, NaN, 15.58, NaN, 1, 127, 1, 0, 0, 0, 0, 0, 
513, 1, 677, 179, 15.5845468985076, 204, 232, Lightning, 1, 1, 8, 10.3417092, 8.63348401870837, 50.003166, NaN, 15.58, NaN, 1, 2900, 1, 0, 0, 0, 0, 0, 
514, 1, 270, 801, 15.5845468985076, 204, 0, Rx, 1, 5, 31, 10.3417092, 11.2438054042427, 50.003166, 0, 15.58, 1, 1, 12517, 5, 0, 0, 0, 0, 0, 
515, 1, 475, 1081, 15.2551222263559, 205, 230, Accidental, 1, 2, 9, 9.5599836, 8.9447753020009, 93.474728, 0, 15.26, 0.0891693153145714, 1, 1686, 2, 0, 0, 0, 0, 0, 
516, 1, 434, 924, 15.2551222263559, 205, 230, Accidental, 1, 3, 13, 9.5599836, 9.1523825559437, 93.474728, 0, 15.26, 0.0892548874479652, 1, 5099, 3, 0, 0, 0, 0, 0, 
517, 1, 410, 340, 15.2551222263559, 205, 230, Accidental, 1, 1, 13, 9.5599836, 12.0783750535656, 93.474728, NaN, 15.26, NaN, 1, 6141, 1, 0, 0, 0, 0, 0, 
518, 1, 543, 457, 15.2551222263559, 205, 230, Accidental, 1, 2, 21, 9.5599836, 11.0128774712561, 93.474728, 0, 15.26, 0.083935759689054, 1, 6622, 2, 0, 0, 0, 0, 0, 
519, 1, 424, 474, 15.2551222263559, 205, 230, Accidental, 1, 1, 3, 9.5599836, 10.4371762286202, 93.474728, NaN, 15.26, NaN, 1, 9840, 1, 0, 0, 0, 0, 0, 
520, 1, 72, 1279, 15.2551222263559, 205, 230, Lightning, 1, 1, 6, 9.5599836, 5.83305945096412, 93.474728, NaN, 15.26, NaN, 1, 2890, 1, 0, 0, 0, 0, 0, 
521, 1, 601, 690, 15.2551222263559, 205, 0, Rx, 1, 5, 34, 9.5599836, 12.5746446142827, 93.474728, 0, 15.26, 1, 1, 13571, 5, 0, 0, 0, 0, 0, 
522, 1, 175, 990, 18.9676101294051, 206, 244, Accidental, 1, 1, 1, 15.1266312, 14.375610844397, 83.103686, NaN, 18.97, NaN, 1, 20, 1, 0, 0, 0, 0, 0, 
523, 1, 818, 252, 18.9676101294051, 206, 244, Accidental, 1, 2, 17, 15.1266312, 16.5811015594668, 83.103686, 0, 18.97, 0.0852977237074321, 1, 7488, 2, 0, 0, 0, 0, 0, 
524, 1, 544, 839, 18.9676101294051, 206, 244, Accidental, 1, 1, 4, 15.1266312, 14.7242017451008, 83.103686, NaN, 18.97, NaN, 1, 256, 1, 0, 0, 0, 0, 0, 
525, 1, 416, 553, 18.9676101294051, 206, 244, Accidental, 1, 1, 5, 15.1266312, 17.9784941943778, 83.103686, NaN, 18.97, NaN, 1, 2199, 1, 0, 0, 0, 0, 0, 
526, 1, 573, 672, 18.9676101294051, 206, 0, Rx, 1, 5, 26, 15.1266312, 11.2719680951069, 83.103686, 0, 18.97, 1, 1, 10763, 5, 0, 0, 0, 0, 0, 
527, 1, 433, 395, 20.3602119240605, 207, 250, Accidental, 1, 1, 6, 16.8865704, 15.4078194601146, 81.521354, NaN, 20.36, NaN, 1, 4082, 1, 0, 0, 0, 0, 0, 
528, 1, 744, 329, 20.3602119240605, 207, 250, Accidental, 1, 1, 8, 16.8865704, 19.3708657099339, 81.521354, NaN, 20.36, NaN, 1, 2359, 1, 0, 0, 0, 0, 0, 
529, 1, 574, 126, 20.3602119240605, 207, 250, Accidental, 1, 2, 15, 16.8865704, 15.1955777622102, 81.521354, 0, 20.36, 0.0841293114031476, 1, 5168, 2, 0, 0, 0, 0, 0, 
530, 1, 841, 96, 20.3602119240605, 207, 250, Accidental, 1, 2, 8, 16.8865704, 15.8722939913777, 81.521354, 0, 20.36, 0.0821060189845308, 1, 840, 2, 0, 0, 0, 0, 0, 
531, 1, 709, 326, 20.3602119240605, 207, 250, Accidental, 1, 2, 11, 16.8865704, 15.2435516319511, 81.521354, 0, 20.36, 0.0874559336105832, 1, 2202, 2, 0, 0, 0, 0, 0, 
532, 1, 654, 508, 20.3602119240605, 207, 250, Lightning, 1, 1, 12, 16.8865704, 17.8998838587934, 81.521354, NaN, 20.36, NaN, 1, 3278, 1, 0, 0, 0, 0, 0, 
533, 1, 589, 167, 20.3602119240605, 207, 0, Rx, 1, 5, 40, 16.8865704, 14.7850023544186, 81.521354, 0, 20.36, 1, 1, 6059, 5, 0, 0, 0, 0, 0, 
534, 1, 607, 180, 15.9291277694373, 208, 233, Accidental, 1, 2, 13, 10.0728864, 9.90286187848429, 131.529926, 0, 15.93, 0.0870742442089143, 1, 2419, 2, 0, 0, 0, 0, 0, 
535, 1, 707, 115, 15.9291277694373, 208, 233, Accidental, 1, 1, 10, 10.0728864, 9.4353939092626, 131.529926, NaN, 15.93, NaN, 1, 4374, 1, 0, 0, 0, 0, 0, 
536, 1, 289, 931, 15.9291277694373, 208, 233, Accidental, 1, 1, 2, 10.0728864, 10.2616432045311, 131.529926, NaN, 15.93, NaN, 1, 74, 1, 0, 0, 0, 0, 0, 
537, 1, 348, 762, 15.9291277694373, 208, 233, Accidental, 1, 3, 9, 10.0728864, 10.6779767532919, 131.529926, 0, 15.93, 0.0857884470332637, 1, 637, 3, 0, 0, 0, 0, 0, 
538, 1, 306, 1172, 15.9291277694373, 208, 233, Accidental, 1, 1, 7, 10.0728864, 8.95119186068771, 131.529926, NaN, 15.93, NaN, 1, 2957, 1, 0, 0, 0, 0, 0, 
539, 1, 702, 330, 15.9291277694373, 208, 0, Rx, 1, 5, 15, 10.0728864, 9.00400167960152, 131.529926, 0, 15.93, 1, 1, 2585, 5, 0, 0, 0, 0, 0, 
540, 1, 500, 398, 14.4180282455965, 209, 227, Accidental, 1, 1, 6, 7.2574524, 8.60539601949871, 115.221554, NaN, 14.42, NaN, 1, 2890, 1, 0, 0, 0, 0, 0, 
541, 1, 664, 663, 14.4180282455965, 209, 227, Accidental, 1, 1, 8, 7.2574524, 3.52817596437588, 115.221554, NaN, 14.42, NaN, 1, 4089, 1, 0, 0, 0, 0, 0, 
542, 1, 461, 511, 14.4180282455965, 209, 227, Accidental, 1, 2, 17, 7.2574524, 2.81031445990636, 115.221554, 0, 14.42, 0.0969881853651337, 1, 9428, 2, 0, 0, 0, 0, 0, 
543, 1, 698, 135, 14.4180282455965, 209, 227, Accidental, 1, 2, 12, 7.2574524, 7.93770349185853, 115.221554, 0, 14.42, 0.0892413716080787, 1, 3685, 2, 0, 0, 0, 0, 0, 
544, 1, 843, 62, 14.4180282455965, 209, 227, Accidental, 1, 2, 12, 7.2574524, 7.92137145687158, 115.221554, 0, 14.42, 0.0878322584137208, 1, 659, 2, 0, 0, 0, 0, 0, 
545, 1, 671, 488, 14.4180282455965, 209, 227, Lightning, 1, 1, 7, 7.2574524, 6.01033326462439, 115.221554, NaN, 14.42, NaN, 1, 1186, 1, 0, 0, 0, 0, 0, 
