EventID,SimulationYear,InitRow,InitColumn,InitialFireWeatherIndex,InitialDayOfYear,MaximumSpreadArea,IgnitionType,NumberOfDays,TotalSitesBurned,CohortsKilled,AvailableCohorts,MeanWindSpeed,MeanEffectiveWindSpeed,MeanWindDirection,MeanSuppressionEffectiveness,MeanFWI,MeanSpreadProbability,MeanDNBR,MeanSeverity,TotalBiomassMortality,NumberCellsSeverity1,NumberCellsSeverity2,NumberCellsSeverity3,NumberCellsSeverity4,NumberCellsSeverity5,
1, 1, 967, 88, 6.59530012450762, 49, 147, Accidental, 1, 10, 40, 152, 15.1219476, 15.640616674051, 345.24673, 0, 6.6, 0.299347597869487, 93.9, 0, 14390, 10, 0, 0, 0, 0, 
2, 1, 791, 174, 12.4391732356837, 78, 219, Accidental, 1, 34, 248, 682, 13.7810655529412, 15.1010756316612, 243.807680029412, 0, 12.56, 0.310379991943874, 97.09, 0, 105803, 34, 0, 0, 0, 0, 
3, 1, 738, 132, 25.5337891856288, 113, 285, Lightning, 7, 332, 2322, 5529, 19.0247968518072, 18.9992565433774, 69.803584183735, 0, 21.28, 0.327907738365005, 150.17, 0, 1053418, 279, 38, 5, 5, 5, 
4, 1, 687, 450, 18.2662146863928, 178, 292, Accidental, 1, 33, 196, 657, 11.7881149090909, 13.3267662135, 99.4324987272728, 0, 19.09, 0.3231222089706, 89.45, 0, 112343, 33, 0, 0, 0, 0, 
5, 1, 734, 260, 22.2532564156192, 178, 402, Lightning, 2, 77, 360, 1107, 13.2602677714286, 13.3409575368025, 97.0133614285714, 0, 23.64, 0.331923435265494, 81.27, 0, 126411, 77, 0, 0, 0, 0, 
6, 1, 732, 102, 20.7473575442812, 207, 276, Accidental, 3, 102, 741, 2100, 13.2421809176471, 13.9922421643333, 94.9286078823529, 0, 18.83, 0.323089526113342, 96.49, 0, 335075, 102, 0, 0, 0, 0, 
7, 1, 786, 353, 14.355028561892, 219, 243, Accidental, 1, 10, 63, 210, 7.311492, 7.24652753729953, 238.995121, 0, 14.36, 0.314045148559019, 71.2, 0, 32644, 10, 0, 0, 0, 0, 
8, 1, 748, 156, 15.1166525683619, 360, 178, Accidental, 2, 64, 530, 1235, 19.8690375375, 21.1074922183004, 157.754947828125, 0, 12.96, 0.312056319165102, 141.09, 0, 207923, 54, 9, 0, 1, 0, 
9, 1, 1002, 46, 15.9722305277613, 362, 292, Accidental, 2, 89, 655, 1615, 22.491208516854, 22.629128410692, 96.9747352921349, 0, 17.14, 0.319139391611234, 134.3, 0, 190217, 89, 0, 0, 0, 0, 
10, 2, 697, 240, 3.48059144004582, 10, 106, Accidental, 2, 29, 418, 426, 19.8804442344828, 19.6413583356899, 228.632610896552, 0, 3.44, 0.293501515801886, 1708.28, 0, 163362, 2, 0, 0, 1, 26, 
11, 2, 955, 131, 6.34508767866263, 57, 154, Accidental, 2, 33, 699, 744, 14.3054506909091, 13.3098692131123, 77.9684705454545, 0, 6.59, 0.299163286024334, 783.82, 0, 254331, 0, 4, 4, 4, 21, 
12, 2, 948, 86, 14.3285317112872, 99, 243, Accidental, 1, 7, 132, 132, 18.7314768, 18.1363986423563, 240.688199, 0, 14.33, 0.313994298463728, 2000, 0, 34746, 0, 0, 0, 0, 7, 
13, 2, 989, 60, 13.0821704475135, 120, 245, Accidental, 2, 48, 938, 970, 15.469900725, 14.8793025320674, 126.192020708333, 0, 13.41, 0.312016050488295, 874.42, 0, 376880, 1, 1, 2, 3, 41, 
14, 2, 681, 74, 14.79882606288, 164, 249, Accidental, 1, 38, 455, 687, 8.5363164, 11.7907304654985, 60.491376, 0, 14.8, 0.314897503117727, 406.66, 0, 210774, 14, 15, 5, 0, 4, 
15, 2, 711, 66, 13.9893075075482, 213, 295, Accidental, 3, 81, 949, 1557, 9.32721773333333, 12.8559233468409, 105.795026432099, 0, 15.16, 0.315271047305159, 466.07, 0, 566224, 43, 15, 5, 5, 13, 
16, 2, 866, 138, 14.2729928824097, 229, 259, Accidental, 1, 15, 332, 376, 10.2116844, 14.3949485912877, 117.864891066667, 0, 14.64, 0.314264466699854, 662.13, 0, 140717, 0, 4, 3, 2, 6, 
17, 2, 763, 452, 21.2948070055759, 312, 330, Lightning, 1, 17, 326, 345, 17.253126, 18.2608391076772, 38.058382, 0, 21.29, 0.327514424369571, 1329.53, 0, 143474, 0, 1, 1, 2, 13, 
18, 2, 715, 344, 22.7031621877991, 313, 348, Lightning, 2, 101, 1898, 2043, 18.6000811841584, 19.2099433901159, 135.638391089109, 0, 22.71, 0.330319043600599, 1217.56, 0, 1097088, 3, 10, 11, 9, 68, 
19, 2, 860, 192, 10.5063458583554, 339, 195, Accidental, 1, 4, 43, 76, 10.7978364, 7.46320331476524, 48.901631, 0, 10.51, 0.306706330200732, 199.75, 0, 14580, 2, 2, 0, 0, 0, 
20, 2, 981, 52, 17.1659319375295, 357, 278, Accidental, 1, 23, 413, 423, 18.054972, 18.0756483132231, 291.508935, 0, 17.17, 0.31946474335515, 1295.57, 0, 154353, 1, 0, 0, 2, 20, 
21, 3, 685, 573, 6.13123118420088, 56, 141, Accidental, 1, 2, 40, 40, 25.021728, 24.230342446657, 352.350567, 0, 6.13, 0.298481176599321, 2000, 0, 35037, 0, 0, 0, 0, 2, 
22, 3, 976, 115, 16.4296044635451, 221, 269, Accidental, 1, 39, 392, 635, 8.519274, 8.50755267918167, 344.382454, 0, 16.43, 0.318040258149591, 223.54, 0, 101456, 19, 15, 4, 0, 1, 
23, 3, 691, 487, 17.8395739449523, 251, 287, Accidental, 1, 39, 507, 712, 11.7711756, 12.4936704305136, 78.888473, 0, 17.84, 0.320770917805597, 394.08, 0, 210546, 8, 19, 3, 1, 8, 
24, 3, 694, 142, 16.7666563758465, 265, 273, Accidental, 1, 10, 87, 134, 9.7752168, 9.93863084231045, 311.941338, 0, 16.77, 0.318691891976757, 234.5, 0, 43111, 3, 6, 1, 0, 0, 
25, 3, 784, 164, 13.4295463513496, 283, 232, Accidental, 1, 32, 403, 739, 7.4273436, 7.21055270113702, 331.617847, 0, 13.43, 0.312271707173086, 246.63, 0, 170018, 25, 4, 1, 0, 2, 
26, 3, 782, 503, 24.7909322396282, 284, 373, Accidental, 1, 27, 508, 511, 21.1386204, 21.3136603529924, 338.38923, 0, 24.79, 0.334411000633153, 1793.59, 0, 284397, 0, 0, 1, 0, 26, 
27, 3, 772, 512, 12.018174308782, 290, 214, Accidental, 1, 1, 13, 29, 7.74423, 5.48010301273986, 118.066591, NaN, 12.02, NaN, 170, 0, 9741, 1, 0, 0, 0, 0, 
28, 3, 986, 112, 14.1609410443326, 293, 241, Lightning, 1, 3, 40, 60, 9.6808248, 8.51472748723325, 147.699551, 0, 14.16, 0.313672778754753, 237.33, 0, 10561, 1, 1, 1, 0, 0, 
29, 3, 798, 173, 11.2292172328238, 325, 204, Accidental, 1, 15, 282, 322, 12.5348316, 14.7926904206497, 148.383452666667, 0, 11.1, 0.30794355474663, 700.6, 0, 92512, 0, 2, 5, 2, 6, 
30, 4, 739, 151, 3.75294100577184, 11, 90, Accidental, 4, 56, 702, 1020, 14.3498183785714, 14.5369238952121, 229.790832607143, 0, 2.89, 0.292609905576441, 534.86, 0, 323964, 20, 15, 8, 2, 11, 
31, 4, 696, 383, 10.1877163996779, 95, 191, Accidental, 1, 7, 152, 152, 27.297738, 30.3233042032645, 106.355509, 0, 10.19, 0.306103053799649, 2000, 0, 78894, 0, 0, 0, 0, 7, 
32, 4, 828, 105, 14.6450980114495, 115, 256, Accidental, 2, 64, 1059, 1293, 13.955217075, 14.1090864462514, 57.8390035625, 0, 15.02, 0.31513959218626, 493.47, 0, 386603, 6, 21, 18, 6, 13, 
33, 4, 993, 103, 10.5139219925235, 117, 195, Accidental, 1, 2, 24, 41, 6.9353496, 7.85019923133456, 49.817753, 0, 10.51, 0.306720682525608, 196.5, 0, 4159, 2, 0, 0, 0, 0, 
34, 4, 1007, 2, 14.8976633355865, 229, 250, Accidental, 1, 6, 65, 111, 6.5760228, 7.91274797352346, 16.393053, 0, 14.9, 0.315087499461191, 189.33, 0, 19095, 3, 3, 0, 0, 0, 
35, 4, 831, 123, 22.8082331076031, 265, 349, Lightning, 1, 8, 166, 172, 15.1749612, 15.951972347281, 338.45658, 0, 22.81, 0.330490940083378, 590.88, 0, 50975, 0, 0, 0, 3, 5, 
36, 4, 950, 36, 16.0920709551903, 284, 265, Accidental, 1, 1, 9, 16, 9.051174, 8.12324891594248, 278.889391, NaN, 16.09, NaN, 118, 0, 3782, 1, 0, 0, 0, 0, 
37, 4, 758, 281, 17.4353210567212, 324, 291, Accidental, 2, 83, 892, 1510, 11.6873450024097, 11.2144432385575, 228.81507273494, 0, 17.81, 0.320636082905882, 261.55, 0, 433055, 46, 25, 5, 2, 5, 
38, 4, 883, 148, 17.1247092348779, 332, 268, Accidental, 1, 9, 174, 226, 10.1199188, 15.1817284037917, 115.390907, 0, 16.76, 0.318597279199385, 505.44, 0, 63432, 1, 2, 3, 1, 2, 
39, 4, 879, 153, 17.530735471284, 341, 283, Accidental, 1, 1, 27, 27, 14.0375556, 16.8277446717734, 81.338982, NaN, 17.53, NaN, 821, 0, 12152, 0, 0, 0, 0, 1, 
40, 4, 876, 108, 18.4391283205986, 359, 280, Accidental, 2, 54, 695, 1038, 12.161752, 12.386274018192, 286.628857333333, 0, 18.31, 0.321768653119945, 338.81, 0, 230412, 16, 27, 6, 1, 4, 
41, 5, 714, 47, 6.88992452172788, 79, 162, Accidental, 1, 15, 262, 348, 13.38634416, 12.5996039103956, 223.8407538, 0, 7.58, 0.301034078281067, 734.67, 0, 152587, 3, 3, 4, 1, 4, 
42, 5, 713, 59, 16.223427970405, 137, 267, Accidental, 1, 2, 31, 31, 15.0814368, 28.7794220994635, 35.159508, 0, 16.22, 0.317642000899233, 1175.5, 0, 44157, 0, 0, 1, 0, 1, 
43, 5, 966, 38, 19.6219368622671, 157, 309, Accidental, 1, 6, 75, 99, 10.2523932, 9.47355613542862, 45.599845, 0, 19.62, 0.324240402415782, 195.17, 0, 16631, 3, 3, 0, 0, 0, 
44, 5, 751, 448, 13.9464773186789, 201, 246, Lightning, 3, 80, 803, 1791, 4.71948475500001, 4.99906971016016, 336.0758762125, 0, 14.21, 0.313728003850693, 128.93, 0, 314360, 79, 1, 0, 0, 0, 
45, 5, 943, 89, 19.3894828213058, 205, 306, Lightning, 1, 30, 378, 750, 5.3473788, 5.40014758275633, 96.4374090000001, 0, 19.39, 0.323786808513256, 146.5, 0, 77811, 30, 0, 0, 0, 0, 
46, 5, 732, 159, 20.9911104605074, 232, 326, Accidental, 1, 4, 36, 72, 10.1371104, 8.83831824125171, 58.526683, 0, 20.99, 0.326918790588743, 186.25, 0, 15729, 2, 2, 0, 0, 0, 
47, 5, 884, 71, 26.2319241810129, 234, 391, Accidental, 1, 1, 24, 28, 14.0438448, 14.7341461203008, 244.522162, NaN, 26.23, NaN, 441, 0, 7565, 0, 0, 0, 1, 0, 
48, 5, 743, 339, 20.7337880901569, 316, 323, Accidental, 1, 14, 231, 296, 12.1642812, 16.4232483025585, 44.051379, 0, 20.73, 0.326414545851406, 669.14, 0, 166480, 5, 2, 1, 1, 5, 
49, 6, 758, 249, 6.57932985270283, 23, 146, Accidental, 1, 19, 506, 506, 26.5131324, 27.582593443972, 338.623017, 0, 6.58, 0.299317757289476, 1963.58, 0, 284605, 0, 0, 0, 0, 19, 
50, 6, 728, 371, 4.56872866332636, 54, 121, Accidental, 1, 12, 182, 251, 9.4625964, 15.4565489269994, 275.792551, 0, 4.57, 0.295574595885147, 835, 0, 131836, 4, 1, 2, 1, 4, 
51, 6, 906, 41, 4.21201413899316, 58, 168, Accidental, 2, 31, 523, 622, 15.7871544387097, 15.9711674406827, 21.4093416129032, 0, 5.79, 0.296944742633453, 831.03, 0, 165013, 4, 8, 4, 1, 14, 
52, 6, 779, 158, 11.9857965874978, 181, 225, Accidental, 1, 36, 676, 847, 12.1542436, 16.084983151954, 123.705783944444, 0, 12.81, 0.311044656097399, 843.14, 0, 446403, 5, 9, 4, 4, 14, 
53, 6, 784, 219, 11.1874216164783, 214, 204, Accidental, 1, 11, 92, 193, 5.0062032, 6.62416083341409, 114.959253, 0, 11.19, 0.307998062986177, 130.91, 0, 53756, 11, 0, 0, 0, 0, 
54, 6, 806, 78, 20.0357815029074, 227, 314, Accidental, 1, 42, 851, 1021, 12.741084, 12.7309154628211, 74.795052, 0, 20.04, 0.325048765877556, 565.9, 0, 322133, 4, 11, 13, 5, 9, 
55, 6, 903, 83, 22.1577557852903, 233, 341, Lightning, 1, 15, 322, 372, 14.4666432, 14.4224689681005, 357.914318, 0, 22.16, 0.329209938949959, 428.27, 0, 99596, 1, 4, 2, 3, 5, 
56, 6, 721, 438, 8.40043952430935, 299, 119, Accidental, 2, 34, 599, 702, 20.2418764941177, 21.2070240743284, 148.285249294118, 0, 7.69, 0.301819129635705, 1124.56, 0, 356714, 5, 5, 5, 0, 19, 
57, 6, 966, 108, 16.6748749828447, 354, 272, Accidental, 1, 5, 124, 124, 17.45748, 17.468514297793, 306.682192, 0, 16.67, 0.318514377502247, 1593.6, 0, 41508, 0, 0, 0, 0, 5, 
58, 7, 720, 281, 4.60459870556324, 20, 101, Accidental, 2, 36, 535, 549, 24.562136, 26.3784387932826, 106.138641777778, 0, 3.87, 0.294769335583063, 1730.97, 0, 325100, 0, 0, 4, 1, 31, 
59, 7, 765, 245, 1.97707481672936, 61, 89, Accidental, 1, 1, 16, 33, 8.1601128, 10.77914025599, 314.58851, NaN, 1.98, NaN, 218, 0, 3291, 0, 1, 0, 0, 0, 
60, 7, 779, 386, 12.8501687513732, 80, 225, Accidental, 1, 22, 553, 553, 24.9425388, 22.790421968372, 98.231295, 0, 12.85, 0.311164271266431, 1845.45, 0, 290789, 0, 0, 0, 0, 22, 
61, 7, 746, 101, 21.710436558803, 147, 252, Lightning, 2, 72, 1683, 1769, 19.8927088, 20.4370251978796, 46.0495463611111, 0, 21.19, 0.327926491992305, 1465.03, 0, 937821, 3, 3, 6, 0, 60, 
62, 7, 774, 58, 16.5305893051871, 177, 270, Accidental, 1, 4, 20, 58, 11.9194452, 10.7689769070715, 4.59007399999996, 0, 16.53, 0.318235420956267, 186.25, 0, 11850, 3, 1, 0, 0, 0, 
63, 7, 749, 388, 13.182746586796, 179, 223, Accidental, 2, 66, 913, 1429, 8.9780226, 12.7326036659609, 81.3472279848484, 0, 12.99, 0.31145830189114, 467.06, 0, 558563, 27, 19, 6, 2, 12, 
64, 7, 845, 104, 20.5629525655462, 185, 321, Accidental, 1, 20, 385, 462, 13.5506556, 15.2497816547964, 29.546487, 0, 20.56, 0.32608000085212, 444.4, 0, 183006, 2, 5, 6, 4, 3, 
65, 7, 978, 124, 14.6454673653647, 221, 247, Lightning, 1, 26, 378, 648, 6.3347472, 6.8685772171822, 65.394307, 0, 14.65, 0.314602822039151, 173.77, 0, 59622, 25, 1, 0, 0, 0, 
66, 7, 816, 343, 13.184170264893, 227, 235, Accidental, 2, 53, 618, 1330, 7.09210575849056, 6.72338629115378, 170.055353396226, 0, 13.34, 0.3120152494374, 182.94, 0, 334409, 50, 1, 1, 0, 1, 
67, 7, 844, 52, 23.8451793251516, 236, 362, Lightning, 1, 23, 523, 576, 16.710354, 16.3155634679731, 260.252796, 0, 23.85, 0.332538227093177, 657, 0, 181083, 1, 3, 4, 4, 11, 
68, 7, 692, 63, 16.5796433638594, 244, 271, Lightning, 1, 39, 448, 752, 12.9221221846154, 11.9740540713331, 244.554250230769, 0, 16.25, 0.317789104118791, 296.26, 0, 259652, 20, 13, 3, 1, 2, 
69, 7, 1023, 18, 15.9778872308542, 249, 264, Accidental, 1, 6, 31, 69, 7.5659004, 6.51625300318964, 277.048046, 0, 15.98, 0.317168054372783, 165, 0, 13378, 6, 0, 0, 0, 0, 
70, 7, 692, 576, 10.011997697896, 259, 223, Accidental, 1, 24, 402, 526, 16.1522166, 16.605112326457, 202.6470315, 0, 10.47, 0.305997471771841, 487.75, 0, 219926, 3, 9, 4, 1, 7, 
71, 7, 741, 261, 8.16135210506907, 279, 162, Accidental, 3, 53, 431, 684, 11.0020500679245, 12.1915900631495, 274.451044245283, 0, 8, 0.302095997618937, 257.43, 0, 203572, 25, 20, 5, 1, 2, 
72, 7, 700, 90, 8.75664084242058, 304, 153, Accidental, 3, 53, 826, 1105, 16.2995452301887, 17.9531037979809, 47.0556603396226, 0, 7.98, 0.302094634455413, 679.08, 0, 558989, 14, 12, 8, 1, 18, 
73, 8, 700, 236, 2.91834225888298, 26, 102, Accidental, 2, 25, 321, 503, 13.370676048, 13.3385280865858, 116.84062532, 0, 2.95, 0.292555068740052, 249.24, 0, 133354, 12, 6, 6, 0, 1, 
74, 8, 942, 80, 4.59913655648573, 47, 122, Accidental, 1, 8, 81, 147, 7.8595632, 6.94840241765557, 62.807378, 0, 4.6, 0.29563100398273, 166.38, 0, 19804, 7, 1, 0, 0, 0, 
75, 8, 790, 184, 5.83328403766132, 51, 202, Accidental, 2, 36, 1103, 1108, 23.3179426, 23.4582930483699, 91.7868595, 0, 7.86, 0.300723191451002, 1748.47, 0, 540757, 0, 1, 0, 0, 35, 
76, 8, 772, 83, 6.56031347095814, 64, 146, Accidental, 1, 19, 365, 495, 11.7040752, 11.5297418438892, 359.050707, 0, 6.56, 0.299282227251349, 287.42, 0, 128816, 4, 9, 5, 0, 1, 
77, 8, 922, 120, 19.6730797312192, 104, 310, Accidental, 1, 8, 202, 204, 19.6055496, 20.4485396466236, 88.764574, 0, 19.67, 0.324340243243091, 1786.38, 0, 70372, 0, 0, 0, 1, 7, 
78, 8, 765, 195, 13.1944214215972, 109, 229, Accidental, 1, 31, 440, 576, 13.1804496, 14.5598898990738, 103.336722, 0, 13.19, 0.311822024390511, 380.13, 0, 231607, 10, 5, 8, 3, 5, 
79, 8, 750, 275, 18.0884331702397, 130, 290, Accidental, 1, 3, 13, 21, 14.96682, 15.9618540903471, 139.885415, 0, 18.09, 0.321254161719903, 374.33, 0, 12443, 0, 1, 0, 2, 0, 
80, 8, 997, 92, 15.9732116243657, 131, 264, Accidental, 2, 58, 909, 1412, 9.35103283448276, 9.23913871214262, 186.366272448276, 0, 15.98, 0.317169740047239, 203.5, 0, 197996, 27, 27, 4, 0, 0, 
81, 8, 748, 378, 18.8425770014109, 151, 327, Lightning, 2, 96, 1693, 2286, 11.7059575875, 14.8712837785037, 123.413613166667, 0, 19.94, 0.324673989871687, 627.18, 0, 970290, 29, 23, 12, 3, 29, 
82, 8, 948, 152, 22.2682436017593, 182, 342, Accidental, 1, 15, 273, 426, 8.9445924, 8.70152081268956, 284.499862, 0, 22.27, 0.329427347134524, 196.8, 0, 53551, 11, 4, 0, 0, 0, 
83, 8, 874, 159, 24.0665895190599, 190, 364, Accidental, 1, 5, 123, 144, 12.122172, 18.7040046112084, 51.905963, 0, 24.07, 0.332976190562506, 967.2, 0, 62665, 0, 2, 1, 0, 2, 
84, 8, 1012, 63, 25.3443439029348, 199, 380, Lightning, 1, 3, 60, 71, 15.6828096, 14.4601162757733, 34.665945, 0, 25.34, 0.335509292543136, 372, 0, 20198, 0, 1, 1, 0, 1, 
85, 8, 946, 119, 18.8995351647736, 227, 300, Accidental, 1, 3, 53, 74, 8.5380516, 10.169928308187, 349.499472, 0, 18.9, 0.322831844885719, 228.33, 0, 6584, 0, 3, 0, 0, 0, 
86, 8, 707, 123, 19.8940977324432, 290, 303, Accidental, 1, 34, 592, 664, 17.3888449411765, 16.5729216053677, 52.5090747352941, 0, 19.78, 0.324538456234444, 856.24, 0, 329320, 1, 6, 3, 6, 18, 
87, 8, 696, 449, 14.9062138245655, 325, 250, Lightning, 1, 7, 137, 140, 16.5516264, 18.8354775708305, 285.465553, 0, 14.91, 0.315103939100855, 1020.14, 0, 123915, 0, 0, 0, 2, 5, 
88, 8, 795, 114, 19.4342042292551, 334, 307, Accidental, 1, 2, 41, 45, 17.5722048, 16.8482364743745, 97.964094, 0, 19.43, 0.323874048924177, 615.5, 0, 12126, 0, 0, 0, 1, 1, 
89, 9, 753, 482, 5.6010661940306, 45, 158, Accidental, 2, 36, 687, 766, 21.4483748, 20.8761447719819, 23.3661961666667, 0, 6.34, 0.298713523869574, 1084.39, 0, 380418, 2, 4, 2, 3, 25, 
90, 9, 718, 420, 5.67629928509143, 47, 122, Accidental, 2, 29, 605, 666, 17.4092051172414, 18.3455456565203, 101.745409448276, 0, 5.43, 0.297291141533289, 967.48, 0, 379689, 4, 2, 1, 2, 20, 
91, 9, 733, 322, 14.7117407532599, 73, 248, Accidental, 1, 10, 200, 206, 22.2439824, 24.033471386842, 80.600164, 0, 14.71, 0.314730149062645, 1566.2, 0, 118103, 0, 1, 0, 0, 9, 
92, 9, 690, 439, 16.7964157739918, 89, 274, Accidental, 1, 25, 582, 582, 27.1266012, 26.6742686837393, 66.720429, 0, 16.8, 0.318749460958629, 2000, 0, 414403, 0, 0, 0, 0, 25, 
93, 9, 791, 358, 22.9253590902347, 104, 350, Accidental, 1, 17, 420, 420, 26.7401016, 25.4421196412757, 72.961952, 0, 22.93, 0.330721867239858, 1917.76, 0, 218341, 0, 0, 0, 0, 17, 
94, 9, 718, 110, 18.2032672403065, 133, 291, Lightning, 1, 16, 210, 270, 19.618216875, 17.4050785026824, 105.91959925, 0, 18.37, 0.32170894501191, 474.88, 0, 128050, 3, 4, 3, 1, 5, 
95, 9, 757, 452, 12.6827012683214, 143, 222, Accidental, 1, 9, 113, 221, 7.8983136, 8.16943487008541, 63.166452, 0, 12.68, 0.310844571424552, 160.56, 0, 35812, 8, 1, 0, 0, 0, 
96, 9, 790, 84, 23.5887073134222, 163, 358, Lightning, 1, 6, 165, 165, 15.5095632, 16.5111274784815, 342.201323, 0, 23.59, 0.332031270729857, 730.17, 0, 49738, 0, 0, 0, 0, 6, 
97, 9, 963, 116, 20.1670283379076, 175, 316, Accidental, 1, 16, 282, 393, 10.6551504, 10.9452224814878, 305.619359, 0, 20.17, 0.325305348664006, 245.25, 0, 67718, 4, 8, 4, 0, 0, 
98, 9, 703, 205, 19.9490428927546, 189, 295, Accidental, 2, 78, 866, 1362, 12.8276739692308, 12.1797500748421, 27.4478822307693, 0, 19.45, 0.32410874836316, 276.08, 0, 423983, 26, 26, 13, 9, 4, 
99, 9, 979, 147, 18.9427175527795, 196, 301, Accidental, 1, 1, 15, 29, 8.7337116, 8.06880493510572, 270.895874, NaN, 18.94, NaN, 209, 0, 5889, 0, 1, 0, 0, 0, 
100, 9, 736, 105, 13.2693032050703, 198, 241, Accidental, 2, 60, 666, 1264, 7.29232961999999, 6.62164677230119, 312.0389018, 0, 13.63, 0.312422539165409, 221.77, 0, 344934, 49, 6, 1, 2, 2, 
101, 9, 766, 484, 18.1212583219255, 219, 290, Accidental, 1, 34, 381, 755, 9.84999102352942, 9.30480782761483, 19.6297145588235, 0, 18.07, 0.321282713094619, 170.44, 0, 156656, 28, 6, 0, 0, 0, 
102, 9, 694, 356, 11.7642149174356, 248, 211, Accidental, 1, 7, 64, 121, 8.2680768, 9.74221935773233, 292.149307, 0, 11.76, 0.309094370032117, 147.29, 0, 31544, 6, 1, 0, 0, 0, 
103, 9, 693, 384, 11.767739282939, 258, 211, Accidental, 1, 33, 365, 708, 6.18639349090909, 10.2517722377064, 21.1320738787878, 0, 11.6, 0.308779691832919, 337.15, 0, 254953, 25, 3, 2, 0, 3, 
104, 9, 816, 60, 19.6854025727548, 260, 310, Accidental, 1, 3, 48, 76, 15.6452184, 13.1246419297974, 97.391357, 0, 19.69, 0.324364302216278, 244, 0, 22093, 1, 2, 0, 0, 0, 
105, 9, 763, 178, 12.0866267013212, 293, 189, Accidental, 5, 175, 2887, 3397, 18.5155858285714, 18.5739949472833, 97.34170124, 0, 16.26, 0.31815323045909, 1017.89, 0, 1677170, 23, 24, 18, 14, 96, 
106, 9, 703, 553, 11.5832971531507, 317, 209, Accidental, 1, 8, 94, 153, 11.0243592, 12.9232726289843, 327.562976, 0, 11.58, 0.308750268749639, 255.25, 0, 46217, 4, 2, 1, 0, 1, 
107, 9, 749, 47, 12.5698374792836, 357, 344, Accidental, 2, 40, 1115, 1184, 17.93238048, 18.8228201664957, 278.858359, 0, 13.56, 0.312103771439383, 1221.48, 0, 448033, 0, 4, 4, 3, 29, 
108, 10, 876, 77, 6.50416824282404, 1, 145, Accidental, 1, 14, 342, 342, 29.7227196, 29.2419236306334, 121.214947, 0, 6.5, 0.299177340107246, 2000, 0, 102838, 0, 0, 0, 0, 14, 
109, 10, 689, 371, 2.29666530213958, 7, 98, Accidental, 3, 40, 502, 844, 8.39399436, 8.46828695148626, 173.803032825, 0, 2.76, 0.292161714042602, 183.55, 0, 175324, 30, 9, 0, 0, 1, 
110, 10, 697, 438, 8.54143855705516, 51, 171, Accidental, 1, 4, 47, 47, 26.7121512, 31.4506720026353, 106.402808, 0, 8.54, 0.302996680374126, 2000, 0, 49442, 0, 0, 0, 0, 4, 
111, 10, 716, 173, 13.106699018472, 110, 228, Accidental, 1, 3, 80, 94, 11.9324376, 14.2359354632764, 86.314408, 0, 13.11, 0.311654343663303, 352.67, 0, 23358, 0, 1, 2, 0, 0, 
112, 10, 790, 281, 24.8735361622246, 112, 374, Accidental, 1, 2, 98, 98, 34.6046004, 33.9208302404094, 152.282847, 0, 24.87, 0.33457482150299, 2000, 0, 41970, 0, 0, 0, 0, 2, 
113, 10, 717, 269, 18.4202010176867, 150, 294, Accidental, 1, 10, 87, 130, 11.9211012, 12.1201794947311, 24.179369, 0, 18.42, 0.321898996402509, 240, 0, 51141, 4, 5, 1, 0, 0, 
114, 10, 903, 177, 18.0566960639673, 152, 289, Accidental, 1, 4, 118, 130, 15.5035584, 16.2686755550911, 149.385596, 0, 18.06, 0.321192512118098, 504.25, 0, 34465, 1, 0, 0, 1, 2, 
115, 10, 836, 207, 19.9798882561264, 182, 313, Accidental, 1, 4, 59, 103, 10.3256928, 8.61820662972763, 101.285599, 0, 19.98, 0.324939528473155, 188.75, 0, 31893, 3, 0, 1, 0, 0, 
116, 10, 745, 189, 20.6410823227131, 194, 322, Lightning, 1, 28, 268, 342, 15.4334844, 15.2797952299791, 243.170642, 0, 20.64, 0.32623297938873, 443.11, 0, 158376, 3, 9, 7, 3, 6, 
117, 10, 738, 314, 21.3794084722017, 204, 302, Accidental, 2, 56, 799, 961, 14.8885940571429, 16.1613990680308, 108.067107410714, 0, 21.25, 0.327597687115539, 568.04, 0, 452626, 7, 14, 4, 10, 21, 
118, 10, 776, 217, 17.6294037631092, 205, 284, Lightning, 1, 22, 277, 425, 9.91064912727272, 12.1610133826071, 104.546398363636, 0, 18.03, 0.321324272425979, 315.95, 0, 145597, 12, 6, 0, 1, 3, 
119, 10, 876, 109, 25.2737273922189, 245, 304, Lightning, 2, 101, 2053, 2418, 14.7492093386139, 14.4970712632495, 35.0433020594059, 0, 22.99, 0.331995318960894, 623.48, 0, 859943, 15, 18, 15, 10, 43, 
120, 10, 727, 541, 20.3825962808871, 250, 282, Lightning, 4, 155, 3104, 3958, 14.0203881058064, 14.3758862274735, 246.900349864516, 0, 19.23, 0.323875630629048, 573.21, 0, 1538008, 32, 36, 26, 14, 47, 
121, 10, 751, 416, 19.8092740148529, 290, 311, Lightning, 1, 34, 750, 764, 24.1301844, 23.3436808257897, 21.870448, 0, 19.81, 0.324606198911037, 1513.38, 0, 497148, 0, 1, 2, 2, 29, 
122, 10, 715, 227, 15.8471117249053, 308, 262, Accidental, 1, 6, 78, 128, 11.0405736, 9.7103392710314, 359.073443, 0, 15.85, 0.316915784094096, 204.67, 0, 23352, 2, 4, 0, 0, 0, 
123, 10, 738, 41, 17.898585471591, 317, 288, Accidental, 1, 2, 60, 67, 13.860396, 16.6537360221274, 282.316255, 0, 17.9, 0.320885473842962, 1170.5, 0, 22487, 0, 0, 1, 0, 1, 
124, 10, 793, 294, 17.4458270811099, 330, 282, Accidental, 1, 18, 475, 564, 11.7853848, 15.0631284297464, 42.50419, 0, 17.45, 0.320007110305036, 737.94, 0, 266761, 2, 5, 2, 4, 5, 
125, 10, 865, 176, 25.0643772856298, 335, 377, Accidental, 1, 34, 794, 795, 21.2314956352941, 20.8485000745212, 62.9961103235295, 0, 25.1, 0.334953451892929, 1902.62, 0, 388078, 0, 0, 0, 0, 34, 
126, 11, 872, 143, 14.3821950104888, 47, 260, Accidental, 1, 7, 236, 236, 37.3928137714286, 34.7201775470695, 334.923231571429, 0, 14.95, 0.314942734186061, 2000, 0, 97000, 0, 0, 0, 0, 7, 
127, 11, 727, 386, 13.0718818011407, 76, 227, Accidental, 1, 17, 487, 487, 33.7525632, 35.2685414863794, 343.439393, 0, 13.07, 0.311587804489729, 2000, 0, 316660, 0, 0, 0, 0, 17, 
128, 11, 760, 220, 12.2491582482201, 109, 222, Accidental, 2, 51, 927, 1250, 13.5239414823529, 14.755687860122, 170.800277627451, 0, 12.37, 0.310191944656446, 601.31, 0, 516657, 12, 14, 7, 1, 17, 
129, 11, 937, 57, 17.640375969289, 117, 284, Lightning, 1, 14, 308, 308, 19.3180356, 19.3864203797423, 75.815997, 0, 17.64, 0.320384384508723, 1761.14, 0, 184159, 0, 0, 0, 0, 14, 
130, 11, 833, 102, 23.8518027704595, 137, 362, Lightning, 1, 23, 487, 487, 23.3971704, 24.1538431110458, 75.447756, 0, 23.85, 0.332551324495842, 2000, 0, 270880, 0, 0, 0, 0, 23, 
131, 11, 816, 67, 22.5008679730843, 140, 345, Accidental, 1, 3, 41, 41, 18.2292804, 19.5401414655729, 121.623494, 0, 22.5, 0.329885323487852, 1754.67, 0, 20442, 0, 0, 0, 0, 3, 
132, 11, 689, 243, 23.9065256755235, 189, 362, Accidental, 1, 57, 972, 1180, 16.6280724, 16.1882728790945, 66.811905, 0, 23.91, 0.332659545138293, 645.98, 0, 509311, 9, 9, 4, 5, 30, 
133, 11, 708, 183, 16.8689256946792, 262, 266, Accidental, 2, 75, 909, 1588, 9.64557503999999, 9.82561690425708, 276.1272334, 0, 16.6, 0.318463235802489, 248.75, 0, 395565, 36, 28, 6, 2, 3, 
134, 11, 751, 486, 22.6172764532288, 321, 398, Accidental, 4, 179, 4063, 4356, 21.3702561251397, 21.3288708413437, 137.979933351956, 0, 21.6, 0.328329846063564, 1466.94, 0, 2325290, 9, 12, 15, 3, 140, 
135, 12, 823, 306, 6.57367919299838, 40, 140, Accidental, 2, 23, 638, 638, 25.1829926608696, 26.4826540408477, 351.601840173913, 0, 6.42, 0.299052892259995, 2000, 0, 336365, 0, 0, 0, 0, 23, 
136, 12, 1002, 68, 9.65532089674997, 49, 185, Accidental, 1, 24, 755, 755, 19.4634648, 19.6468683423599, 2.66084000000001, 0, 9.66, 0.305096525624798, 1709.79, 0, 216608, 0, 0, 0, 0, 24, 
137, 12, 787, 41, 17.86445696508, 183, 288, Accidental, 3, 122, 2180, 3398, 8.25536174754098, 9.86321054055536, 235.420833672131, 0, 17.58, 0.320055025811943, 403.76, 0, 913147, 60, 31, 14, 0, 17, 
138, 12, 916, 92, 15.9267105424408, 269, 263, Accidental, 1, 1, 30, 30, 23.4410976, 27.0243782234426, 227.917878, NaN, 15.93, NaN, 2000, 0, 12190, 0, 0, 0, 0, 1, 
139, 12, 728, 57, 8.91291741511769, 300, 175, Accidental, 1, 23, 605, 776, 15.4050588, 13.2003135668222, 9.54566199999999, 0, 8.91, 0.303696069098422, 854.83, 0, 278380, 4, 5, 3, 1, 10, 
140, 12, 773, 171, 10.0789630983522, 302, 190, Accidental, 1, 9, 198, 257, 17.5026636, 11.4819800581825, 159.676099, 0, 10.08, 0.305897297835685, 321.56, 0, 113155, 3, 1, 2, 2, 1, 
141, 12, 775, 105, 21.3632840913828, 313, 189, Accidental, 2, 56, 1591, 1592, 30.8845554428572, 30.7958276015187, 28.8567643928571, 0, 20.75, 0.327250070457007, 1916.63, 0, 764749, 0, 0, 0, 3, 53, 
142, 12, 684, 278, 9.84234412972882, 361, 187, Accidental, 1, 5, 138, 140, 18.9057636, 23.0418338696585, 90.169211, 0, 9.84, 0.305449893627719, 1696, 0, 65548, 0, 0, 0, 1, 4, 
143, 13, 726, 533, 3.53013389038167, 10, 108, Accidental, 3, 43, 781, 912, 16.8315300837209, 16.5810801525676, 107.279391674419, 0, 3.1, 0.293071044661838, 978.28, 0, 427308, 4, 7, 6, 2, 24, 
144, 13, 684, 525, 3.19891594673595, 76, 104, Accidental, 1, 2, 32, 52, 11.008764, 9.42727192100352, 92.146193, 0, 3.2, 0.293040022976677, 184, 0, 20710, 2, 0, 0, 0, 0, 
145, 13, 850, 167, 8.07976655644356, 78, 173, Accidental, 2, 33, 853, 960, 14.6699008363637, 15.8386566794394, 249.951036787879, 0, 8.23, 0.302408874831639, 831.79, 0, 392315, 2, 8, 4, 3, 16, 
146, 13, 773, 70, 18.1694993211236, 96, 291, Lightning, 1, 1, 40, 40, 30.2161212, 29.4729370984346, 78.941806, NaN, 18.17, NaN, 2000, 0, 19147, 0, 0, 0, 0, 1, 
147, 13, 800, 502, 17.2076604242877, 114, 279, Lightning, 1, 9, 167, 183, 15.0499116, 14.8307518375956, 357.841216, 0, 17.21, 0.319545571815079, 855.67, 0, 100618, 1, 1, 0, 0, 7, 
148, 13, 768, 349, 14.1923878418857, 128, 186, Accidental, 4, 116, 2225, 2969, 15.5263053413793, 16.3591098636504, 176.482084008621, 0, 11.01, 0.307673889147445, 941.97, 0, 1314657, 38, 23, 4, 1, 50, 
149, 13, 715, 528, 12.8553525185843, 141, 225, Accidental, 1, 32, 668, 794, 16.5400236, 16.2580331534371, 299.072961, 0, 12.86, 0.311174170090965, 842.84, 0, 459328, 4, 3, 7, 3, 15, 
150, 13, 909, 148, 16.8661593457092, 143, 275, Lightning, 1, 3, 90, 114, 14.6075364, 10.537448921616, 335.514663, 0, 16.87, 0.318884400229851, 280.67, 0, 22742, 1, 1, 1, 0, 0, 
151, 13, 968, 119, 15.1239093629351, 145, 253, Accidental, 1, 1, 38, 40, 13.6256364, 14.9409269062624, 343.089891, NaN, 15.12, NaN, 531, 0, 14257, 0, 0, 0, 0, 1, 
152, 13, 713, 39, 25.5642120035935, 197, 383, Accidental, 1, 9, 215, 215, 20.226114, 21.0176253761292, 141.578943, 0, 25.56, 0.33594613462129, 2000, 0, 128763, 0, 0, 0, 0, 9, 
153, 13, 697, 218, 17.4186159020955, 204, 282, Lightning, 1, 3, 25, 35, 10.0341612, 12.2828979466698, 100.804031, 0, 17.42, 0.319954360438394, 306.33, 0, 13261, 0, 2, 1, 0, 0, 
154, 13, 762, 181, 26.6333506410253, 206, 396, Accidental, 1, 1, 16, 16, 15.9249744, 16.7477833713351, 50.852337, NaN, 26.63, NaN, 1342, 0, 11738, 0, 0, 0, 0, 1, 
155, 13, 825, 112, 24.1281315116784, 229, 365, Accidental, 1, 11, 348, 378, 15.4374156, 15.7853071570553, 27.310539, 0, 24.13, 0.333097975840317, 711.36, 0, 118004, 2, 0, 1, 0, 8, 
156, 13, 1021, 23, 10.1232821341959, 341, 191, Accidental, 1, 2, 29, 29, 24.9910416, 25.5939830175761, 33.706454, 0, 10.12, 0.305981137960868, 2000, 0, 11124, 0, 0, 0, 0, 2, 
157, 14, 771, 511, 10.2612373117956, 50, 192, Accidental, 1, 15, 326, 337, 16.0334928, 18.0367636531456, 302.385238, 0, 10.26, 0.306242195603107, 1205.6, 0, 225676, 0, 0, 3, 1, 11, 
158, 14, 719, 253, 12.1337734868016, 97, 216, Accidental, 1, 32, 548, 650, 17.1000288, 16.4193264042062, 44.392803, 0, 12.13, 0.309797919641061, 466.5, 0, 301501, 4, 5, 2, 1, 20, 
159, 14, 803, 140, 10.2328595320939, 103, 192, Accidental, 1, 8, 208, 263, 10.1816568, 13.4675777706189, 276.668371, 0, 10.23, 0.306188485126333, 473.88, 0, 76776, 1, 5, 1, 0, 1, 
160, 14, 752, 399, 9.50141072062232, 128, 192, Accidental, 4, 122, 2310, 3074, 11.5561879672131, 14.8270999455371, 98.7605685491804, 0, 10.84, 0.307210125305994, 639.54, 0, 1385300, 30, 35, 13, 8, 36, 
161, 14, 805, 299, 17.1273294734194, 166, 278, Lightning, 1, 3, 68, 71, 15.044112, 17.3694826920252, 80.66498, 0, 17.13, 0.319389979689882, 697.33, 0, 51752, 0, 0, 0, 0, 3, 
162, 14, 828, 113, 23.8481816065362, 175, 305, Lightning, 2, 81, 1666, 2011, 13.7899788444444, 13.9536106961843, 105.152324061728, 0, 22.56, 0.330545001105505, 469.52, 0, 629028, 16, 20, 6, 10, 29, 
163, 14, 808, 218, 15.8771819828804, 176, 297, Accidental, 3, 102, 1519, 2455, 11.3864121882353, 13.2202533221569, 74.8682080294119, 0, 16.07, 0.317308133509, 368.06, 0, 938243, 51, 26, 13, 1, 11, 
164, 14, 699, 422, 16.0935003577535, 180, 243, Lightning, 2, 51, 1038, 1471, 10.8196962352941, 13.3969933653245, 318.907028803922, 0, 15.82, 0.316916411768708, 459.33, 0, 609953, 17, 14, 10, 1, 9, 
165, 14, 713, 378, 21.1607283402267, 192, 290, Lightning, 1, 34, 667, 876, 11.7781638352941, 14.0331864465658, 101.801089647059, 0, 18.27, 0.32179559500223, 395.09, 0, 282002, 7, 14, 6, 3, 4, 
166, 14, 931, 160, 20.8312453065631, 205, 324, Accidental, 1, 5, 87, 147, 10.5712344, 9.60296412750106, 98.611492, 0, 20.83, 0.326605474279908, 194.4, 0, 22933, 3, 2, 0, 0, 0, 
167, 14, 704, 459, 23.045110719428, 241, 349, Accidental, 2, 102, 2108, 2582, 14.8145832, 16.0334593032236, 302.400863470588, 0, 22.95, 0.33077512866376, 603.68, 0, 1212955, 18, 20, 16, 14, 34, 
168, 14, 784, 499, 21.1499250177866, 279, 401, Accidental, 4, 201, 4646, 4982, 17.747677361194, 19.1427685736014, 254.56053336816, 0, 25.56, 0.335580052758426, 1259.87, 0, 2510994, 11, 6, 31, 11, 142, 
169, 14, 928, 179, 27.1313328150584, 290, 403, Accidental, 1, 2, 57, 60, 14.7424068, 15.1861925912435, 316.758182, 0, 27.13, 0.339067849166884, 498.5, 0, 24134, 0, 0, 0, 2, 0, 
170, 14, 774, 374, 16.371231030246, 297, 268, Lightning, 1, 16, 312, 424, 12.0803472, 13.4191314959854, 305.803682, 0, 16.37, 0.317927475075649, 511.88, 0, 176926, 2, 10, 1, 0, 3, 
171, 14, 772, 312, 18.1524694650307, 303, 291, Accidental, 1, 2, 38, 63, 15.1456356, 14.001191899544, 72.240757, 0, 18.15, 0.321378571743878, 176.5, 0, 13873, 2, 0, 0, 0, 0, 
172, 14, 715, 441, 15.7087485884833, 324, 311, Accidental, 2, 76, 1544, 1853, 17.3715666631579, 17.3629740573129, 183.360273026316, 0, 17.54, 0.319621361754227, 923.93, 0, 1003453, 8, 21, 4, 6, 37, 
173, 14, 963, 164, 26.395804685787, 326, 357, Accidental, 4, 197, 5636, 6381, 18.0457859147209, 18.1179133047175, 247.752971507614, 0, 21.72, 0.329225101256831, 1005.7, 0, 1544834, 25, 33, 28, 4, 107, 
174, 15, 676, 151, 3.68573342261563, 39, 110, Accidental, 1, 10, 110, 175, 11.392596, 11.7416529423527, 28.868544, 0, 3.69, 0.293939326307494, 253.4, 0, 51375, 6, 1, 2, 1, 0, 
175, 15, 766, 122, 5.11743725657761, 75, 128, Accidental, 1, 9, 209, 319, 8.7899616, 7.93810916252844, 74.227979, 0, 5.12, 0.29659343635238, 210, 0, 63900, 4, 4, 1, 0, 0, 
176, 15, 689, 129, 5.23910063527199, 87, 130, Accidental, 1, 15, 134, 225, 9.5681196, 9.74589611975656, 351.613235, 0, 5.24, 0.296819615468279, 226.27, 0, 95056, 6, 9, 0, 0, 0, 
177, 15, 825, 272, 19.8843671827933, 101, 312, Lightning, 1, 37, 1164, 1164, 36.098568972973, 33.2982845873735, 79.454771, 0, 19.92, 0.324811335610112, 2000, 0, 661393, 0, 0, 0, 0, 37, 
178, 15, 683, 316, 13.478937599613, 107, 232, Accidental, 1, 35, 667, 698, 16.9060716, 19.7214714048542, 29.848116, 0, 13.48, 0.312366214256288, 1165.11, 0, 366689, 0, 1, 7, 3, 24, 
179, 15, 790, 133, 18.1734491736852, 108, 291, Accidental, 1, 34, 1020, 1020, 23.6860524, 23.4705783315374, 26.772866, 0, 18.17, 0.321419336739053, 1930.41, 0, 498228, 0, 0, 0, 0, 34, 
180, 15, 687, 170, 20.2615371074853, 109, 317, Accidental, 1, 1, 6, 6, 25.7087484, 26.6686606802668, 50.138024, NaN, 20.26, NaN, 2000, 0, 6033, 0, 0, 0, 0, 1, 
181, 15, 963, 147, 18.0032912951696, 149, 289, Accidental, 1, 10, 95, 135, 10.0466784, 8.87653907553885, 338.662716, 0, 18, 0.321088786965831, 261, 0, 30466, 2, 5, 2, 1, 0, 
182, 15, 778, 489, 15.1243557132059, 162, 253, Accidental, 1, 22, 285, 563, 7.914078, 8.53827760621296, 135.15455, 0, 15.12, 0.315523507214911, 192.05, 0, 117544, 16, 5, 0, 0, 1, 
183, 15, 987, 31, 25.0783695965527, 169, 377, Lightning, 1, 1, 47, 47, 16.840872, 17.1087666425961, 75.492953, NaN, 25.08, NaN, 2000, 0, 15266, 0, 0, 0, 0, 1, 
184, 15, 870, 156, 15.8771819828804, 176, 262, Accidental, 1, 24, 561, 758, 11.2722948, 10.7255969786821, 71.875418, 0, 15.88, 0.316973781094428, 382.67, 0, 254637, 4, 10, 5, 1, 4, 
185, 15, 777, 140, 18.6725128003491, 191, 301, Lightning, 5, 205, 5577, 6484, 11.1835470731707, 14.9347087135364, 155.272292034147, 0, 18.65, 0.322238555292591, 849.02, 0, 2443239, 17, 46, 38, 19, 85, 
186, 15, 720, 340, 19.0234046755212, 237, 302, Lightning, 2, 49, 640, 1206, 8.50722531428572, 9.89535201175657, 334.784700428572, 0, 18.37, 0.321782752522529, 230.49, 0, 316324, 34, 9, 3, 1, 2, 
187, 15, 827, 47, 21.1974385840574, 331, 329, Accidental, 1, 52, 1120, 1120, 27.439416, 27.7661879202188, 207.719678, 0, 21.2, 0.32732339704607, 2000, 0, 637242, 0, 0, 0, 0, 52, 
188, 16, 762, 319, 2.95006577710019, 20, 101, Accidental, 1, 9, 214, 228, 13.8834104, 14.2873428660781, 312.971595666667, 0, 2.92, 0.292508947788085, 668.22, 0, 109709, 0, 0, 2, 3, 4, 
189, 16, 767, 477, 17.3366437347357, 135, 261, Lightning, 2, 59, 1427, 1653, 16.4161915932203, 15.5182406853123, 119.930741661017, 0, 17.07, 0.3195149939504, 604.05, 0, 710712, 8, 10, 7, 9, 25, 
190, 16, 765, 311, 16.1715059418376, 202, 266, Lightning, 1, 15, 141, 299, 6.74991, 7.31586132938221, 353.240919, 0, 16.17, 0.317541748637289, 160, 0, 87749, 13, 2, 0, 0, 0, 
191, 16, 719, 34, 19.1877636819151, 218, 304, Accidental, 1, 2, 47, 47, 9.5844204, 13.2983571495775, 98.501217, 0, 19.19, 0.323393456633606, 657, 0, 28522, 0, 0, 0, 0, 2, 
192, 16, 690, 540, 15.1531856892691, 242, 270, Accidental, 2, 68, 1098, 1665, 8.87212572352941, 12.4913279064446, 277.439276558824, 0, 15.19, 0.315583152275761, 417.97, 0, 749055, 26, 21, 9, 1, 11, 
193, 16, 985, 29, 17.0141050570528, 274, 276, Accidental, 1, 20, 401, 571, 6.4047096, 8.18708172124525, 46.678181, 0, 17.01, 0.319170744874047, 273.5, 0, 113464, 1, 16, 2, 0, 1, 
194, 16, 798, 98, 34.3041962572825, 281, 513, Accidental, 1, 68, 2432, 2432, 29.7186566294117, 30.3114455764016, 265.426537985294, 0, 35.07, 0.355008544698571, 2000, 0, 879787, 0, 0, 0, 0, 68, 
195, 16, 805, 239, 26.1861575322864, 287, 400, Accidental, 1, 15, 536, 537, 17.1676116, 17.7598125591341, 322.800531333333, 0, 26.69, 0.338156322330337, 1389.8, 0, 330225, 0, 0, 0, 1, 14, 
196, 16, 787, 496, 22.1189794869269, 296, 397, Accidental, 2, 106, 2154, 2394, 15.1733588603774, 14.8828842917399, 79.8368130471698, 0, 24.38, 0.332995600914323, 939.39, 0, 1083381, 6, 14, 19, 9, 58, 
197, 16, 700, 427, 22.5885188714432, 306, 413, Accidental, 2, 99, 2116, 2739, 13.4572070909091, 14.6148447117531, 40.1443403636363, 0, 24.93, 0.334105128807962, 719.58, 0, 1197288, 19, 29, 11, 7, 33, 
198, 16, 939, 172, 14.9508979918512, 339, 294, Accidental, 2, 42, 1086, 1318, 13.2569105142857, 12.3510510304917, 291.907479642857, 0, 15.03, 0.31518985886785, 405.1, 0, 330242, 11, 4, 6, 12, 9, 
199, 16, 794, 326, 26.6587021441397, 350, 397, Accidental, 1, 1, 29, 29, 23.5498536, 21.8913308840159, 319.596256, NaN, 26.66, NaN, 2000, 0, 18017, 0, 0, 0, 0, 1, 
200, 16, 795, 240, 20.3122233414959, 361, 318, Accidental, 1, 6, 208, 208, 21.4869996, 20.4790280079722, 78.576809, 0, 20.31, 0.325589321757295, 1863.5, 0, 126604, 0, 0, 0, 0, 6, 
201, 16, 687, 292, 36.145462419492, 363, 515, Accidental, 1, 38, 751, 751, 33.161562, 32.3537562996318, 106.591653, 0, 36.15, 0.357290404008291, 2000, 0, 503965, 0, 0, 0, 0, 38, 
202, 17, 860, 48, 4.83850925058943, 32, 194, Accidental, 3, 44, 1383, 1551, 13.7134971, 13.7860643447736, 55.3366705454545, 0, 5.16, 0.296195263226226, 593.57, 0, 395198, 2, 7, 8, 10, 17, 
203, 17, 739, 213, 9.80639835337568, 49, 187, Accidental, 1, 20, 395, 395, 24.1016616, 22.615133281384, 0.392924999999991, 0, 9.81, 0.305381958667325, 1971.3, 0, 301053, 0, 0, 0, 0, 20, 
204, 17, 767, 152, 5.69152735850624, 52, 125, Accidental, 3, 61, 1646, 1994, 11.9035626491803, 12.4206609730391, 214.386487393443, 0, 5.14, 0.296710724013455, 581.15, 0, 589436, 10, 13, 13, 8, 17, 
205, 17, 691, 142, 12.4387235087738, 83, 219, Accidental, 1, 4, 24, 24, 17.4335544, 18.4686578024746, 14.558029, 0, 12.44, 0.310379134351176, 1245.75, 0, 33751, 0, 0, 0, 2, 2, 
206, 17, 766, 284, 10.1930176118858, 91, 198, Accidental, 2, 48, 1624, 1634, 18.1502784, 18.5802726980477, 142.946781, 0, 10.26, 0.30618487596922, 1662.31, 0, 969851, 0, 0, 0, 3, 45, 
207, 17, 1005, 100, 15.1082745020823, 134, 253, Accidental, 1, 25, 580, 716, 10.0388556, 10.012922813233, 25.237649, 0, 15.11, 0.315492566774436, 382.04, 0, 176133, 4, 9, 5, 4, 3, 
208, 17, 899, 102, 18.8477919109348, 147, 289, Lightning, 3, 110, 2661, 3275, 10.5816781963636, 11.6792062177403, 297.260778354546, 0, 18.77, 0.322623811488256, 459.78, 0, 904547, 21, 22, 33, 12, 22, 
209, 17, 844, 181, 14.8016995275292, 167, 249, Lightning, 1, 1, 43, 68, 8.003736, 8.98501078107845, 277.521022, NaN, 14.8, NaN, 255, 0, 13258, 0, 1, 0, 0, 0, 
210, 17, 746, 263, 20.9898207888878, 170, 348, Accidental, 2, 56, 750, 990, 13.6486038857143, 14.6596962378188, 270.554564428571, 0, 21.08, 0.326916262370341, 454.71, 0, 428877, 11, 7, 13, 14, 11, 
211, 17, 690, 117, 16.8115748334643, 179, 274, Accidental, 1, 43, 407, 783, 8.43105457674418, 7.58251208505284, 101.361418744186, 0, 16.78, 0.318778787994062, 226.02, 0, 263917, 24, 17, 0, 1, 1, 
212, 17, 714, 431, 17.020429660767, 206, 277, Accidental, 1, 18, 328, 386, 13.1770224, 13.9783424479542, 86.221828, 0, 17.02, 0.319182989005649, 669.61, 0, 186101, 1, 6, 7, 0, 4, 
213, 17, 749, 314, 16.5156061996479, 212, 270, Accidental, 1, 15, 121, 272, 6.755508, 6.27643715637377, 251.141068, 0, 16.52, 0.318206460645992, 156.2, 0, 57799, 14, 1, 0, 0, 0, 
214, 17, 734, 511, 18.6886476755474, 225, 297, Accidental, 1, 13, 165, 348, 10.6286364, 7.15397407565272, 27.166013, 0, 18.69, 0.322421255228262, 148.85, 0, 72831, 11, 2, 0, 0, 0, 
215, 17, 714, 226, 29.7819912082329, 253, 436, Accidental, 1, 14, 174, 226, 16.5316752, 17.1507013027667, 262.063662, 0, 29.78, 0.344379867607258, 875.64, 0, 102850, 2, 3, 1, 0, 8, 
216, 17, 886, 140, 14.985494671222, 266, 371, Accidental, 2, 67, 1952, 2181, 17.3277938149254, 16.8054908699563, 270.359554791045, 0, 18.64, 0.321669979718028, 1054.99, 0, 685909, 3, 16, 10, 5, 33, 
217, 17, 761, 394, 3.03534583567333, 319, 102, Accidental, 1, 9, 241, 331, 11.3633856, 11.5497362398599, 151.382346, 0, 3.04, 0.292738219916945, 643.44, 0, 114592, 2, 2, 3, 0, 2, 
218, 18, 794, 253, 2.38041050260894, 28, 94, Accidental, 1, 3, 102, 131, 14.1962796, 14.3482996589345, 96.119137, 0, 2.38, 0.291531626708966, 849.33, 0, 35831, 0, 1, 1, 0, 1, 
219, 18, 743, 500, 1.67593068749209, 29, 111, Accidental, 4, 60, 1501, 1806, 15.26952606, 16.1965420086881, 237.11555215, 0, 3.17, 0.29283156984971, 744.62, 0, 792836, 9, 15, 6, 4, 26, 
220, 18, 826, 275, 0.952158543276653, 40, 76, Accidental, 1, 3, 9, 22, 10.4204352, 7.61804352835235, 70.565409, 0, 0.99, 0.288910526670192, 198.33, 0, 3252, 1, 2, 0, 0, 0, 
221, 18, 952, 118, 7.01056540820713, 66, 152, Accidental, 1, 11, 346, 415, 12.0952296, 12.1438890625808, 97.869806, 0, 7.01, 0.300124122065181, 488.45, 0, 75564, 1, 3, 4, 1, 2, 
222, 18, 766, 300, 13.8325086779508, 71, 237, Lightning, 1, 15, 509, 509, 32.3263368, 30.851109367258, 149.904947, 0, 13.83, 0.313043205972992, 2000, 0, 296514, 0, 0, 0, 0, 15, 
223, 18, 912, 175, 4.00312048113522, 76, 114, Accidental, 1, 1, 23, 42, 10.6259472, 9.50012642741566, 261.219543, NaN, 4, NaN, 211, 0, 3928, 0, 1, 0, 0, 0, 
224, 18, 712, 198, 6.94286509972839, 79, 151, Accidental, 1, 1, 42, 49, 11.1500604, 10.3168029304746, 29.620556, NaN, 6.94, NaN, 263, 0, 12177, 0, 1, 0, 0, 0, 
225, 18, 994, 74, 18.2035296609523, 212, 291, Accidental, 1, 23, 651, 811, 13.2968664, 13.0862970243113, 284.807897, 0, 18.2, 0.321477789911735, 543.65, 0, 201220, 4, 3, 9, 1, 6, 
226, 18, 707, 587, 8.24241045531178, 213, 200, Accidental, 1, 26, 320, 632, 8.6703516, 10.1267456204158, 274.3161175, 0, 9.56, 0.304620067436532, 259.62, 0, 179607, 18, 6, 0, 0, 2, 
227, 18, 993, 47, 16.0026135038291, 223, 264, Accidental, 1, 28, 725, 1063, 10.261728, 9.16505635349816, 340.925994, 0, 16, 0.317215764258629, 236.86, 0, 166075, 5, 20, 2, 1, 0, 
228, 18, 689, 498, 19.4791626287236, 240, 307, Accidental, 1, 3, 75, 101, 10.5816672, 12.117174984132, 237.988131, 0, 19.48, 0.323961763989097, 281.33, 0, 22510, 0, 2, 0, 1, 0, 
229, 18, 698, 361, 15.4358949813296, 246, 257, Accidental, 1, 9, 147, 279, 7.2462636, 6.66029667780346, 258.62045, 0, 15.44, 0.316123234980602, 149.44, 0, 53614, 9, 0, 0, 0, 0, 
230, 18, 806, 158, 15.667237650666, 249, 260, Accidental, 1, 11, 266, 430, 8.1818244, 7.50657923341022, 324.631468, 0, 15.67, 0.316568976851961, 185.45, 0, 57863, 8, 3, 0, 0, 0, 
231, 18, 816, 501, 19.3479553593597, 253, 309, Accidental, 1, 5, 113, 133, 13.51530432, 11.8787932397766, 9.85960179999998, 0, 19.55, 0.324071864148939, 348.4, 0, 55171, 1, 1, 2, 0, 1, 
232, 18, 774, 161, 21.0211886266047, 283, 326, Accidental, 1, 33, 749, 782, 16.0793934545455, 18.5497852170142, 64.4576531818182, 0, 21.07, 0.32707415630389, 1513.48, 0, 355898, 1, 2, 2, 1, 27, 
233, 18, 708, 354, 14.8889687105846, 292, 279, Accidental, 2, 59, 1519, 1646, 13.249588881356, 16.4296484136596, 272.502477288136, 0, 15.6, 0.316225987564326, 813.76, 0, 690216, 7, 5, 7, 6, 34, 
234, 18, 843, 148, 16.2496195412815, 295, 267, Lightning, 1, 35, 1184, 1321, 14.1974712, 15.0258767302794, 20.456643, 0, 16.25, 0.317692578612964, 805.11, 0, 418213, 1, 8, 3, 5, 18, 
235, 18, 842, 123, 18.5232888749733, 317, 295, Accidental, 1, 2, 66, 66, 22.0125744, 21.6393801815382, 56.638778, 0, 18.52, 0.322099499688346, 2000, 0, 25647, 0, 0, 0, 0, 2, 
236, 18, 943, 180, 26.9815687693526, 323, 401, Accidental, 1, 40, 1391, 1406, 20.2564512, 19.4192380308482, 67.074406, 0, 26.98, 0.33876890732587, 1956.08, 0, 448462, 0, 1, 0, 0, 39, 
237, 18, 957, 160, 24.1698526009979, 325, 409, Accidental, 3, 171, 5690, 5820, 23.6916019157895, 23.8420741360022, 279.138699596491, 0, 27.51, 0.339512591230289, 1541.8, 0, 1666087, 3, 0, 1, 11, 156, 
238, 18, 719, 74, 11.6637923618985, 335, 210, Accidental, 1, 27, 263, 531, 13.5932256, 13.0143182406874, 335.058746, 0, 11.66, 0.308903342548104, 288.11, 0, 248243, 16, 7, 2, 0, 2, 
239, 18, 761, 484, 12.6201311479717, 356, 222, Accidental, 1, 4, 72, 72, 26.5177152, 27.1520752985429, 222.600196, 0, 12.62, 0.310725169695402, 2000, 0, 47379, 0, 0, 0, 0, 4, 
240, 19, 849, 97, 6.16934461206009, 23, 141, Accidental, 1, 21, 289, 351, 16.11117, 15.7322729456048, 106.730389, 0, 6.17, 0.298552280423633, 594.48, 0, 182850, 5, 3, 5, 2, 6, 
241, 19, 974, 125, 5.45422687092048, 37, 138, Accidental, 3, 47, 1115, 1443, 11.3074519404255, 12.0333484704122, 156.464977, 0, 5.17, 0.296747425703444, 332.34, 0, 348084, 13, 14, 10, 4, 6, 
242, 19, 801, 43, 5.87426076680297, 61, 138, Accidental, 1, 1, 10, 12, 12.357342, 16.2437679829922, 84.201796, NaN, 5.87, NaN, 457, 0, 9161, 0, 0, 0, 1, 0, 
243, 19, 766, 265, 5.33834210106386, 67, 131, Accidental, 1, 1, 28, 42, 13.3604532, 10.7008989382804, 109.591999, NaN, 5.34, NaN, 224, 0, 17313, 0, 1, 0, 0, 0, 
244, 19, 880, 181, 15.9266042540424, 85, 263, Accidental, 1, 11, 282, 282, 28.8299304, 28.0551770571832, 37.794454, 0, 15.93, 0.317069114995875, 2000, 0, 143072, 0, 0, 0, 0, 11, 
245, 19, 695, 329, 19.2679251946743, 150, 305, Accidental, 1, 1, 18, 20, 13.7386296, 13.78089273673, 282.661374, NaN, 19.27, NaN, 409, 0, 6436, 0, 0, 0, 1, 0, 
246, 19, 856, 48, 14.8443517944084, 228, 249, Accidental, 1, 7, 76, 178, 6.6453048, 5.75428456327725, 16.312942, 0, 14.84, 0.314985010211264, 132.86, 0, 37954, 7, 0, 0, 0, 0, 
247, 19, 755, 410, 7.08465536548565, 285, 153, Accidental, 1, 20, 170, 449, 8.02251, 7.33814686998476, 113.827787, 0, 7.08, 0.300262787276041, 135.7, 0, 94864, 20, 0, 0, 0, 0, 
248, 19, 749, 517, 17.276959893634, 290, 280, Accidental, 1, 12, 302, 433, 12.0802341, 13.046891143492, 85.0682483333333, 0, 17.5, 0.319679829480217, 248.92, 0, 122119, 2, 8, 1, 1, 0, 
249, 19, 707, 120, 19.4696375559217, 294, 275, Lightning, 2, 46, 637, 817, 16.1919363130435, 15.4392815934983, 147.269913217391, 0, 19.24, 0.323830761113027, 601.8, 0, 424092, 7, 9, 5, 6, 19, 
250, 19, 794, 161, 29.1232808797158, 313, 427, Lightning, 1, 60, 2372, 2372, 25.0264116, 23.2413579997459, 340.463186000001, 0, 29.12, 0.343056087700526, 1919.58, 0, 1071686, 0, 0, 0, 0, 60, 
251, 19, 920, 165, 23.4838593703776, 320, 357, Lightning, 1, 28, 965, 981, 20.1258864, 19.7336130480822, 272.677081, 0, 23.48, 0.331824134614787, 1724.29, 0, 303587, 0, 2, 0, 0, 26, 
252, 20, 725, 521, 5.025186899403, 35, 127, Accidental, 1, 1, 5, 16, 12.454884, 7.07955783906892, 14.9526, NaN, 5.03, NaN, 114, 0, 4972, 1, 0, 0, 0, 0, 
253, 20, 727, 493, 14.3052791594851, 153, 243, Accidental, 1, 5, 158, 191, 14.2211952, 16.6719868624524, 66.339063, 0, 14.31, 0.313949678179611, 954, 0, 66559, 1, 1, 1, 0, 2, 
254, 20, 804, 101, 12.5453562962171, 176, 221, Accidental, 1, 8, 167, 270, 9.6318972, 8.72802361051983, 34.394948, 0, 12.55, 0.310582510884051, 199, 0, 49684, 4, 4, 0, 0, 0, 
255, 20, 755, 118, 15.6162057556731, 208, 174, Accidental, 4, 107, 2946, 3907, 10.0742940672897, 13.0389748616265, 79.1388336635514, 0, 11.77, 0.309240561493433, 587.44, 0, 1203087, 30, 28, 11, 8, 30, 
256, 20, 751, 67, 12.3077011826846, 250, 218, Lightning, 1, 26, 514, 869, 8.19280509230769, 9.21340546738894, 16.8963631538461, 0, 12.29, 0.31012934092223, 290.15, 0, 219711, 16, 5, 2, 1, 2, 
257, 20, 810, 62, 13.5457767136713, 254, 280, Accidental, 3, 93, 1716, 3058, 7.41630363870968, 7.18812308698318, 279.089371870968, 0, 14.99, 0.314981150179616, 178.42, 0, 469787, 74, 18, 0, 1, 0, 
258, 20, 929, 135, 13.6461160000514, 270, 179, Accidental, 2, 60, 1679, 2076, 13.305138, 12.8579506287009, 311.199139866666, 0, 12, 0.31022968826507, 603.78, 0, 475757, 13, 12, 6, 7, 22, 
259, 20, 719, 441, 8.46561112266626, 292, 170, Accidental, 1, 20, 378, 390, 24.5438028, 25.1646069111721, 86.182865, 0, 8.47, 0.302854030882885, 1608.2, 0, 228225, 0, 1, 1, 2, 16, 
260, 20, 807, 299, 5.52270167914721, 295, 129, Accidental, 2, 24, 571, 883, 11.0261691, 11.5234196645422, 287.783472666667, 0, 5.5, 0.297347232617782, 365.33, 0, 200870, 12, 5, 3, 0, 4, 
261, 20, 719, 237, 11.8735732235311, 303, 212, Accidental, 1, 1, 7, 10, 12.3016248, 13.2701570907161, 79.744973, NaN, 11.87, NaN, 320, 0, 8620, 0, 0, 1, 0, 0, 
262, 20, 814, 227, 6.89084162916334, 305, 202, Accidental, 3, 66, 1627, 2531, 11.3532416181818, 12.8896351045933, 199.398185787879, 0, 8.09, 0.301894033565661, 455.5, 0, 752835, 26, 22, 6, 0, 12, 
263, 20, 760, 169, 10.0324261096684, 325, 137, Accidental, 3, 67, 2130, 2336, 15.2575079104478, 17.9209594631524, 210.188857059701, 0, 8.61, 0.303368380235465, 1085.6, 0, 988242, 4, 11, 8, 5, 39, 
264, 20, 897, 77, 8.17567680196185, 350, 166, Lightning, 1, 3, 67, 136, 6.7257828, 6.84396749750072, 298.618041, 0, 8.18, 0.302308945766903, 168.33, 0, 12743, 3, 0, 0, 0, 0, 
265, 20, 767, 355, 4.61089475611997, 350, 149, Lightning, 2, 27, 594, 786, 8.53716853333334, 13.2738818787489, 284.975977666667, 0, 4.94, 0.296003585606062, 527.11, 0, 374007, 10, 9, 1, 1, 6, 
266, 21, 731, 169, 6.20176370795574, 20, 142, Accidental, 1, 8, 267, 267, 27.5526252, 27.6780996791463, 130.11909, 0, 6.2, 0.298612768646401, 2000, 0, 86056, 0, 0, 0, 0, 8, 
267, 21, 862, 55, 2.93562516314491, 27, 101, Accidental, 1, 5, 113, 194, 7.4198232, 7.62653790637641, 21.60831, 0, 2.94, 0.292554314811643, 170.4, 0, 19261, 5, 0, 0, 0, 0, 
268, 21, 753, 509, 15.3994594202059, 45, 256, Accidental, 1, 37, 925, 925, 40.4289684, 39.5234521510977, 123.272026, 0, 15.4, 0.316053063157074, 2000, 0, 549338, 0, 0, 0, 0, 37, 
269, 21, 735, 129, 17.0610370798306, 81, 283, Accidental, 2, 78, 2207, 2207, 29.4270756923077, 29.1174274205767, 117.713260384615, 0, 17.6, 0.320280947936663, 1978.26, 0, 1359966, 0, 0, 0, 0, 78, 
270, 21, 683, 521, 6.14309638429777, 88, 141, Accidental, 1, 5, 60, 100, 19.3938264, 14.1168496669731, 19.183439, 0, 6.14, 0.298503311091023, 283.8, 0, 53447, 2, 1, 1, 1, 0, 
271, 21, 800, 322, 5.8527199943055, 91, 190, Accidental, 2, 45, 1083, 1561, 13.66769768, 12.4562912132848, 313.918110022222, 0, 8.01, 0.301204079573648, 551.93, 0, 620260, 19, 7, 1, 3, 15, 
272, 21, 976, 74, 9.43773099278048, 105, 233, Accidental, 4, 109, 2234, 3781, 9.26063841467889, 9.73834985362183, 254.138508972477, 0, 12.38, 0.309838599914315, 244.24, 0, 676883, 71, 17, 8, 8, 5, 
273, 21, 929, 144, 13.5530079990121, 108, 193, Accidental, 2, 39, 1141, 1288, 15.9378977538462, 15.8702907826258, 336.077487615385, 0, 13.47, 0.312507972612154, 715.08, 0, 360193, 1, 8, 4, 4, 22, 
274, 21, 741, 364, 11.8408848540929, 121, 212, Accidental, 1, 4, 84, 84, 15.6523104, 19.7061357216622, 67.417726, 0, 11.84, 0.309240258347007, 1227.25, 0, 50090, 0, 0, 0, 0, 4, 
275, 21, 769, 44, 11.3440131449798, 131, 206, Accidental, 1, 12, 212, 311, 11.1327876, 11.7636310347863, 59.983437, 0, 11.34, 0.3082954820426, 530.92, 0, 100472, 3, 4, 3, 0, 2, 
276, 21, 684, 516, 11.1824453848501, 151, 204, Accidental, 1, 2, 75, 88, 10.6885152, 13.8690330824544, 134.461134, 0, 11.18, 0.307988614088529, 394, 0, 36747, 0, 1, 0, 0, 1, 
277, 21, 835, 51, 15.1112662368892, 168, 253, Lightning, 1, 6, 39, 76, 5.71203, 5.73542096807703, 296.336325, 0, 15.11, 0.315498322783762, 138.33, 0, 5519, 6, 0, 0, 0, 0, 
278, 21, 872, 61, 15.098002397087, 186, 253, Accidental, 1, 13, 253, 501, 6.6446352, 6.66583263233348, 81.9275170000001, 0, 15.1, 0.315472803978992, 159.08, 0, 55526, 11, 2, 0, 0, 0, 
279, 21, 898, 152, 16.9054027335424, 190, 275, Accidental, 1, 1, 39, 53, 10.8282852, 12.2765560742841, 106.32776, NaN, 16.91, NaN, 250, 0, 7949, 0, 1, 0, 0, 0, 
280, 21, 975, 144, 17.8413074488653, 228, 287, Accidental, 1, 15, 395, 523, 10.6999956, 11.252527675207, 54.897421, 0, 17.84, 0.320774282659765, 300, 0, 94362, 5, 6, 2, 1, 1, 
281, 21, 777, 163, 24.7707674780187, 278, 273, Lightning, 2, 67, 2457, 2519, 23.2176421074627, 22.7277774912173, 178.034729014925, 0, 25.15, 0.33614195979429, 1774.51, 0, 1195822, 0, 3, 1, 3, 60, 
282, 21, 744, 182, 26.8656232245234, 301, 399, Lightning, 1, 1, 18, 18, 21.0879756, 22.8214011762381, 323.536964, NaN, 26.87, NaN, 842, 0, 15943, 0, 0, 0, 0, 1, 
283, 21, 812, 98, 19.6393879585187, 302, 309, Accidental, 1, 3, 80, 120, 11.0353212, 9.60214478234066, 108.321415, 0, 19.64, 0.324274468553028, 236.67, 0, 30794, 1, 2, 0, 0, 0, 
284, 21, 737, 43, 22.3519171802369, 305, 343, Lightning, 1, 40, 1450, 1461, 16.25907978, 20.2545005861233, 140.7722706, 0, 22.28, 0.329464077798851, 1812.98, 0, 689668, 0, 0, 1, 1, 38, 
285, 21, 776, 218, 19.1137104826415, 315, 303, Accidental, 1, 41, 489, 779, 10.9607830243902, 13.674831899748, 124.177765926829, 0, 19.14, 0.323277794451763, 393.68, 0, 320938, 17, 13, 6, 0, 5, 
286, 21, 703, 384, 25.9477147481578, 318, 388, Accidental, 1, 6, 191, 197, 13.694922, 19.7417724345887, 108.092795, 0, 25.95, 0.336708763883194, 919.17, 0, 114146, 0, 0, 1, 1, 4, 
287, 21, 733, 488, 20.2856513977185, 335, 317, Lightning, 1, 4, 161, 161, 31.7319012, 32.7109951333638, 45.123326, 0, 20.29, 0.325537342634981, 2000, 0, 66035, 0, 0, 0, 0, 4, 
288, 21, 684, 344, 19.3292375895591, 349, 305, Accidental, 1, 2, 16, 16, 18.0830268, 19.6802770669254, 63.879049, 0, 19.33, 0.32366930432549, 634.5, 0, 12900, 0, 0, 1, 0, 1, 
289, 21, 698, 535, 5.49993100743558, 361, 192, Accidental, 1, 22, 479, 557, 20.9166156, 19.8448811428883, 88.4394561363636, 0, 6.15, 0.29772970536771, 1199.77, 0, 336472, 3, 4, 1, 0, 14, 
290, 22, 1006, 30, 17.2631114745451, 85, 280, Accidental, 1, 14, 454, 454, 22.0388796, 22.2989090993759, 42.159798, 0, 17.26, 0.319652997787176, 1906.71, 0, 139464, 0, 0, 0, 0, 14, 
291, 22, 868, 150, 14.2714734042567, 130, 211, Accidental, 2, 44, 1181, 1300, 15.9370254, 16.9539220862872, 3.19243768181822, 0, 13.99, 0.313660863792448, 1044.95, 0, 645065, 2, 3, 6, 5, 28, 
292, 22, 841, 51, 19.1139490831836, 155, 303, Accidental, 1, 11, 136, 232, 9.8935344, 13.202849083459, 104.993403, 0, 19.11, 0.323249580687418, 415.45, 0, 85401, 4, 4, 1, 0, 2, 
293, 22, 782, 29, 16.9755572149255, 170, 286, Accidental, 1, 8, 108, 212, 10.59201045, 10.6558822053436, 22.20772075, 0, 17.47, 0.319968300401465, 186.63, 0, 54196, 5, 3, 0, 0, 0, 
294, 22, 723, 408, 13.731587062926, 223, 240, Accidental, 2, 74, 2110, 2872, 10.2130512324324, 13.2950634071502, 354.126020432433, 0, 13.92, 0.31318630772328, 441.85, 0, 994583, 24, 19, 10, 9, 12, 
295, 22, 683, 44, 21.8293944827148, 269, 337, Lightning, 1, 2, 98, 98, 16.0570332, 18.3552222223584, 283.161203, 0, 21.83, 0.328564250159805, 2000, 0, 33567, 0, 0, 0, 0, 2, 
296, 22, 954, 91, 17.4373756740952, 291, 252, Lightning, 3, 90, 1913, 2951, 9.03040911999999, 9.60062372725871, 155.631304444444, 0, 16.63, 0.318762412361645, 249.27, 0, 536778, 42, 33, 9, 2, 4, 
297, 22, 750, 260, 21.4372040725047, 353, 349, Accidental, 1, 20, 452, 523, 21.0669228, 19.8400179784132, 138.5273234, 0, 22.27, 0.329234272619136, 1030.25, 0, 281461, 3, 1, 3, 1, 12, 
298, 22, 698, 224, 17.0825101688402, 363, 277, Lightning, 1, 31, 360, 599, 11.064582, 13.8569777247697, 21.886804, 0, 17.08, 0.31930318715481, 345.26, 0, 248854, 19, 3, 3, 1, 5, 
299, 23, 781, 23, 11.6197559067139, 86, 209, Accidental, 1, 1, 9, 9, 15.4777356, 15.7460682363745, 298.475704, NaN, 11.62, NaN, 1667, 0, 7405, 0, 0, 0, 0, 1, 
300, 23, 837, 111, 17.6793277479586, 101, 285, Accidental, 1, 37, 1287, 1302, 18.8517564, 18.7862354657146, 39.333382, 0, 17.68, 0.320459949042744, 1569.3, 0, 493939, 1, 1, 1, 4, 30, 
301, 23, 848, 44, 18.2943431186904, 102, 292, Accidental, 1, 16, 388, 408, 19.1211084, 18.7653129307793, 40.655507, 0, 18.29, 0.32165429487445, 1212.81, 0, 195585, 0, 1, 1, 1, 13, 
302, 23, 886, 114, 14.1964237997813, 124, 241, Accidental, 1, 13, 309, 460, 9.5837364, 9.37210349358231, 25.167361, 0, 14.2, 0.313740836871907, 223.15, 0, 81895, 3, 9, 1, 0, 0, 
303, 23, 910, 67, 15.0263409213419, 131, 252, Accidental, 1, 23, 353, 591, 8.3151612, 9.34576855262126, 47.254488, 0, 15.03, 0.31533495099723, 195.96, 0, 108468, 13, 8, 1, 0, 1, 
304, 23, 827, 172, 13.7281687398016, 134, 255, Lightning, 5, 172, 4214, 7574, 7.06145104883721, 7.15877419638109, 124.90418633721, 0, 13.51, 0.312240020725457, 189.27, 0, 1149793, 134, 29, 5, 0, 4, 
305, 23, 814, 317, 12.5766116738395, 164, 217, Lightning, 1, 33, 703, 1156, 6.7801344, 9.75681663908079, 17.2317099090909, 0, 12.5, 0.310489912014828, 366.06, 0, 303956, 18, 8, 2, 1, 4, 
306, 23, 699, 355, 17.2733533312217, 196, 287, Accidental, 3, 99, 1621, 2518, 9.94686632727272, 11.3611027139995, 28.7072236363637, 0, 17.9, 0.320608246346768, 253.14, 0, 720612, 59, 22, 6, 5, 7, 
307, 23, 814, 178, 13.0029313245125, 224, 226, Accidental, 1, 6, 118, 227, 5.4651708, 5.46978359282048, 336.246313, 0, 13, 0.311456056207017, 140.67, 0, 35080, 6, 0, 0, 0, 0, 
308, 23, 929, 169, 24.0091185748265, 236, 267, Accidental, 4, 147, 4296, 5815, 12.466332832653, 12.9255506693093, 74.361747, 0, 19.44, 0.324175588150929, 613.37, 0, 1269397, 56, 21, 8, 5, 57, 
309, 23, 698, 540, 8.15873963957342, 249, 203, Accidental, 1, 16, 198, 398, 6.924362625, 9.78996074157006, 295.403217875, 0, 8.72, 0.302277120591354, 209.25, 0, 88000, 10, 5, 0, 0, 1, 
310, 23, 751, 70, 13.0877519548847, 261, 229, Accidental, 2, 72, 1868, 2710, 8.78124129999999, 11.2031572423977, 108.969892222222, 0, 13.6, 0.312296181701639, 386.81, 0, 728061, 30, 24, 6, 2, 10, 
311, 23, 795, 104, 17.3724740447748, 290, 266, Accidental, 1, 33, 894, 1007, 13.0142227636364, 13.7194612624361, 320.993041666667, 0, 16.67, 0.318617904126499, 556.12, 0, 230873, 4, 5, 11, 3, 10, 
312, 23, 872, 169, 14.4539812838734, 328, 245, Accidental, 1, 5, 115, 169, 12.6500976, 8.92238010789062, 354.063251, 0, 14.45, 0.314235088149557, 283.6, 0, 44060, 2, 1, 1, 0, 1, 
313, 24, 676, 106, 9.62304047119278, 60, 184, Accidental, 1, 8, 146, 155, 21.7343556, 22.0662159671555, 77.171854, 0, 9.62, 0.305035557110758, 1303.38, 0, 172065, 0, 0, 1, 0, 7, 
314, 24, 942, 129, 9.64123719036532, 76, 185, Lightning, 1, 2, 57, 57, 16.7258268, 17.7490890621631, 285.551981, 0, 9.64, 0.305069924681017, 1317, 0, 30031, 0, 0, 0, 0, 2, 
315, 24, 816, 235, 11.9614567722257, 98, 213, Lightning, 1, 6, 307, 307, 24.125814, 25.0138315193708, 151.91435, 0, 11.96, 0.309469760695022, 2000, 0, 154596, 0, 0, 0, 0, 6, 
316, 24, 847, 78, 13.1030324850691, 116, 246, Accidental, 7, 272, 8530, 9331, 17.5241574264706, 17.9256476003232, 110.341848915441, 0, 17.67, 0.32043653825493, 1219.55, 0, 3538735, 10, 51, 28, 17, 166, 
317, 24, 932, 128, 17.2266302427194, 176, 263, Accidental, 3, 93, 2014, 3279, 8.44576339354838, 8.58074366284189, 266.988059612903, 0, 16.87, 0.319021371345896, 200.88, 0, 441057, 52, 39, 1, 1, 0, 
318, 24, 684, 219, 13.8767352683533, 178, 237, Accidental, 1, 3, 65, 114, 6.3800784, 6.5265307378863, 326.775106, 0, 13.88, 0.313127943953816, 175, 0, 13981, 3, 0, 0, 0, 0, 
319, 24, 683, 569, 11.8016268859463, 206, 211, Accidental, 1, 14, 208, 347, 10.4459986285714, 11.5211349541179, 112.210189142857, 0, 12.39, 0.310136446955727, 289.21, 0, 154024, 8, 4, 0, 0, 2, 
320, 24, 689, 289, 10.937692893794, 272, 201, Accidental, 1, 1, 60, 86, 10.6175052, 10.3834606509373, 277.505535, NaN, 10.94, NaN, 203, 0, 14124, 0, 1, 0, 0, 0, 
321, 24, 719, 472, 11.5127035132297, 280, 208, Accidental, 1, 16, 556, 571, 19.2225924, 19.8068423943725, 201.848588, 0, 11.51, 0.308616058833269, 1496.13, 0, 324807, 0, 0, 1, 0, 15, 
322, 24, 698, 75, 8.40644451770528, 283, 208, Accidental, 2, 52, 399, 819, 10.3033828384615, 10.0087131529963, 257.360690134615, 0, 11.78, 0.3090659162977, 256.37, 0, 351681, 37, 9, 3, 0, 3, 
323, 24, 962, 116, 18.6444452133437, 297, 297, Accidental, 1, 1, 4, 8, 9.8246916, 9.89319985649853, 23.988826, NaN, 18.64, NaN, 147, 0, 8159, 1, 0, 0, 0, 0, 
324, 24, 864, 53, 26.0017467009126, 302, 297, Accidental, 2, 105, 2762, 3040, 19.2092904, 20.0571235826699, 86.1345195999999, 0, 23.06, 0.331662922580153, 1327.4, 0, 966794, 7, 12, 7, 5, 74, 
325, 24, 789, 43, 12.7969726207815, 317, 224, Accidental, 1, 15, 380, 504, 9.1939536, 11.7649671632967, 339.264821, 0, 12.8, 0.31106269891215, 525.07, 0, 138602, 3, 4, 4, 1, 3, 
326, 24, 979, 57, 18.5996516393657, 325, 296, Accidental, 1, 4, 217, 233, 16.1429616, 14.7465237340873, 73.488195, 0, 18.6, 0.3222480655937, 425.75, 0, 47947, 0, 0, 0, 4, 0, 
327, 25, 693, 193, 4.25746187597312, 31, 123, Lightning, 1, 3, 56, 82, 16.3768236, 12.9611929128827, 336.986022666667, 0, 4.56, 0.295417933451001, 242, 0, 38575, 1, 2, 0, 0, 0, 
328, 25, 906, 140, 5.23063020592464, 31, 140, Lightning, 3, 48, 1281, 1661, 14.8494288, 13.971162976132, 195.708235583333, 0, 4.99, 0.296186449074941, 672.06, 0, 452198, 9, 13, 7, 3, 16, 
329, 25, 717, 146, 4.71086883305188, 31, 123, Lightning, 1, 4, 73, 76, 17.023716, 19.7112098986256, 330.853711, 0, 4.71, 0.295838326340695, 1242.75, 0, 61291, 0, 0, 0, 1, 3, 
330, 25, 915, 128, 5.38548478468639, 38, 131, Accidental, 1, 5, 141, 219, 12.8330064, 11.2784836106187, 93.197736, 0, 5.39, 0.297091883962099, 234, 0, 24776, 2, 2, 1, 0, 0, 
331, 25, 685, 302, 4.62404593434157, 42, 122, Accidental, 1, 17, 193, 323, 11.693412, 12.1006056445049, 19.21179, 0, 4.62, 0.295677216725448, 199.29, 0, 97746, 9, 7, 0, 1, 0, 
332, 25, 756, 356, 5.86480013228082, 49, 137, Accidental, 1, 1, 14, 14, 19.6160796, 25.4146183547927, 82.497569, NaN, 5.86, NaN, 2000, 0, 17767, 0, 0, 0, 0, 1, 
333, 25, 683, 117, 22.1662460343441, 106, 339, Accidental, 1, 13, 222, 222, 23.2838916923077, 25.4243621318388, 296.275406384615, 0, 22.13, 0.329175825734733, 2000, 0, 245323, 0, 0, 0, 0, 13, 
334, 25, 984, 28, 24.9625562821237, 133, 376, Accidental, 1, 30, 1079, 1099, 17.1215676, 17.3075077417989, 8.78445899999997, 0, 24.96, 0.33475141169426, 1722.73, 0, 365807, 0, 1, 0, 0, 29, 
335, 25, 767, 46, 19.6626101832638, 145, 310, Accidental, 1, 2, 53, 106, 8.1174924, 4.3870397113948, 357.835629, 0, 19.66, 0.324319803347919, 135.5, 0, 9282, 2, 0, 0, 0, 0, 
336, 25, 722, 509, 21.2469751470394, 169, 329, Accidental, 1, 7, 201, 290, 14.5559772, 11.2220228434354, 26.063587, 0, 21.25, 0.327420575792255, 226.57, 0, 84345, 3, 2, 2, 0, 0, 
337, 25, 782, 127, 19.3480426286232, 173, 339, Accidental, 2, 53, 527, 1150, 6.07480790943396, 7.27454066716273, 329.728727301887, 0, 19.55, 0.323910041224349, 158.36, 0, 226790, 48, 4, 0, 0, 1, 
338, 25, 741, 312, 22.8720118637215, 221, 317, Accidental, 2, 101, 1233, 2141, 11.2077820158416, 12.2072367208047, 258.49774989109, 0, 21.73, 0.328815313159142, 348.37, 0, 763411, 52, 21, 11, 6, 11, 
339, 25, 809, 215, 21.5244024078156, 252, 333, Lightning, 1, 10, 118, 231, 12.162834, 9.95925131275525, 76.572996, 0, 21.52, 0.327965094372129, 158.6, 0, 61021, 7, 3, 0, 0, 0, 
340, 25, 855, 117, 16.809491303612, 267, 256, Accidental, 1, 5, 165, 247, 8.02687464, 8.90831036289584, 25.0547032, 0, 16.23, 0.318073801347184, 207.4, 0, 43345, 3, 1, 1, 0, 0, 
341, 25, 685, 338, 23.5100182534205, 272, 357, Accidental, 1, 26, 564, 776, 13.8319776, 13.4229662282062, 316.713212, 0, 23.51, 0.331875807644987, 268.62, 0, 253608, 7, 12, 4, 2, 1, 
342, 25, 701, 106, 17.4767331223228, 327, 282, Accidental, 1, 6, 94, 128, 14.1211548, 16.054265851598, 310.278175, 0, 17.48, 0.320067028381, 436.67, 0, 69626, 0, 3, 0, 0, 3, 
343, 26, 811, 326, 3.54454315515858, 7, 109, Accidental, 1, 1, 1, 2, 14.6467116, 14.0947280082561, 115.031744, NaN, 3.54, NaN, 291, 0, 143, 0, 1, 0, 0, 0, 
344, 26, 763, 181, 3.54386909801411, 39, 109, Accidental, 1, 1, 9, 9, 23.4307332, 25.8551418089607, 21.427128, NaN, 3.54, NaN, 2000, 0, 18470, 0, 0, 0, 0, 1, 
345, 26, 701, 399, 0.883215205795448, 59, 75, Accidental, 1, 2, 66, 84, 8.8087248, 17.1513596828993, 88.51171, 0, 0.88, 0.28878435769963, 1122, 0, 27278, 0, 1, 0, 0, 1, 
346, 26, 839, 139, 12.7663944972484, 87, 224, Accidental, 1, 2, 81, 81, 21.1385448, 20.1915302092641, 328.915483, 0, 12.77, 0.311004321469007, 2000, 0, 25189, 0, 0, 0, 0, 2, 
347, 26, 763, 160, 20.2264039645304, 175, 301, Accidental, 2, 68, 2075, 2439, 14.1707157352941, 13.1975203046094, 288.210055455882, 0, 19.75, 0.324856965429573, 688.74, 0, 902661, 9, 11, 15, 9, 24, 
348, 26, 748, 392, 13.907516135524, 181, 238, Accidental, 1, 30, 725, 1002, 7.7594292, 11.2941957124478, 57.6169909999999, 0, 13.91, 0.313186927344953, 322.27, 0, 318754, 11, 9, 5, 3, 2, 
349, 26, 749, 234, 18.8465150698868, 184, 254, Lightning, 2, 58, 1136, 1631, 13.2294975517241, 13.574680829105, 168.62938987931, 0, 18.29, 0.32210689131862, 379, 0, 661055, 22, 12, 8, 6, 10, 
350, 26, 679, 239, 18.4827165986998, 197, 295, Accidental, 1, 23, 335, 510, 10.8206748, 13.1363092225749, 29.089053, 0, 18.48, 0.32202057980999, 390.61, 0, 122479, 10, 7, 3, 0, 3, 
351, 26, 857, 164, 16.6556851131433, 198, 272, Accidental, 1, 1, 36, 49, 10.7189028, 7.11339938610374, 67.297828, NaN, 16.66, NaN, 194, 0, 12736, 1, 0, 0, 0, 0, 
352, 26, 697, 118, 17.4933786953259, 217, 261, Lightning, 1, 38, 423, 708, 10.5431122421053, 10.8189043838587, 338.967971842105, 0, 17.45, 0.320099301901028, 234.16, 0, 286246, 15, 17, 3, 2, 1, 
353, 26, 891, 52, 20.7727686699081, 241, 323, Lightning, 1, 5, 166, 203, 14.9765688, 11.8958424998865, 8.419802, 0, 20.77, 0.326490905801099, 716, 0, 66145, 1, 0, 2, 0, 2, 
354, 26, 716, 141, 13.783819756619, 311, 326, Accidental, 3, 94, 946, 1892, 6.8069670893617, 7.52414345845677, 323.960494191489, 0, 15.71, 0.316482424585884, 200.7, 0, 637571, 67, 18, 3, 2, 4, 
355, 26, 724, 234, 16.3941364624578, 311, 269, Lightning, 1, 42, 246, 730, 6.0191316, 6.00117298864308, 293.27061, 0, 16.39, 0.317971728023049, 128.02, 0, 184926, 42, 0, 0, 0, 0, 
356, 27, 745, 541, 1.50247791328649, 56, 83, Accidental, 1, 5, 123, 204, 11.461968, 9.05312386770316, 61.886895, 0, 1.5, 0.289918804456893, 185, 0, 40668, 3, 2, 0, 0, 0, 
357, 27, 798, 252, 5.70010956073046, 80, 135, Accidental, 1, 1, 20, 40, 7.0026516, 6.49783079466417, 3.31879700000002, NaN, 5.7, NaN, 148, 0, 8945, 1, 0, 0, 0, 0, 
358, 27, 886, 96, 11.3200322401748, 87, 205, Accidental, 1, 7, 172, 233, 13.873806, 14.7556798614737, 10.280448, 0, 11.32, 0.308249924057514, 277.71, 0, 53680, 4, 0, 1, 1, 1, 
359, 27, 905, 66, 14.0722073497525, 89, 304, Accidental, 4, 131, 4282, 4631, 18.5316984824427, 18.6196176737725, 142.596353648855, 0, 16.37, 0.317484847717379, 1168.17, 0, 1414898, 6, 22, 11, 16, 76, 
360, 27, 754, 250, 20.1468977970766, 136, 316, Accidental, 1, 1, 57, 57, 17.8999812, 18.2612610331071, 274.667167, NaN, 20.15, NaN, 834, 0, 27586, 0, 0, 0, 0, 1, 
361, 27, 867, 62, 18.3568740950922, 142, 293, Accidental, 1, 12, 263, 441, 10.3535856, 10.5741518093572, 286.916809, 0, 18.36, 0.321775859647412, 357, 0, 74142, 3, 7, 1, 0, 1, 
362, 27, 787, 507, 24.0378869135023, 143, 364, Accidental, 1, 14, 303, 307, 19.8007812, 21.8797116264093, 220.741352, 0, 24.04, 0.3329193986822, 1395.93, 0, 195442, 0, 0, 0, 0, 14, 
363, 27, 757, 53, 20.9914969813252, 171, 369, Accidental, 10, 477, 14351, 18277, 13.3267074641509, 13.7203193530248, 86.3143951320755, 0, 19.35, 0.323426172126838, 582.45, 0, 5276965, 124, 115, 57, 29, 152, 
364, 27, 1008, 14, 20.4758412933408, 177, 320, Lightning, 1, 17, 655, 670, 16.6813452, 16.1854345011491, 46.613076, 0, 20.48, 0.325909480120732, 1453.47, 0, 207724, 0, 1, 0, 0, 16, 
365, 27, 694, 367, 18.9199187581975, 182, 300, Accidental, 1, 1, 51, 51, 17.5046256, 19.0973060621633, 69.742788, NaN, 18.92, NaN, 515, 0, 15651, 0, 0, 0, 0, 1, 
366, 27, 946, 156, 17.9555570403377, 185, 288, Accidental, 1, 21, 780, 910, 14.1161724, 15.0397279433545, 24.356056, 0, 17.96, 0.320996090286036, 570.43, 0, 156529, 2, 4, 6, 4, 5, 
367, 27, 771, 489, 12.9823476957466, 241, 231, Accidental, 2, 66, 1270, 1848, 8.63653390909091, 11.2238455087684, 274.158806530303, 0, 13.04, 0.311517572019249, 396, 0, 433586, 30, 19, 5, 3, 9, 
368, 27, 868, 170, 13.9859280906695, 273, 239, Accidental, 1, 13, 371, 392, 14.2191144, 16.9204653075263, 323.113486, 0, 13.99, 0.313337210423528, 697.77, 0, 252691, 0, 1, 2, 2, 8, 
369, 27, 709, 467, 9.60940114279418, 307, 184, Lightning, 1, 2, 50, 55, 17.6241168, 29.2010352699891, 235.237989, 0, 9.61, 0.305009798365293, 1172, 0, 19057, 0, 0, 1, 0, 1, 
370, 27, 701, 210, 21.6014425577228, 316, 334, Accidental, 1, 1, 20, 20, 27.81666, 28.4760020855705, 132.711824, NaN, 21.6, NaN, 2000, 0, 18433, 0, 0, 0, 0, 1, 
371, 27, 962, 110, 16.8058829461225, 329, 274, Accidental, 1, 30, 1147, 1151, 19.7446968, 20.3366615651993, 248.7213, 0, 16.81, 0.318767776180719, 1881.77, 0, 362740, 0, 2, 0, 0, 28, 
372, 27, 727, 428, 3.68208806837526, 335, 112, Accidental, 3, 40, 1348, 1512, 19.46343402, 19.1614472788778, 54.27705665, 0, 3.94, 0.294396534104913, 1016.6, 0, 712969, 3, 6, 4, 4, 23, 
373, 28, 705, 295, 7.00425731045086, 40, 78, Accidental, 5, 76, 1491, 1713, 25.6273819105263, 26.3576119195132, 146.469491052631, 0, 3.35, 0.293878742888625, 1253.55, 0, 1011616, 12, 5, 6, 3, 50, 
374, 28, 1040, 20, 2.4749748713146, 53, 95, Accidental, 1, 14, 249, 328, 12.7122264, 13.2687580955468, 119.42859, 0, 2.47, 0.291705662626003, 281.29, 0, 116756, 6, 3, 3, 1, 1, 
375, 28, 855, 67, 12.1327449041696, 92, 216, Accidental, 1, 3, 111, 119, 15.0892164, 14.0994194914925, 69.152948, 0, 12.13, 0.309795960245364, 454.67, 0, 31941, 0, 0, 0, 3, 0, 
376, 28, 912, 64, 13.1267341335601, 108, 222, Lightning, 2, 54, 1129, 1717, 8.8279384, 9.58738821913941, 275.627475703704, 0, 12.98, 0.311475304549245, 262.56, 0, 339447, 22, 20, 9, 2, 1, 
377, 28, 712, 268, 12.6458829074554, 129, 222, Accidental, 1, 15, 159, 251, 14.4266652, 14.015554527788, 354.571784, 0, 12.65, 0.310774308385764, 502.67, 0, 138723, 4, 3, 3, 1, 4, 
378, 28, 716, 530, 12.1664465064611, 144, 216, Accidental, 1, 3, 12, 28, 12.6956412, 13.1200125109229, 310.343168, 0, 12.17, 0.309860163575451, 794, 0, 18585, 1, 1, 0, 0, 1, 
379, 28, 747, 473, 12.1241961044768, 169, 215, Accidental, 2, 35, 738, 1176, 8.4944412, 9.28302898203974, 155.643802, 0, 12.12, 0.309779675496861, 203.14, 0, 244517, 22, 12, 0, 0, 1, 
380, 28, 790, 315, 14.0788642215747, 183, 240, Accidental, 1, 16, 682, 774, 11.7789408, 15.6207761502832, 12.330582, 0, 14.08, 0.313515381061115, 599.5, 0, 338597, 2, 1, 2, 6, 5, 
381, 28, 721, 189, 18.3819813566044, 256, 294, Accidental, 1, 44, 260, 657, 6.6872448, 7.04798716819867, 335.383337, 0, 18.38, 0.321824676786019, 151.25, 0, 179616, 40, 2, 2, 0, 0, 
382, 28, 757, 358, 10.2637468787846, 306, 192, Accidental, 1, 7, 129, 181, 12.3593436, 15.5169121267484, 131.66408, 0, 10.26, 0.306246945700834, 809.43, 0, 108139, 2, 2, 0, 0, 3, 
383, 28, 717, 305, 24.5365973901087, 311, 270, Accidental, 5, 230, 4854, 7417, 11.0268739095652, 12.154619414591, 134.132515960869, 0, 20.15, 0.325620667273748, 487.47, 0, 2322336, 118, 38, 19, 6, 49, 
384, 28, 946, 166, 20.9070122590817, 313, 325, Accidental, 2, 53, 1309, 2066, 8.55555479999999, 8.59892137114424, 224.9012, 0, 20.91, 0.326753949041691, 206.79, 0, 287701, 28, 22, 3, 0, 0, 
385, 28, 899, 114, 20.2207914796749, 317, 316, Accidental, 1, 50, 1164, 1671, 10.0205604, 9.44634587683433, 358.623632, 0, 20.22, 0.325410483926307, 266.64, 0, 272057, 16, 20, 9, 1, 4, 
386, 28, 820, 38, 19.7350658435819, 320, 310, Accidental, 1, 17, 462, 510, 17.1385812, 17.9760223446607, 124.38324, 0, 19.74, 0.324461273615215, 1001.12, 0, 255892, 0, 5, 1, 1, 10, 
387, 28, 742, 388, 5.08123436671024, 348, 126, Accidental, 4, 78, 2077, 2366, 19.6969004769231, 22.5234477484916, 134.341659141026, 0, 8.58, 0.3031634668249, 1275.95, 0, 1251684, 15, 7, 7, 1, 48, 
388, 28, 784, 49, 19.2493195375237, 349, 304, Accidental, 1, 34, 1174, 1174, 28.0990332, 28.0295818868581, 135.646021, 0, 19.25, 0.323513463972658, 2000, 0, 564903, 0, 0, 0, 0, 34, 
389, 29, 766, 471, 4.36190608170144, 59, 119, Accidental, 1, 12, 296, 471, 11.6059824, 10.5921952817846, 90.254528, 0, 4.36, 0.295191095901263, 206.83, 0, 127902, 4, 8, 0, 0, 0, 
390, 29, 904, 179, 9.21215042003408, 97, 179, Accidental, 1, 7, 260, 321, 14.2674516, 12.5060300896361, 81.623453, 0, 9.21, 0.304260100843129, 582, 0, 57587, 1, 1, 2, 0, 3, 
391, 29, 746, 416, 14.8637919146806, 131, 250, Accidental, 1, 7, 257, 257, 16.3976148, 19.554394342507, 161.82658, 0, 14.86, 0.315022380958644, 1533.43, 0, 138779, 0, 0, 0, 0, 7, 
392, 29, 765, 521, 16.7924857599687, 138, 274, Accidental, 1, 2, 14, 31, 12.2351904, 8.78598095172813, 358.957827, 0, 16.79, 0.318741858105152, 186.5, 0, 9319, 1, 1, 0, 0, 0, 
393, 29, 721, 529, 18.5230677897924, 143, 241, Accidental, 3, 115, 2851, 3233, 16.9609901947827, 17.3978560289611, 61.4265138869565, 0, 16.33, 0.318899580034708, 973.1, 0, 1677577, 6, 22, 19, 5, 63, 
394, 29, 966, 71, 19.4898292206162, 167, 285, Accidental, 2, 88, 3070, 3757, 11.4166111909091, 11.7278364063209, 281.682091022728, 0, 18.73, 0.322680970766078, 422.57, 0, 887081, 14, 26, 13, 13, 22, 
395, 29, 832, 155, 14.5383781804649, 203, 281, Accidental, 2, 54, 1872, 2689, 8.97720266666667, 10.1026911847565, 334.343019703704, 0, 15.28, 0.31564922811053, 396.52, 0, 486052, 20, 23, 5, 0, 6, 
396, 29, 715, 271, 12.7151460504134, 219, 246, Accidental, 2, 48, 351, 726, 8.5680054, 9.14921666581998, 83.61383275, 0, 13.17, 0.3115056411911, 196.19, 0, 273442, 30, 17, 0, 0, 1, 
397, 29, 767, 511, 16.3802220530808, 239, 254, Lightning, 3, 84, 1613, 2725, 8.66215384285715, 8.86448966971803, 66.1682427261905, 0, 15.04, 0.315527896641072, 366.94, 0, 738858, 48, 16, 5, 5, 10, 
398, 29, 759, 418, 17.6516641598384, 257, 284, Lightning, 1, 18, 572, 641, 15.1427628, 18.3962860660032, 251.157447, 0, 17.65, 0.320406282073759, 958.83, 0, 323671, 2, 1, 3, 1, 11, 
399, 29, 698, 222, 24.3744122999008, 283, 381, Lightning, 4, 189, 4397, 4537, 22.8785956380952, 23.3771171296567, 213.823531867724, 0, 25.82, 0.336385869797657, 1586.42, 0, 2542922, 4, 5, 6, 11, 163, 
400, 29, 978, 142, 25.6376453108455, 308, 384, Lightning, 1, 42, 1700, 1832, 15.4508256, 15.5686885223514, 264.488506, 0, 25.64, 0.336092097225441, 1208.33, 0, 430051, 3, 2, 2, 4, 31, 
401, 29, 987, 100, 25.269550268576, 350, 379, Lightning, 1, 21, 954, 954, 23.6652264, 23.8998113028139, 116.662871, 0, 25.27, 0.335360753902122, 2000, 0, 282766, 0, 0, 0, 0, 21, 
402, 30, 753, 528, 4.27691828169563, 6, 118, Accidental, 1, 2, 48, 48, 20.3456124, 18.3940964602728, 65.777242, 0, 4.28, 0.295033591454716, 2000, 0, 23372, 0, 0, 0, 0, 2, 
403, 30, 981, 66, 9.36369282308356, 9, 181, Accidental, 1, 24, 841, 841, 32.2383852, 32.3884315640396, 131.054097, 0, 9.36, 0.304545971620188, 2000, 0, 260621, 0, 0, 0, 0, 24, 
404, 30, 975, 90, 2.15821186852114, 19, 96, Accidental, 2, 16, 585, 801, 9.878651325, 10.6621078568153, 60.2015415, 0, 2.18, 0.291122933746665, 295.13, 0, 142443, 5, 5, 3, 1, 2, 
405, 30, 891, 128, 8.03687316208234, 55, 165, Accidental, 1, 8, 150, 152, 20.3111748, 20.3132340228812, 125.514334, 0, 8.04, 0.302048187698731, 1318.75, 0, 125758, 0, 0, 0, 1, 7, 
406, 30, 718, 158, 7.19557737151202, 70, 154, Accidental, 1, 11, 193, 243, 15.7570452, 16.0104808564226, 47.566826, 0, 7.2, 0.300470454927422, 505.36, 0, 140416, 3, 1, 0, 0, 7, 
407, 30, 828, 38, 16.2287649036337, 137, 267, Lightning, 1, 26, 266, 533, 7.5506796, 6.88251432230708, 23.749146, 0, 16.23, 0.317652306532977, 144.38, 0, 66841, 24, 2, 0, 0, 0, 
408, 30, 779, 330, 14.7267199801289, 171, 248, Accidental, 1, 31, 830, 1083, 10.1893572, 15.0217494561156, 77.784782, 0, 14.73, 0.314758931599338, 623.23, 0, 494451, 10, 6, 5, 2, 8, 
409, 30, 712, 135, 14.8632157788219, 201, 250, Accidental, 1, 12, 63, 186, 5.4097776, 6.29205029739322, 25.861104, 0, 14.86, 0.31502127338849, 142.75, 0, 49432, 12, 0, 0, 0, 0, 
410, 30, 700, 329, 14.0161611544305, 224, 239, Accidental, 1, 27, 616, 1143, 6.0678, 7.15362799985729, 0.655407999999966, 0, 14.02, 0.31339516509363, 170.89, 0, 220500, 19, 7, 1, 0, 0, 
411, 30, 949, 95, 18.0045307377268, 233, 289, Accidental, 1, 1, 38, 53, 9.5016744, 10.5331312529618, 55.172337, NaN, 18, NaN, 234, 0, 8878, 0, 1, 0, 0, 0, 
412, 30, 704, 351, 14.481273809657, 253, 245, Lightning, 1, 10, 164, 244, 10.4775408, 14.8022649208209, 337.058334, 0, 14.48, 0.314287487058079, 571.4, 0, 85885, 2, 5, 1, 0, 2, 
413, 30, 708, 160, 13.9124760603376, 269, 238, Accidental, 1, 29, 281, 631, 7.9624548, 7.92539900970748, 340.307697, 0, 13.91, 0.313196432294499, 164, 0, 159476, 24, 5, 0, 0, 0, 
414, 30, 1010, 55, 18.4704944384492, 275, 295, Accidental, 1, 2, 64, 99, 10.26378, 9.1935108212425, 348.601944, 0, 18.47, 0.321996807649444, 204, 0, 17062, 0, 2, 0, 0, 0, 
415, 30, 944, 119, 18.858921992058, 295, 299, Accidental, 1, 23, 900, 1039, 13.5674172, 13.9950682727269, 229.991046, 0, 18.86, 0.322752751361356, 573.26, 0, 231185, 1, 6, 5, 4, 7, 
416, 30, 693, 519, 12.4538228858976, 300, 220, Accidental, 1, 26, 749, 1152, 11.3870844, 13.8395128417572, 12.462323, 0, 12.45, 0.310407928349794, 445.35, 0, 364646, 11, 7, 2, 1, 5, 
417, 30, 693, 312, 20.4718830130466, 301, 299, Accidental, 2, 75, 2489, 3222, 12.372526464, 15.1450183906616, 27.0074836133333, 0, 19.97, 0.32508775648805, 651.25, 0, 1098569, 21, 14, 12, 3, 25, 
418, 30, 723, 35, 8.19962295304979, 344, 167, Accidental, 1, 3, 115, 140, 13.1514696, 16.488234722463, 343.148392, 0, 8.2, 0.302353944174531, 348.67, 0, 50150, 0, 0, 3, 0, 0, 
419, 30, 938, 161, 9.95032435745341, 354, 206, Accidental, 2, 51, 1387, 2017, 11.1874973647059, 10.5809672339791, 348.128927647059, 0, 10.51, 0.306464169389532, 250.53, 0, 246147, 12, 33, 2, 2, 2, 
420, 30, 704, 273, 16.3260805364008, 356, 268, Accidental, 2, 43, 795, 927, 18.0542016, 18.0724317281233, 341.361054, 0, 16.33, 0.317840254636492, 767.98, 0, 570142, 9, 1, 3, 0, 30, 
