"","Time","ClimateRegionName","ClimateRegionIndex","NumSites","NEEC","SOMTC","AGB","AG_NPPC","BG_NPPC","Litterfall","AgeMortality","MineralN","TotalN","GrossMineralization","C_LiveLeaf","C_LiveFRoot","C_LiveWood","C_LiveCRoot","C_DeadWood","C_DeadCRoot","C_DeadLeaf_Struc","C_DeadLeaf_Meta","C_DeadFRoot_Struc","C_DeadFRoot_Meta","C_SOM1surf","C_SOM1soil","C_SOM2","C_SOM3","N_Leaf","N_FRoot","N_Wood","N_CRoot","N_DeadWood","N_DeadCRoot","N_DeadLeaf_Struc","N_DeadLeaf_Meta","N_DeadFRoot_Struc","N_DeadFRoot_Meta","N_SOM1surf","N_SOM1soil","N_SOM2","N_SOM3","SurfStrucNetMin","SurfMetaNetMin","SoilStrucNetMin","SoilMetaNetMin","SOM1surfNetMin","SOM1soilNetMin","SOM2NetMin","SOM3NetMin","TotalNdep","StreamC","StreamN","FireCEfflux","FireNEfflux","Nuptake","Nresorbed","TotalSoilN","Nvol","FrassC","X"
"1",0," eco1",0,1,0,2923,100,0,0,0,0,2,180.2,0,0,0,47,4.7,51.7,33.8,4.4,0.8,0,0,15,30,1750,1128,0,0,0.1,0.1,0.3,0.2,0,0.1,0,0,1.5,3,40,133,0,0,0,0,0,0,0,0,0,0,0,0,0,0,0,179.6,0,0,NA
"2",1," eco1",0,1,42.5,2861.6,133,18.7,1.9,1.8,1.2,2.19,181.9,3,3.8,0.4,58.9,5.9,52.6,33.9,4.7,1,0.1,0.1,3.5,51.7,1678,1128.3,0.2,0,0.2,0.1,0.3,0.2,0,0.1,0,0,0.3,6,39.3,133.1,0,0,0,0,1,0.9,-3,0,3.42,0.01,0.04,0,0,0.3,0.1,181,1.71,0,NA
"3",2," eco1",0,1,32.3,2801.4,172,29.1,2.9,8.9,1.6,2.33,183.6,3.2,3.6,0.4,77.6,7.8,53.3,34,8.7,3.1,0.4,0.4,1.5,64.7,1606.5,1128.8,0.2,0,0.2,0.2,0.3,0.2,0,0.1,0,0,0.1,7.8,39,133.1,0,0,0,0,0.3,1.6,-3.1,0,3.38,0,0.02,0,0,0.3,0.3,182.6,1.66,0,NA
"4",3," eco1",0,1,-6.5,2752,264,56.8,5.7,11.6,2.2,2.55,185.2,3,9.1,0.9,115.2,11.5,54,34.1,14,5.1,0.7,0.6,1.7,70.4,1550.6,1129.1,0.4,0,0.3,0.2,0.3,0.2,0.1,0.1,0,0,0.1,8.7,38.9,133.2,0,0,0,0,0.1,1.7,-2.5,0,3.35,0,0,0,0,0.6,0.4,183.7,1.81,0,NA
"5",4," eco1",0,1,-6.5,2704.9,339,58.5,5.8,19.9,3.3,2.93,186.4,3.3,6.7,0.7,152.8,15.3,54.8,34.1,23.4,8.5,1.4,1,2.7,73.2,1499.5,1129.5,0.3,0,0.4,0.3,0.3,0.2,0.1,0.2,0,0.1,0.1,9.1,39,133.3,0,-0.1,0,0,0.2,1.9,-2.4,0,3.41,0,0,0,0,0.7,0.6,184.9,1.97,0,NA
"6",5," eco1",0,1,-78.4,2666.1,518,120.5,12.1,31.4,4.9,2.84,187.6,3.1,11.5,1.1,232.3,23.2,56.3,34.2,38.5,14.6,2.4,1.8,4.2,74.3,1457.7,1129.9,0.5,0,0.6,0.5,0.3,0.2,0.2,0.4,0,0.1,0.2,9.2,39.1,133.3,0,-0.1,0,0,0.2,1.8,-2,0,3.4,0,0,0,0,1.5,1,185.5,1.85,0,NA
"7",6," eco1",0,1,-71.2,2631.9,676,113.8,11.4,32.9,6.7,3,188.8,3.1,12.7,1.3,305.4,30.5,58.4,34.3,53.8,19.1,3.5,2.3,5.7,74.6,1421.3,1130.2,0.6,0,0.8,0.6,0.3,0.2,0.3,0.5,0,0.1,0.3,9.3,39.3,133.4,0,-0.1,0,0,0.3,1.7,-1.8,0,3.41,0.01,0.06,0,0,1.3,1.1,186.2,1.95,0,NA
"8",7," eco1",0,1,-27.5,2592.6,776,86.8,8.7,31.7,8.3,3.28,189.3,3.9,7.1,0.7,357.8,35.8,59.5,34.2,67.2,19.2,4.5,2.2,7,74.3,1380.7,1130.6,0.3,0,1,0.7,0.2,0.2,0.3,0.5,0,0.1,0.4,9.2,39.5,133.4,0,-0.2,0,0,0.4,2,-2,0,3.38,0,0.05,0,0,1.2,1,186.8,2.17,0,NA
"9",8," eco1",0,1,-41.7,2555.4,912,97.9,9.8,24.6,9.5,3.55,190.2,3.8,11.9,1.2,416.8,41.7,60.4,34,76.3,17.6,5.2,1.9,7.4,73.4,1343.7,1131,0.6,0,1.1,0.8,0.2,0.2,0.4,0.5,0,0.1,0.3,9.1,39.6,133.5,0,-0.1,0,0,0.5,1.9,-1.8,0,3.43,0.01,0.06,0,0,1.1,0.8,187.2,2.44,0,NA
"10",9," eco1",0,1,-121.2,2526.9,1137,163.9,16.4,46.1,12,3.18,191,3.3,14.9,1.5,519.6,52,63.7,33.8,96.9,24.9,6.7,2.9,8.9,72.6,1314.1,1131.3,0.7,0.1,1.4,1,0.2,0.2,0.5,0.7,0,0.2,0.4,9,39.8,133.6,0,-0.1,0,0,0.4,1.6,-1.5,0,3.38,0,0,0,0,2.1,1.5,187.3,2.05,0,NA
"11",10," eco1",0,1,-95.9,2498.5,1327,148.3,14.8,44.8,14.3,3.19,191.8,3.7,14.6,1.5,609.1,60.9,67,33.5,115.5,27.8,8,3.2,10.4,71.8,1284.6,1131.7,0.7,0.1,1.7,1.2,0.2,0.3,0.6,0.8,0,0.2,0.5,8.9,39.9,133.6,0,-0.2,0,0,0.5,1.7,-1.5,0,3.4,0.02,0.06,0,0,1.9,1.4,187.6,2.05,0,NA
"12",11," eco1",0,1,-74.6,2472.6,1479,129.1,12.9,41.3,16.3,3.37,192.3,3.6,12,1.2,683.2,68.3,71,33,131.5,28.7,9.3,3.3,11.4,71,1258.2,1132,0.6,0,1.9,1.4,0.2,0.3,0.7,0.8,0,0.2,0.5,8.7,40,133.7,0,-0.2,0,0,0.6,1.7,-1.4,0,3.41,0,0.05,0,0,1.7,1.3,188,2.18,0,NA
"13",12," eco1",0,1,-136.4,2450,1725,186.2,18.6,51.2,19.1,3.18,193.2,3.7,16.6,1.7,794.4,79.4,76.6,32.6,152.2,32.6,10.8,3.7,12.9,70.3,1234.6,1132.3,0.8,0.1,2.2,1.6,0.2,0.3,0.8,0.9,0.1,0.2,0.6,8.6,40,133.7,0,-0.2,0,0,0.6,1.6,-1.3,0,3.4,0,0,0,0,2.5,1.7,188.1,1.93,0,NA
"14",13," eco1",0,1,-130.2,2429.8,1952,183.5,18.3,55,21.9,3.18,194,3.8,16.6,1.7,900.9,90.1,83.3,32.1,173.9,35.9,12.5,4.1,14.4,69.7,1213.1,1132.6,0.8,0.1,2.5,1.8,0.3,0.3,0.9,1,0.1,0.2,0.7,8.5,40,133.8,0,-0.2,0,0,0.7,1.6,-1.3,0,3.4,0,0,0,0,2.4,1.8,188.3,1.89,0,NA
"15",14," eco1",0,1,-94.7,2408.9,2132,158.7,15.9,49.8,24.2,3.32,194.5,4,14.5,1.4,987.8,98.8,89.1,31.2,191.1,34.9,13.9,3.9,15.2,68.9,1191.8,1132.9,0.7,0.1,2.7,2,0.3,0.3,1,1,0.1,0.2,0.7,8.4,40.1,133.8,0,-0.2,0,0,0.8,1.6,-1.3,0,3.42,0.01,0.08,0,0,2.1,1.6,188.5,2.1,0,NA
"16",15," eco1",0,1,-99.4,2392.7,2308,151.8,15.2,42.8,26.3,3.54,195.4,3.4,17.3,1.7,1067.9,106.8,98.3,30.8,205.4,35.1,15.1,3.9,15.9,68.3,1175.3,1133.2,0.8,0.1,2.9,2.1,0.3,0.3,1,1,0.1,0.2,0.7,8.3,40.2,133.9,0,-0.2,0,0,0.7,1.4,-1.1,0,3.44,0.02,0.04,0,0,1.8,1.4,188.8,2.25,0,NA
"17",16," eco1",0,1,-82.8,2374.5,2460,153,15.3,53.3,28.6,3.47,195.4,4.2,9.9,1,1146.4,114.6,103.7,29.7,222.5,35,16.5,3.9,16.7,67.5,1156.8,1133.6,0.5,0,3.1,2.3,0.3,0.4,1.1,1,0.1,0.2,0.7,8.1,40.2,133.9,0,-0.3,0,0,0.9,1.6,-1.2,0,3.37,0,0,0,0,2.3,1.7,188.8,2.25,0,NA
"18",17," eco1",0,1,-56.5,2355.2,2611,129.7,13,28.9,29.7,4.03,196.3,4.1,19.9,2,1207.5,120.7,108.1,28.4,225.6,26.9,17.1,2.8,16.1,66.4,1138.8,1133.9,0.9,0.1,3.3,2.4,0.3,0.4,1.1,0.8,0.1,0.2,0.6,8,40.2,134,0,-0.2,0,0,0.8,1.7,-1.2,0,3.42,0.01,0.08,0,0,1.2,0.9,188.9,2.72,0,NA
"19",18," eco1",0,1,-79.8,2339.8,2745,144,14.4,49.1,32,3.94,196.4,3.7,14.1,1.4,1276.3,127.6,115.5,27.5,240.2,29.9,18.4,3.3,16.8,65.6,1123.2,1134.2,0.7,0.1,3.5,2.6,0.3,0.4,1.2,0.8,0.1,0.2,0.6,7.9,40.2,134,0,-0.2,0,0,0.7,1.5,-1.1,0,3.41,0,0,0,0,1.8,1.6,188.9,2.64,0,NA
"20",19," eco1",0,1,-109.7,2327.6,2926,167.9,16.8,48.3,34.4,3.69,196.8,3.4,16.2,1.6,1359.5,135.9,125.4,27.1,254.6,32.6,19.7,3.6,18,64.9,1110.2,1134.5,0.8,0.1,3.7,2.7,0.4,0.4,1.3,0.9,0.1,0.2,0.6,7.8,40.2,134.1,0,-0.2,0,0,0.7,1.3,-1,0,3.41,0,0.02,0,0,2.1,1.6,188.8,2.41,0,NA
"21",20," eco1",0,1,-48.2,2314.8,3017,120.5,12.1,42.4,35.4,3.87,196.8,3.8,10,1,1408.4,140.8,131.7,26.3,264,31,20.7,3.4,18.5,64.2,1097.2,1134.8,0.5,0,3.9,2.8,0.4,0.4,1.3,0.9,0.1,0.2,0.6,7.7,40.1,134.1,0,-0.2,0,0,0.8,1.5,-1,0,3.36,0,0,0,0,1.6,1.4,188.9,2.61,0,NA
"22",21," eco1",0,1,-95,2304.5,3176,158.3,15.8,46,37.9,3.64,197.1,3.5,11.5,1.1,1481.3,148.1,141,26,275.8,32.2,21.8,3.6,19.5,63.6,1086.3,1135.1,0.5,0,4.1,3,0.4,0.4,1.4,0.9,0.1,0.2,0.6,7.6,40.1,134.2,0,-0.2,0,0,0.7,1.3,-0.9,0,3.38,0,0,0,0,2.3,1.5,188.7,2.34,0,NA
"23",22," eco1",0,1,-67.1,2295.2,3291,133.2,13.3,40,39.1,3.79,197.5,3.4,11.4,1.1,1535.5,153.6,149.8,25.8,284.2,31.3,22.7,3.4,20.2,63.1,1076.7,1135.3,0.5,0,4.2,3.1,0.4,0.4,1.4,0.9,0.1,0.2,0.6,7.5,40,134.2,0,-0.2,0,0,0.7,1.3,-0.9,0,3.39,0,0,0,0,1.8,1.3,188.8,2.46,0,NA
"24",23," eco1",0,1,-87.9,2287.6,3434,150.1,15,41.7,41,3.79,198,3.3,14.7,1.5,1599.6,160,160,25.8,293.6,31.9,23.7,3.5,21,62.6,1068.4,1135.6,0.7,0.1,4.4,3.2,0.4,0.4,1.5,0.9,0.1,0.2,0.6,7.4,39.9,134.3,0,-0.2,0,0,0.7,1.2,-0.8,0,3.39,0,0,0,0,1.9,1.3,188.7,2.47,0,NA
"25",24," eco1",0,1,-22.5,2279.5,3476,98.2,9.8,37.3,41.2,4.07,197.8,3.6,6.9,0.7,1627.1,162.7,165.6,25.5,299.1,29.7,24.4,3.2,21.2,62,1060.4,1135.9,0.3,0,4.5,3.3,0.5,0.4,1.5,0.8,0.1,0.2,0.6,7.4,39.9,134.3,0,-0.2,0,0,0.7,1.3,-0.9,0,3.39,0,0,0,0,1.4,1.2,188.8,2.77,0,NA
"26",25," eco1",0,1,-21.3,2271.2,3535,94.1,9.4,24.6,41.6,4.26,197.9,3.4,10.5,1,1651.4,165.1,171.2,25.2,298,24.8,24.8,2.6,20.8,61.4,1052.9,1136.1,0.5,0,4.5,3.3,0.5,0.4,1.5,0.7,0.1,0.2,0.5,7.3,39.8,134.4,0,-0.2,0,0,0.7,1.3,-0.9,0,3.34,0,0.03,0,0,1.1,0.8,188.7,3.02,0,NA
"27",26," eco1",0,1,-27.4,2263.1,3599,100.8,10.1,28.4,42.4,4.38,198,3.3,12.3,1.2,1679.5,167.9,175.4,24.9,298.5,22.7,25.2,2.4,20.7,60.7,1045.3,1136.4,0.6,0,4.6,3.4,0.5,0.5,1.5,0.6,0.1,0.1,0.5,7.2,39.6,134.4,0,-0.2,0,0,0.6,1.3,-0.9,0,3.36,0,0,0,0,1.1,0.9,188.5,3.13,0,NA
"28",27," eco1",0,1,-71.9,2258.3,3692,127.5,12.7,39.3,44.3,4.05,198,2.7,11.2,1.1,1724.4,172.4,187.7,25.6,307.6,27.4,26.1,3.1,21.7,60.3,1039.6,1136.6,0.5,0,4.7,3.4,0.5,0.5,1.5,0.8,0.1,0.2,0.5,7.1,39.5,134.4,0,-0.1,0,0,0.5,1,-0.7,0,3.43,0,0.03,0,0,1.7,1.3,188.3,2.83,0,NA
"29",28," eco1",0,1,-17.9,2252.3,3744,95.8,9.6,27.4,44.2,4.36,198.3,3.4,12.6,1.3,1747.3,174.7,189.8,25.2,306.9,23.8,26.5,2.6,21.9,59.9,1033.6,1136.9,0.6,0,4.8,3.5,0.5,0.5,1.5,0.7,0.1,0.1,0.5,7.1,39.4,134.5,0,-0.2,0,0,0.6,1.3,-0.9,0,3.38,0,0,0,0,1,0.9,188.3,3.07,0,NA
"30",29," eco1",0,1,-69.2,2246.9,3860,143.6,14.4,42.2,46.7,4.02,198.2,3.4,13.5,1.3,1801.2,180.1,193.3,25.1,314,26.4,27.3,3,22.4,59.5,1027.8,1137.2,0.6,0.1,4.9,3.6,0.5,0.5,1.6,0.7,0.1,0.2,0.5,7,39.3,134.5,0,-0.2,0,0,0.6,1.3,-0.9,0,3.38,0,0.03,0,0,1.9,1.4,188,2.85,0,NA
"31",30," eco1",0,1,-59.3,2242.3,3965,137.8,13.8,40.5,48,3.95,198.4,3.5,14.3,1.4,1849.7,185,196.4,25,319.4,26.9,28.1,3,22.9,59.3,1022.6,1137.5,0.7,0.1,5.1,3.7,0.5,0.5,1.6,0.8,0.1,0.2,0.5,7,39.1,134.6,0,-0.2,0,0,0.7,1.3,-0.9,0,3.42,0.01,0.1,0,0,1.7,1.3,187.9,2.76,0,NA
"32",31," eco1",0,1,-49.5,2238.4,4049,126.8,12.7,38.8,48.9,4.06,198.6,3.4,13.5,1.4,1889.5,189,201,25.1,324.2,27,28.8,3,23.4,59,1018.2,1137.8,0.6,0.1,5.2,3.8,0.6,0.5,1.6,0.8,0.1,0.2,0.5,7,39,134.6,0,-0.2,0,0,0.7,1.3,-0.8,0,3.39,0,0,0,0,1.5,1.3,187.9,2.79,0,NA
"33",32," eco1",0,1,-36.3,2234.8,4110,113.9,11.4,35.3,49.5,4.17,198.7,3.3,12.4,1.2,1919.7,192,205.9,25.3,327.1,26.3,29.4,2.9,23.7,58.7,1014.4,1138,0.6,0,5.3,3.8,0.6,0.5,1.6,0.7,0.1,0.2,0.5,6.9,38.9,134.7,0,-0.2,0,0,0.6,1.3,-0.8,0,3.42,0.01,0.05,0,0,1.4,1.1,187.9,2.94,0,NA
"34",33," eco1",0,1,-67.9,2232.6,4214,139.6,14,39.4,51.5,4.01,198.9,3.2,15,1.5,1966,196.6,213.8,25.9,332.9,27.7,30.1,3.1,24.5,58.6,1011.3,1138.3,0.7,0.1,5.4,3.9,0.6,0.5,1.7,0.8,0.2,0.2,0.6,6.9,38.7,134.7,0,-0.2,0,0,0.6,1.2,-0.8,0,3.41,0,0.07,0,0,1.7,1.3,187.7,2.79,0,NA
"35",34," eco1",0,1,-75.8,2231.8,4307,138.4,13.8,41.9,52.8,3.86,199.1,2.8,14.6,1.5,2010,201,227,27,341.9,31.5,31,3.6,25.3,58.6,1009.5,1138.5,0.7,0.1,5.5,4,0.6,0.5,1.7,0.9,0.2,0.2,0.6,6.9,38.6,134.7,0,-0.2,0,0,0.6,1,-0.7,0,3.37,0.01,0.04,0,0,1.7,1.4,187.7,2.66,0,NA
"36",35," eco1",0,1,-70.4,2232.8,4409,146.8,14.7,44.2,54.6,3.87,199.4,3.3,14.4,1.4,2058.1,205.8,233.8,27.6,349.6,32.2,31.9,3.6,26.8,58.7,1008.5,1138.8,0.7,0.1,5.6,4.1,0.6,0.5,1.7,0.9,0.2,0.2,0.6,6.9,38.5,134.8,0,-0.2,0,0,0.7,1.2,-0.8,0,3.38,0,0,0,0,1.9,1.4,187.8,2.54,0,NA
"37",36," eco1",0,1,-39.7,2232.2,4499,128.3,12.8,31.4,54.7,4.33,200.1,3.6,21.5,2.2,2093.3,209.3,234.3,27.5,348.3,27.1,32.2,2.9,26.5,58.6,1008.1,1139,1,0.1,5.7,4.2,0.6,0.5,1.7,0.8,0.2,0.2,0.6,6.9,38.4,134.8,0,-0.2,0,0,0.8,1.3,-0.9,0,3.41,0.01,0.04,0,0,1.1,1,187.9,3.01,0,NA
"38",37," eco1",0,1,-31.1,2232.4,4531,112.1,11.2,41.9,55.2,4.33,199.9,3.3,13.3,1.3,2116.5,211.7,239.6,28,354.3,28.8,33,3.2,26.9,58.6,1007.6,1139.3,0.6,0.1,5.8,4.2,0.7,0.6,1.8,0.8,0.2,0.2,0.6,6.9,38.3,134.9,0,-0.2,0,0,0.7,1.2,-0.8,0,3.38,0,0.03,0,0,1.3,1.4,187.9,3.09,0,NA
"39",38," eco1",0,1,-30,2232.7,4578,111.3,11.1,33.4,55.8,4.33,199.9,3.2,13.3,1.3,2138.6,213.9,244.6,28.4,355.6,27.2,33.4,3,27.1,58.5,1007.6,1139.5,0.6,0.1,5.9,4.3,0.7,0.6,1.8,0.8,0.2,0.2,0.6,6.9,38.2,134.9,0,-0.2,0,0,0.7,1.2,-0.8,0,3.38,0,0.03,0,0,1.3,1.1,187.8,3.09,0,NA
"40",39," eco1",0,1,-10.8,2232.8,4604,99.3,9.9,31.3,55.9,4.45,199.8,3.4,11.8,1.2,2152.3,215.2,245.3,28.4,354.5,24.8,33.8,2.7,26.8,58.4,1007.8,1139.8,0.6,0,5.9,4.3,0.7,0.6,1.8,0.7,0.2,0.2,0.5,6.9,38.1,135,0,-0.2,0,0,0.7,1.3,-0.9,0,3.36,0,0,0,0,1.1,1,187.8,3.18,0,NA
"41",40," eco1",0,1,-48.6,2233.3,4682,133.7,13.4,39,58.1,4.15,199.7,3.4,12.9,1.3,2187.8,218.8,248,28.7,357.6,26,34.3,2.9,26.9,58.4,1007.8,1140.1,0.6,0,6,4.4,0.7,0.6,1.8,0.7,0.2,0.2,0.5,6.8,38,135,0,-0.2,0,0,0.7,1.3,-0.9,0,3.38,0,0.03,0,0,1.7,1.3,187.4,2.98,0,NA
"42",41," eco1",0,1,-7.2,2233.4,4701,96,9.6,30.1,57,4.36,199.8,3.4,11.7,1.2,2197.9,219.8,249.2,28.7,355.8,23.8,34.6,2.6,26.8,58.3,1008,1140.4,0.6,0,6,4.4,0.7,0.6,1.8,0.7,0.2,0.1,0.5,6.8,37.9,135.1,0,-0.2,0,0,0.6,1.3,-0.9,0,3.39,0,0,0,0,1.1,1,187.5,3.12,0,NA
"43",42," eco1",0,1,-29.7,2234,4745,110.4,11,31.5,58.2,4.3,199.8,3.1,13.3,1.3,2217.1,221.7,254.4,29.3,356,23.7,35,2.6,27,58.3,1008.1,1140.6,0.6,0.1,6.1,4.4,0.7,0.6,1.8,0.7,0.2,0.1,0.5,6.8,37.8,135.1,0,-0.2,0,0,0.6,1.2,-0.8,0,3.38,0,0.03,0,0,1.2,1,187.4,3.09,0,NA
"44",43," eco1",0,1,-56.7,2235.7,4823,135.8,13.6,38.9,60.2,4.07,200,3.1,15.1,1.5,2251.9,225.2,261,29.9,360.2,26.1,35.6,2.9,27.8,58.4,1008.7,1140.9,0.7,0.1,6.2,4.5,0.7,0.6,1.8,0.7,0.2,0.2,0.5,6.8,37.8,135.1,0,-0.2,0,0,0.6,1.2,-0.8,0,3.41,0,0.07,0,0,1.6,1.3,187.2,2.87,0,NA
"45",44," eco1",0,1,-32.3,2238.1,4864,119.6,12,39.8,60.5,4.08,200,3.3,11.3,1.1,2275.1,227.5,263.9,30.2,363.9,27,36.2,3,28.4,58.5,1010,1141.1,0.5,0,6.2,4.6,0.7,0.6,1.8,0.8,0.2,0.2,0.6,6.8,37.7,135.2,0,-0.2,0,0,0.7,1.2,-0.9,0,3.39,0,0,0,0,1.5,1.3,187.3,2.82,0,NA
"46",45," eco1",0,1,-26.3,2240.1,4897,108.6,10.9,32.5,60.4,4.1,200.1,3.1,11.3,1.1,2290.7,229.1,269.9,30.8,364.8,26.4,36.6,2.9,28.5,58.6,1011.6,1141.4,0.5,0,6.3,4.6,0.7,0.6,1.8,0.7,0.2,0.2,0.6,6.8,37.6,135.2,0,-0.2,0,0,0.6,1.1,-0.8,0,3.36,0,0.03,0,0,1.3,1,187.3,2.9,0,NA
"47",46," eco1",0,1,-22.5,2242.7,4933,111.1,11.1,33.3,61.1,4.17,200.2,3.3,11.4,1.1,2307.3,230.7,271.9,31,365,25.3,36.9,2.8,28.7,58.8,1013.5,1141.7,0.5,0,6.3,4.6,0.7,0.6,1.8,0.7,0.2,0.2,0.5,6.9,37.6,135.3,0,-0.2,0,0,0.6,1.2,-0.9,0,3.38,0,0,0,0,1.4,1.1,187.3,2.9,0,NA
"48",47," eco1",0,1,-59,2245.8,5011,137.8,13.8,37.7,63.3,4.04,200.5,3,15,1.5,2340.5,234.1,280,31.9,368.9,27.1,37.5,3,29.5,58.9,1015.5,1141.9,0.7,0.1,6.4,4.7,0.8,0.6,1.8,0.8,0.2,0.2,0.6,6.9,37.5,135.3,0,-0.2,0,0,0.6,1.1,-0.8,0,3.39,0,0,0,0,1.6,1.2,187.3,2.77,0,NA
"49",48," eco1",0,1,-15.7,2248.3,5062,116.1,11.6,29.7,62.6,4.42,201.1,3.6,20.2,2,2359.3,235.9,275.4,31.5,365,23.2,37.6,2.5,28.8,59,1018.3,1142.2,1,0.1,6.5,4.7,0.8,0.6,1.8,0.7,0.2,0.1,0.5,6.9,37.5,135.4,0,-0.2,0,0,0.7,1.3,-1,0,3.36,0,0,0,0,0.9,1,187.5,3.13,0,NA
"50",49," eco1",0,1,-24.5,2251.4,5085,122.8,12.3,48.1,64.1,4.13,200.5,3.6,9,0.9,2381.2,238.1,274,31.3,371.3,26.9,38.4,3,29.1,59.2,1020.7,1142.5,0.4,0,6.5,4.8,0.8,0.6,1.9,0.8,0.2,0.2,0.6,6.9,37.4,135.4,0,-0.2,0,0,0.7,1.3,-1,0,3.37,0,0,0,0,1.7,1.5,187.4,2.94,0,NA
"51",50," eco1",0,1,-59,2254.9,5163,139.1,13.9,36.4,65.8,3.97,200.9,3,14.2,1.4,2412.7,241.3,283.8,32.3,374.3,27.6,38.8,3.1,29.8,59.4,1023,1142.7,0.7,0.1,6.6,4.8,0.8,0.6,1.9,0.8,0.2,0.2,0.6,6.9,37.4,135.5,0,-0.2,0,0,0.6,1.1,-0.8,0,3.38,0,0,0,0,1.7,1.2,187.3,2.69,0,NA
"52",51," eco1",0,1,-22.6,2259.3,5167,107.1,10.7,40.5,64.9,3.95,200.7,3.1,5.9,0.6,2422.8,242.3,291.5,33.1,379.3,29.5,39.5,3.3,30.9,59.7,1025.7,1143,0.3,0,6.6,4.8,0.8,0.7,1.9,0.8,0.2,0.2,0.6,6.9,37.4,135.5,0,-0.2,0,0,0.6,1.1,-0.8,0,3.42,0,0,0,0,1.6,1.3,187.5,2.69,0,NA
"53",52," eco1",0,1,-3.8,2262.8,5191,101.6,10.2,25.9,64.5,4.16,201,3.4,10.5,1.1,2429.5,242.9,290.3,33.1,374.3,24.4,39.5,2.6,30.4,59.8,1029.4,1143.3,0.5,0,6.7,4.9,0.8,0.7,1.9,0.7,0.2,0.1,0.6,6.9,37.3,135.5,0,-0.2,0,0,0.7,1.3,-1,0,3.42,0,0.07,0,0,1.2,0.8,187.5,2.91,0,NA
"54",53," eco1",0,1,-7.5,2265.6,5210,103.1,10.3,29.4,64.7,4.25,201.1,3.3,12,1.2,2436.9,243.7,289.8,33,371.4,22.7,39.6,2.4,29.8,59.9,1032.4,1143.5,0.6,0,6.7,4.9,0.8,0.7,1.9,0.6,0.2,0.1,0.5,7,37.3,135.6,0,-0.2,0,0,0.7,1.3,-1,0,3.38,0,0.03,0,0,1.2,0.9,187.5,3.04,0,NA
"55",54," eco1",0,1,-47,2269.2,5247,119.4,11.9,35.7,66.3,4.05,201.2,2.6,12.1,1.2,2454.3,245.4,303.5,34.5,375.9,26.2,40.1,2.9,30.6,60,1034.8,1143.8,0.6,0,6.7,4.9,0.8,0.7,1.9,0.7,0.2,0.2,0.5,7,37.3,135.6,0,-0.1,0,0,0.5,1,-0.8,0,3.43,0,0.03,0,0,1.5,1.2,187.5,2.85,0,NA
"56",55," eco1",0,1,-28.4,2273.9,5298,127.8,12.8,36.4,67.3,4,201.4,3.5,14,1.4,2476.4,247.6,301.1,34.3,376.1,25.5,40.5,2.8,30.9,60.3,1038.7,1144,0.7,0.1,6.8,5,0.8,0.7,1.9,0.7,0.2,0.2,0.5,7,37.3,135.7,0,-0.2,0,0,0.7,1.3,-1,0,3.42,0.01,0.1,0,0,1.5,1.2,187.5,2.83,0,NA
"57",56," eco1",0,1,-10,2277.8,5320,108,10.8,31.3,66.4,4.23,201.7,3.4,15.1,1.5,2485.6,248.6,299.9,34.2,374,23.8,40.7,2.6,30.7,60.5,1042.3,1144.3,0.7,0.1,6.8,5,0.8,0.7,1.9,0.7,0.2,0.1,0.5,7,37.3,135.7,0,-0.2,0,0,0.7,1.3,-1,0,3.43,0.01,0.07,0,0,1.1,1,187.7,3,0,NA
"58",57," eco1",0,1,-23.1,2281,5370,121.7,12.2,31,67.5,4.4,202.3,3.4,20.7,2.1,2503.3,250.3,298.4,34.1,371.4,22.4,40.8,2.4,30.2,60.6,1045.5,1144.6,1,0.1,6.9,5,0.8,0.7,1.9,0.6,0.2,0.1,0.5,7,37.3,135.8,0,-0.2,0,0,0.7,1.3,-1,0,3.38,0,0,0,0,1,1,187.8,3.17,0,NA
"59",58," eco1",0,1,-11.7,2284.8,5373,112.8,11.3,43.3,67.8,4.25,201.9,3.5,11.2,1.1,2514.4,251.4,296.8,33.9,375.3,25.4,41.3,2.8,30.4,60.8,1048.7,1144.9,0.5,0,6.9,5,0.8,0.7,1.9,0.7,0.2,0.2,0.5,7,37.3,135.8,0,-0.2,0,0,0.7,1.3,-1,0,3.47,0.01,0.08,0,0,1.4,1.4,187.9,3.06,0,NA
"60",59," eco1",0,1,-6.7,2288.1,5388,106,10.6,31.4,67.6,4.25,201.9,3.4,11.6,1.2,2521,252.1,296.6,33.9,373.1,23.7,41.5,2.6,30.2,61,1051.7,1145.2,0.6,0,6.9,5,0.8,0.7,1.9,0.7,0.2,0.1,0.5,7.1,37.3,135.9,0,-0.2,0,0,0.7,1.3,-1,0,3.43,0.02,0.05,0,0,1.3,1,187.9,3.05,0,NA
"61",60," eco1",0,1,-14.5,2290.6,5431,116.4,11.6,27.9,68.3,4.36,202.4,3.5,18.7,1.9,2534.2,253.4,294.3,33.7,368.3,21.1,41.5,2.3,29.6,61,1054.4,1145.5,0.9,0.1,6.9,5.1,0.8,0.7,1.8,0.6,0.2,0.1,0.5,7.1,37.3,135.9,0,-0.2,0,0,0.7,1.3,-1.1,0,3.37,0.01,0.04,0,0,1,0.9,187.9,3.16,0,NA
"62",61," eco1",0,1,-21.4,2294.1,5444,116.9,11.7,41.4,69.2,4.23,202.2,3.3,12.3,1.2,2546.8,254.7,297.1,34,372,24.3,42,2.7,30.2,61.2,1056.9,1145.8,0.6,0,7,5.1,0.8,0.7,1.9,0.7,0.2,0.2,0.5,7.1,37.3,136,0,-0.2,0,0,0.6,1.3,-1,0,3.41,0,0,0,0,1.4,1.3,188,2.98,0,NA
"63",62," eco1",0,1,-31.2,2298.1,5475,122.3,12.2,38,70.1,4.04,202.3,3.2,11.1,1.1,2562.3,256.2,303.2,34.6,374.7,25.8,42.4,2.9,31,61.5,1059.6,1146.1,0.5,0,7,5.1,0.8,0.7,1.9,0.7,0.2,0.2,0.5,7.1,37.3,136,0,-0.2,0,0,0.6,1.2,-1,0,3.44,0.01,0.08,0,0,1.6,1.2,188,2.81,0,NA
"64",63," eco1",0,1,12.7,2301.6,5449,85.7,8.6,30.2,67.7,4.17,202.1,3.3,6.5,0.7,2554.5,255.5,304.2,34.7,372.8,24,42.5,2.6,30.8,61.6,1062.8,1146.3,0.3,0,7,5.1,0.8,0.7,1.9,0.7,0.2,0.2,0.5,7.1,37.4,136.1,0,-0.2,0,0,0.6,1.2,-1,0,3.39,0,0,0,0,1.2,1,188.2,2.94,0,NA
"65",64," eco1",0,1,-19.7,2304.8,5487,116,11.6,28.4,69.6,4.15,202.5,3.3,12.9,1.3,2566.1,256.6,305.9,34.9,369.6,22.2,42.5,2.4,30.7,61.7,1065.8,1146.6,0.6,0,7,5.1,0.8,0.7,1.9,0.6,0.2,0.1,0.5,7.2,37.4,136.1,0,-0.2,0,0,0.6,1.3,-1,0,3.39,0,0,0,0,1.4,0.9,188.1,2.94,0,NA
"66",65," eco1",0,1,9.1,2307.5,5481,96.7,9.7,30.9,68.5,4.26,202.5,3.5,11,1.1,2565.3,256.5,301.7,34.5,366.5,21.2,42.6,2.3,30.1,61.8,1068.6,1146.9,0.5,0,7,5.1,0.8,0.7,1.8,0.6,0.2,0.1,0.5,7.2,37.4,136.2,0,-0.2,0,0,0.6,1.4,-1.1,0,3.4,0.01,0.04,0,0,1.1,1,188.2,3.06,0,NA
"67",66," eco1",0,1,-31.3,2310.8,5513,120.3,12,34.7,70.4,4.1,202.7,3.1,12.5,1.2,2579,257.9,308.3,35.2,368,23.2,42.9,2.6,30.7,62,1070.9,1147.2,0.6,0,7.1,5.2,0.8,0.7,1.8,0.7,0.2,0.1,0.5,7.2,37.4,136.2,0,-0.1,0,0,0.6,1.2,-1,0,3.39,0,0,0,0,1.5,1.1,188.2,2.87,0,NA
"68",67," eco1",0,1,-37.1,2314.7,5555,128,12.8,37.1,71.5,3.95,202.9,3.2,13.7,1.4,2597.2,259.7,314.3,35.8,370.7,25.2,43.3,2.8,31.3,62.2,1073.8,1147.5,0.7,0.1,7.1,5.2,0.9,0.7,1.9,0.7,0.2,0.2,0.5,7.2,37.4,136.2,0,-0.2,0,0,0.6,1.2,-1,0,3.42,0.01,0.06,0,0,1.5,1.2,188.3,2.78,0,NA
"69",68," eco1",0,1,14.4,2318.8,5528,89.3,8.9,32.6,69.1,4.09,202.8,3.4,7.9,0.8,2590.6,259.1,312.2,35.6,369.5,23.8,43.4,2.6,31.4,62.5,1077.2,1147.8,0.4,0,7.1,5.2,0.9,0.7,1.8,0.7,0.2,0.2,0.5,7.2,37.5,136.3,0,-0.2,0,0,0.7,1.3,-1.1,0,3.37,0.01,0.07,0,0,1.2,1.1,188.5,2.87,0,NA
"70",69," eco1",0,1,-1.1,2321.7,5539,101,10.1,26.4,69.6,4.18,203,3.4,11.8,1.2,2591.7,259.2,311.7,35.6,365.3,21.5,43.4,2.3,30.9,62.6,1080.2,1148,0.6,0,7.1,5.2,0.9,0.7,1.8,0.6,0.2,0.1,0.5,7.2,37.5,136.3,0,-0.2,0,0,0.6,1.3,-1.1,0,3.38,0,0.03,0,0,1.2,0.9,188.6,2.98,0,NA
"71",70," eco1",0,1,-18.1,2325.2,5562,116.2,11.6,34.4,71,4.14,203.2,3.3,12.3,1.2,2602.1,260.2,312.8,35.7,365.5,22.4,43.6,2.5,31.1,62.7,1083,1148.3,0.6,0,7.1,5.2,0.9,0.7,1.8,0.6,0.2,0.1,0.5,7.3,37.6,136.4,0,-0.2,0,0,0.6,1.3,-1.1,0,3.41,0,0,0,0,1.4,1.1,188.7,2.89,0,NA
"72",71," eco1",0,1,-41.3,2329.2,5606,130.7,13.1,37.6,72.6,3.97,203.5,3.1,13.9,1.4,2621,262.1,320,36.5,368.9,25,44,2.8,31.8,62.9,1085.8,1148.6,0.7,0.1,7.2,5.2,0.9,0.7,1.8,0.7,0.2,0.2,0.5,7.3,37.6,136.4,0,-0.2,0,0,0.6,1.2,-1,0,3.39,0,0,0,0,1.6,1.2,188.7,2.76,0,NA
"73",72," eco1",0,1,29.9,2332.2,5578,82,8.2,26,68.9,4.37,203.7,3.6,12.5,1.2,2609.5,261,312.5,35.7,363.1,21.1,43.9,2.3,31,63.1,1089.2,1148.9,0.6,0,7.1,5.2,0.9,0.7,1.8,0.6,0.2,0.1,0.5,7.3,37.7,136.5,0,-0.2,0,0,0.7,1.4,-1.2,0,3.43,0.01,0.07,0,0,0.8,0.8,189.1,3.14,0,NA
"74",73," eco1",0,1,-28.8,2335.9,5600,120.1,12,37.7,72,4.07,203.6,3.1,10.8,1.1,2621.5,262.2,318.5,36.4,366.4,24,44.3,2.7,31.8,63.3,1091.7,1149.2,0.5,0,7.2,5.2,0.9,0.7,1.8,0.7,0.2,0.2,0.5,7.3,37.7,136.5,0,-0.1,0,0,0.6,1.2,-1,0,3.35,0,0,0,0,1.6,1.2,189,2.87,0,NA
"75",74," eco1",0,1,-6,2338.8,5631,111,11.1,25.6,71.2,4.28,204.2,3.5,18.5,1.9,2628.1,262.8,315.3,36.1,361.1,20.8,44.1,2.2,31.1,63.4,1094.8,1149.5,0.9,0.1,7.2,5.3,0.9,0.7,1.8,0.6,0.2,0.1,0.5,7.3,37.7,136.6,0,-0.2,0,0,0.6,1.4,-1.2,0,3.37,0.01,0.04,0,0,0.9,0.8,189.2,3.08,0,NA
"76",75," eco1",0,1,-34.2,2342.7,5643,120.2,12,42,72.6,4.06,204.1,3,12.6,1.3,2639.6,264,325.2,37.1,367.9,26,44.7,3,32.1,63.6,1097.3,1149.8,0.6,0,7.2,5.3,0.9,0.7,1.8,0.7,0.2,0.2,0.5,7.4,37.8,136.6,0,-0.1,0,0,0.5,1.1,-1,0,3.41,0.01,0.04,0,0,1.5,1.4,189.3,2.87,0,NA
"77",76," eco1",0,1,-29.1,2347.3,5665,116.5,11.6,33.2,72.6,4.07,204.5,3,14.3,1.4,2648.6,264.9,334.1,38,369.9,26.5,45,3,32.9,63.9,1100.4,1150,0.7,0.1,7.3,5.3,0.9,0.8,1.9,0.7,0.2,0.2,0.6,7.4,37.8,136.7,0,-0.2,0,0,0.6,1.1,-1,0,3.44,0.02,0.04,0,0,1.3,1.1,189.5,2.85,0,NA
"78",77," eco1",0,1,-22.1,2352,5716,129.1,12.9,31.4,73.6,4.26,205.2,3.6,21.6,2.2,2665.3,266.5,330.6,37.7,367.6,23.9,45,2.6,32.7,64.2,1104.7,1150.3,1,0.1,7.3,5.3,0.9,0.8,1.8,0.7,0.2,0.1,0.5,7.4,37.9,136.7,0,-0.2,0,0,0.7,1.4,-1.2,0,3.4,0.01,0.04,0,0,1.1,1,189.7,3.02,0,NA
"79",78," eco1",0,1,19.9,2356.5,5660,84.7,8.5,40.5,70.9,4.27,204.6,3.4,6.5,0.7,2653.7,265.4,329.1,37.6,371.4,26.1,45.5,2.9,32.8,64.4,1108.6,1150.6,0.3,0,7.3,5.3,0.9,0.8,1.9,0.7,0.2,0.2,0.6,7.4,38,136.8,0,-0.2,0,0,0.7,1.3,-1.1,0,3.39,0,0,0,0,1.2,1.3,190,3.06,0,NA
"80",79," eco1",0,1,-12.2,2360.3,5689,114.8,11.5,28.1,72.9,4.2,204.9,3.5,12.9,1.3,2661.2,266.1,328.7,37.5,368.1,23.3,45.4,2.5,32.6,64.6,1112.2,1150.9,0.6,0,7.3,5.3,0.9,0.8,1.8,0.7,0.2,0.1,0.5,7.5,38.1,136.8,0,-0.2,0,0,0.7,1.3,-1.1,0,3.39,0,0,0,0,1.3,0.9,189.9,2.99,0,NA
"81",80," eco1",0,1,-34.4,2364.2,5716,121.9,12.2,35.6,73.8,3.98,205,3,13.8,1.4,2672.8,267.3,338.1,38.5,371.4,25.8,45.8,2.9,32.9,64.8,1115.3,1151.2,0.7,0.1,7.3,5.3,0.9,0.8,1.9,0.7,0.2,0.2,0.5,7.5,38.1,136.9,0,-0.1,0,0,0.6,1.1,-1,0,3.46,0.02,0.15,0,0,1.4,1.1,190,2.86,0,NA
"82",81," eco1",0,1,-14.1,2368.5,5755,121.7,12.2,29.2,73.8,4.27,205.8,3.6,21.1,2.1,2684.2,268.4,334.3,38.2,368,23,45.7,2.5,32.8,65,1119.2,1151.5,1,0.1,7.4,5.4,0.9,0.8,1.8,0.6,0.2,0.1,0.5,7.5,38.2,136.9,0,-0.2,0,0,0.7,1.4,-1.2,0,3.41,0.01,0.04,0,0,1,0.9,190.3,3.03,0,NA
"83",82," eco1",0,1,18.5,2372.3,5722,95.4,9.5,38.7,72.2,4.32,205.4,3.7,11,1.1,2678.8,267.9,327.3,37.5,369.1,23.9,46,2.6,32.4,65.2,1122.9,1151.8,0.5,0,7.3,5.4,0.9,0.8,1.8,0.7,0.2,0.2,0.5,7.5,38.3,137,0,-0.2,0,0,0.7,1.4,-1.2,0,3.4,0.01,0.04,0,0,1.1,1.2,190.5,3.12,0,NA
"84",83," eco1",0,1,-28.7,2375.8,5753,121,12.1,32.3,74.2,4.17,205.7,3.1,15,1.5,2689.3,268.9,334.4,38.2,369.8,24.4,46.2,2.7,32.7,65.3,1125.8,1152.1,0.7,0.1,7.4,5.4,0.9,0.8,1.9,0.7,0.2,0.2,0.5,7.5,38.4,137,0,-0.1,0,0,0.6,1.2,-1,0,3.42,0,0.03,0,0,1.3,1,190.5,2.99,0,NA
"85",84," eco1",0,1,-35.8,2380.6,5764,117.2,11.7,37.9,74.5,4,205.9,2.8,12.3,1.2,2696.9,269.7,348.4,39.6,375.5,28,46.7,3.2,33.9,65.6,1128.7,1152.3,0.6,0,7.4,5.4,1,0.8,1.9,0.8,0.2,0.2,0.6,7.6,38.4,137.1,0,-0.1,0,0,0.5,1.1,-0.9,0,3.43,0,0.05,0,0,1.4,1.2,190.7,2.8,0,NA
"86",85," eco1",0,1,-16.4,2386.7,5777,119.6,12,38.1,75.1,3.9,205.9,3.4,10,1,2705.5,270.6,348.8,39.7,378.1,27.9,47,3.1,34.7,66,1133.4,1152.6,0.5,0,7.4,5.4,1,0.8,1.9,0.8,0.2,0.2,0.6,7.6,38.5,137.1,0,-0.2,0,0,0.7,1.3,-1.1,0,3.39,0,0.06,0,0,1.6,1.2,190.8,2.67,0,NA
"87",86," eco1",0,1,14.3,2391.5,5765,98.2,9.8,30.6,73.2,4.06,206,3.7,8.8,0.9,2701,270.1,342.8,39.1,375.3,24.8,47,2.7,34.1,66.2,1138.2,1152.9,0.4,0,7.4,5.4,0.9,0.8,1.9,0.7,0.2,0.2,0.6,7.6,38.6,137.2,0,-0.2,0,0,0.7,1.4,-1.2,0,3.36,0,0,0,0,1.3,1,191,2.85,0,NA
"88",87," eco1",0,1,12.3,2394.8,5756,93.2,9.3,24.9,72.4,4.26,206.3,3.4,11.9,1.2,2693.8,269.4,340.4,38.9,370.5,21.8,46.8,2.3,33.4,66.3,1141.9,1153.2,0.6,0,7.4,5.4,0.9,0.8,1.9,0.6,0.2,0.1,0.5,7.6,38.7,137.2,0,-0.1,0,0,0.6,1.3,-1.2,0,3.37,0,0,0,0,1,0.8,191.2,3.04,0,NA
"89",88," eco1",0,1,25.2,2397.4,5727,85.5,8.6,27.9,71.6,4.32,206.2,3.5,9.7,1,2682.1,268.2,334.1,38.3,366.5,20.5,46.7,2.2,32.4,66.3,1145.1,1153.5,0.5,0,7.3,5.4,0.9,0.8,1.8,0.6,0.2,0.1,0.5,7.7,38.8,137.3,0,-0.1,0,0,0.6,1.4,-1.2,0,3.35,0,0,0,0,1,0.9,191.3,3.15,0,NA
"90",89," eco1",0,1,-13.3,2400.4,5743,114.2,11.4,32.8,73.9,4.12,206.3,3.3,11.1,1.1,2688.1,268.8,334.7,38.3,366.3,21.8,46.8,2.4,32.5,66.4,1147.6,1153.8,0.5,0,7.4,5.4,0.9,0.8,1.8,0.6,0.2,0.1,0.5,7.7,38.9,137.3,0,-0.1,0,0,0.6,1.3,-1.2,0,3.39,0,0,0,0,1.4,1.1,191.3,2.93,0,NA
"91",90," eco1",0,1,24.7,2402.5,5712,83.6,8.4,26.5,71.3,4.25,206.3,3.5,9.7,1,2675.4,267.5,330.1,37.9,362,20.2,46.7,2.2,31.9,66.5,1150,1154.2,0.5,0,7.3,5.4,0.9,0.8,1.8,0.6,0.2,0.1,0.5,7.7,38.9,137.4,0,-0.1,0,0,0.6,1.4,-1.2,0,3.35,0,0,0,0,1,0.9,191.4,3.08,0,NA
"92",91," eco1",0,1,-23.7,2405.5,5737,120.6,12.1,34.9,74.4,4,206.4,3.3,11,1.1,2685.5,268.5,333.7,38.2,363.6,22.4,46.9,2.5,32.4,66.6,1152,1154.5,0.5,0,7.4,5.4,0.9,0.8,1.8,0.6,0.2,0.1,0.5,7.7,39,137.4,0,-0.1,0,0,0.5,1.3,-1.1,0,3.44,0.01,0.08,0,0,1.6,1.1,191.4,2.8,0,NA
"93",92," eco1",0,1,14.6,2407.8,5720,90.8,9.1,26.8,71.8,4.2,206.6,3.4,11.4,1.1,2677.2,267.7,331.2,38,360,20.8,46.8,2.3,32.1,66.7,1154.2,1154.8,0.5,0,7.3,5.4,0.9,0.8,1.8,0.6,0.2,0.1,0.5,7.7,39.1,137.5,0,-0.1,0,0,0.6,1.4,-1.2,0,3.36,0,0,0,0,1,0.9,191.7,2.98,0,NA
"94",93," eco1",0,1,18.9,2409.2,5697,85.4,8.5,25.1,71,4.37,206.8,3.4,11.9,1.2,2666,266.6,328.8,37.7,355.8,19.4,46.6,2.1,31.5,66.7,1155.9,1155.1,0.6,0,7.3,5.3,0.9,0.8,1.8,0.5,0.2,0.1,0.5,7.7,39.1,137.5,0,-0.1,0,0,0.6,1.4,-1.2,0,3.38,0,0,0,0,0.9,0.8,191.9,3.16,0,NA
"95",94," eco1",0,1,-50.8,2412.1,5747,137.2,13.7,38.4,75.4,3.95,207,3,14.7,1.5,2686.6,268.7,339.1,38.8,360.9,24.1,47.1,2.7,32.5,66.9,1157.4,1155.3,0.7,0.1,7.4,5.4,0.9,0.8,1.8,0.7,0.2,0.2,0.5,7.7,39.2,137.6,0,-0.1,0,0,0.5,1.2,-1,0,3.38,0.01,0.04,0,0,1.7,1.2,191.8,2.79,0,NA
"96",95," eco1",0,1,9,2415.5,5731,98.9,9.9,33.9,72.7,4.07,207.1,3.5,10.4,1,2683.2,268.3,335.8,38.4,361,23.8,47.2,2.7,32.9,67.1,1159.9,1155.7,0.5,0,7.4,5.4,0.9,0.8,1.8,0.7,0.2,0.2,0.5,7.8,39.3,137.6,0,-0.2,0,0,0.6,1.4,-1.2,0,3.42,0,0.06,0,0,1.2,1.1,192.1,2.87,0,NA
"97",96," eco1",0,1,-34.2,2418.9,5770,129.5,13,35.5,75.3,3.95,207.4,3.3,13.8,1.4,2698.5,269.8,341.2,39,363.4,25.1,47.4,2.8,33.4,67.3,1162.2,1155.9,0.7,0.1,7.4,5.4,0.9,0.8,1.8,0.7,0.2,0.2,0.5,7.8,39.4,137.7,0,-0.2,0,0,0.6,1.3,-1.1,0,3.39,0,0,0,0,1.6,1.1,192.2,2.73,0,NA
"98",97," eco1",0,1,3.3,2421.8,5772,104.7,10.5,30.4,73.4,4.18,207.8,3.6,14.8,1.5,2698.4,269.8,338.3,38.7,361.6,23.3,47.4,2.6,33.2,67.5,1164.9,1156.3,0.7,0.1,7.4,5.4,0.9,0.8,1.8,0.7,0.2,0.1,0.5,7.8,39.4,137.7,0,-0.2,0,0,0.7,1.4,-1.2,0,3.43,0.01,0.07,0,0,1,1,192.5,2.97,0,NA
"99",98," eco1",0,1,-25.9,2425.2,5792,123.2,12.3,38.4,75.3,4.05,207.9,3.3,13.4,1.3,2709.3,270.9,343,39.2,365.5,25.7,47.8,2.9,33.5,67.7,1167.4,1156.5,0.6,0.1,7.4,5.4,0.9,0.8,1.8,0.7,0.2,0.2,0.5,7.8,39.5,137.8,0,-0.2,0,0,0.6,1.3,-1.1,0,3.39,0,0,0,0,1.5,1.2,192.7,2.84,0,NA
"100",99," eco1",0,1,-39.1,2428.9,5862,147.5,14.8,37.3,77.7,4.02,208.5,3.7,20.3,2,2734.9,273.5,341.6,39.1,366.7,25.4,48,2.8,33.6,67.9,1170.6,1156.9,1,0.1,7.5,5.5,0.9,0.8,1.8,0.7,0.2,0.2,0.6,7.9,39.6,137.8,0,-0.2,0,0,0.7,1.4,-1.2,0,3.41,0.01,0.03,0,0,1.5,1.2,192.8,2.81,0,NA
"101",100," eco1",0,1,-24.8,2433.1,5871,125.7,12.6,44.5,76.8,3.95,208.6,3.5,13.5,1.4,2746.1,274.6,346,39.5,373.3,28.7,48.5,3.2,34.2,68.2,1173.5,1157.2,0.6,0.1,7.5,5.5,1,0.8,1.9,0.8,0.2,0.2,0.6,7.9,39.7,137.9,0,-0.2,0,0,0.7,1.3,-1.1,0,3.42,0.01,0.06,0,0,1.5,1.4,193.1,2.76,0,NA
"102",101," eco1",0,1,-15,2437.4,5890,125.2,12.5,38.9,77.1,3.92,208.7,3.8,12.2,1.2,2756.6,275.7,345.2,39.4,375.4,28.1,48.8,3.1,34.5,68.5,1177,1157.5,0.6,0,7.6,5.5,1,0.8,1.9,0.8,0.2,0.2,0.6,7.9,39.8,137.9,0,-0.2,0,0,0.7,1.4,-1.2,0,3.38,0,0.03,0,0,1.6,1.3,193.2,2.73,0,NA
"103",102," eco1",0,1,-21.2,2441.3,5903,114.9,11.5,32.5,76.5,4.04,209.1,3.2,14.2,1.4,2760.5,276.1,354.1,40.4,376.7,27.6,49,3.1,34.9,68.6,1180,1157.8,0.7,0.1,7.6,5.5,1,0.8,1.9,0.8,0.2,0.2,0.6,7.9,39.9,138,0,-0.2,0,0,0.6,1.2,-1.1,0,3.44,0.02,0.04,0,0,1.3,1,193.5,2.8,0,NA
"104",103," eco1",0,1,-0.2,2445.4,5906,111.2,11.1,33.9,76.2,4.12,209.3,3.7,13.7,1.4,2762.2,276.2,351.5,40.1,376.2,25.9,49,2.8,34.7,68.8,1183.8,1158.1,0.7,0.1,7.6,5.5,1,0.8,1.9,0.7,0.2,0.2,0.6,8,40,138,0,-0.2,0,0,0.7,1.4,-1.2,0,3.4,0.02,0.08,0,0,1.2,1.1,193.7,2.93,0,NA
"105",104," eco1",0,1,-4.3,2449.3,5911,114.8,11.5,35.7,76.7,4.17,209.4,3.7,12.4,1.2,2765.8,276.6,349.5,40,376.6,25.3,49.2,2.8,34.6,69,1187.3,1158.4,0.6,0,7.6,5.5,1,0.8,1.9,0.7,0.2,0.2,0.6,8,40.1,138.1,0,-0.2,0,0,0.7,1.4,-1.2,0,3.41,0,0,0,0,1.4,1.2,193.9,2.9,0,NA
"106",105," eco1",0,1,-8.4,2451.8,5945,120.7,12.1,27.6,77,4.37,210,3.8,21,2.1,2773.4,277.3,346.1,39.6,372.1,22.2,49,2.4,33.7,69,1190.4,1158.7,1,0.1,7.6,5.5,1,0.8,1.9,0.6,0.2,0.1,0.5,8,40.2,138.1,0,-0.2,0,0,0.7,1.5,-1.3,0,3.41,0.01,0.04,0,0,1,0.9,194.1,3.14,0,NA
"107",106," eco1",0,1,-22.2,2455.3,5946,120,12,42,77.5,4.2,210,3.3,14.9,1.5,2779.8,278,352.7,40.3,377.7,26.6,49.5,3,34.3,69.2,1192.8,1159,0.7,0.1,7.6,5.6,1,0.8,1.9,0.7,0.2,0.2,0.5,8,40.3,138.2,0,-0.2,0,0,0.6,1.3,-1.1,0,3.42,0,0.03,0,0,1.3,1.4,194.3,3.02,0,NA
"108",107," eco1",0,1,6.9,2458.4,5961,112.6,11.3,28.7,76.7,4.46,210.5,3.9,20,2,2781.9,278.2,345.1,39.5,372.9,22.7,49.3,2.4,33.6,69.3,1196.1,1159.4,1,0.1,7.6,5.6,1,0.8,1.9,0.6,0.2,0.1,0.5,8,40.4,138.2,0,-0.2,0,0,0.7,1.5,-1.3,0,3.36,0,0,0,0,0.9,0.9,194.5,3.21,0,NA
"109",108," eco1",0,1,6.2,2461.4,5939,105.8,10.6,39.8,76.6,4.32,210.1,3.7,11.9,1.2,2779.4,277.9,343,39.3,375.3,24.5,49.5,2.7,33.6,69.5,1198.6,1159.7,0.6,0,7.6,5.6,0.9,0.8,1.9,0.7,0.2,0.2,0.5,8,40.5,138.3,0,-0.2,0,0,0.7,1.5,-1.3,0,3.38,0,0.03,0,0,1.2,1.3,194.6,3.13,0,NA
"110",109," eco1",0,1,-9.7,2463.2,5972,120.6,12.1,27.2,77.5,4.42,210.7,3.7,21,2.1,2786.4,278.6,341.5,39.2,370.6,21.7,49.3,2.3,33.1,69.5,1200.6,1160,1,0.1,7.6,5.6,0.9,0.8,1.9,0.6,0.2,0.1,0.5,8,40.6,138.3,0,-0.2,0,0,0.7,1.5,-1.3,0,3.41,0.01,0.04,0,0,1,0.9,194.7,3.21,0,NA
"111",110," eco1",0,1,-35.1,2466.9,5987,133.6,13.4,47.2,79.6,4.08,210.6,3.4,13.9,1.4,2800.3,280,349.4,39.9,378.7,27.4,49.9,3.1,34.3,69.7,1202.6,1160.3,0.7,0.1,7.7,5.6,1,0.8,1.9,0.8,0.2,0.2,0.6,8.1,40.7,138.4,0,-0.2,0,0,0.6,1.3,-1.2,0,3.41,0.01,0.03,0,0,1.6,1.5,194.8,2.87,0,NA
"112",111," eco1",0,1,-14.8,2471,5993,118.1,11.8,36.8,78.4,4.07,210.8,3.5,12.5,1.3,2804.5,280.5,354.1,40.4,380.8,27.5,50.2,3.1,35,70,1205.3,1160.6,0.6,0,7.7,5.6,1,0.8,1.9,0.8,0.3,0.2,0.6,8.1,40.7,138.4,0,-0.2,0,0,0.7,1.3,-1.2,0,3.39,0,0,0,0,1.4,1.2,195,2.82,0,NA
"113",112," eco1",0,1,-29.8,2475.6,6021,132.2,13.2,38.9,80.1,3.97,211,3.5,13.3,1.3,2816.9,281.7,359.9,41.1,384,28.2,50.5,3.1,35.7,70.2,1208.6,1160.9,0.6,0.1,7.7,5.6,1,0.8,1.9,0.8,0.3,0.2,0.6,8.1,40.8,138.5,0,-0.2,0,0,0.7,1.3,-1.2,0,3.38,0,0,0,0,1.6,1.3,195.2,2.7,0,NA
"114",113," eco1",0,1,-0.7,2479.8,6023,114.6,11.5,35.2,78.7,4.12,211.2,3.8,12.5,1.2,2818.4,281.8,358,40.9,383.8,26.4,50.6,2.9,35.6,70.5,1212.5,1161.3,0.6,0,7.7,5.6,1,0.8,1.9,0.7,0.3,0.2,0.6,8.1,40.9,138.5,0,-0.2,0,0,0.7,1.4,-1.3,0,3.41,0,0,0,0,1.4,1.1,195.4,2.83,0,NA
"115",114," eco1",0,1,6.4,2483.2,6009,104,10.4,32.9,77.7,4.18,211.3,3.6,10.8,1.1,2813.5,281.4,357.6,40.9,382.9,25.2,50.6,2.7,35.2,70.6,1215.9,1161.6,0.5,0,7.7,5.6,1,0.8,1.9,0.7,0.3,0.2,0.6,8.2,41.1,138.6,0,-0.2,0,0,0.7,1.4,-1.2,0,3.38,0,0,0,0,1.3,1.1,195.6,2.94,0,NA
"116",115," eco1",0,1,-19.2,2486.5,6028,119.6,12,31.8,78.9,4.14,211.6,3.4,14.9,1.5,2818.3,281.8,363.4,41.5,382.6,25.1,50.7,2.8,35.2,70.7,1218.8,1161.9,0.7,0.1,7.7,5.6,1,0.8,1.9,0.7,0.3,0.2,0.6,8.2,41.1,138.6,0,-0.2,0,0,0.6,1.3,-1.2,0,3.42,0,0.03,0,0,1.3,1,195.7,2.94,0,NA
"117",116," eco1",0,1,19.1,2490.1,5994,96.3,9.6,35,76.9,4.19,211.5,3.7,8.8,0.9,2808.8,280.9,359,41,382.3,24.8,50.8,2.7,35,70.9,1222,1162.2,0.4,0,7.7,5.6,1,0.8,1.9,0.7,0.3,0.2,0.5,8.2,41.2,138.7,0,-0.2,0,0,0.7,1.5,-1.3,0,3.38,0,0,0,0,1.3,1.1,195.9,2.98,0,NA
"118",117," eco1",0,1,-12.1,2493.6,6008,116.1,11.6,31.1,78.6,4.11,211.7,3.5,12.4,1.2,2811.5,281.2,362,41.4,381.3,24.1,50.8,2.6,35.2,71,1224.8,1162.5,0.6,0,7.7,5.6,1,0.8,1.9,0.7,0.3,0.2,0.5,8.2,41.3,138.8,0,-0.2,0,0,0.6,1.4,-1.2,0,3.39,0,0.03,0,0,1.4,1,195.9,2.88,0,NA
"119",118," eco1",0,1,-2.5,2497,6006,112.8,11.3,35.2,78.4,4.08,211.8,3.6,11.1,1.1,2812.1,281.2,361.1,41.3,381.6,24.5,50.9,2.7,35.2,71.2,1227.8,1162.8,0.5,0,7.7,5.6,1,0.8,1.9,0.7,0.3,0.2,0.5,8.2,41.4,138.8,0,-0.2,0,0,0.6,1.4,-1.2,0,3.39,0,0,0,0,1.4,1.1,196.1,2.86,0,NA
"120",119," eco1",0,1,-25,2500.1,6050,131.1,13.1,30.8,79.9,4.11,212.4,3.6,19.6,2,2824,282.4,363.1,41.5,379.9,23.6,50.9,2.6,35.1,71.3,1230.6,1163.2,0.9,0.1,7.7,5.6,1,0.8,1.9,0.7,0.3,0.1,0.5,8.2,41.5,138.9,0,-0.2,0,0,0.6,1.4,-1.2,0,3.43,0.01,0.1,0,0,1.2,1,196.2,2.92,0,NA
"121",120," eco1",0,1,19,2503.2,6011,94.4,9.4,36,76.7,4.28,212.3,3.7,11.9,1.2,2813.3,281.3,359.9,41.2,380.5,24.4,51,2.7,35,71.4,1233.3,1163.5,0.6,0,7.7,5.6,1,0.8,1.9,0.7,0.3,0.2,0.5,8.2,41.6,138.9,0,-0.2,0,0,0.6,1.5,-1.3,0,3.37,0,0,0,0,1,1.2,196.6,3.05,0,NA
"122",121," eco1",0,1,-2.5,2506.3,6010,112.8,11.3,34.7,78.4,4.16,212.4,3.6,11.1,1.1,2813.8,281.4,359.5,41.1,380.6,24.5,51.1,2.7,35,71.6,1235.9,1163.8,0.5,0,7.7,5.6,1,0.8,1.9,0.7,0.3,0.2,0.5,8.3,41.7,139,0,-0.2,0,0,0.6,1.4,-1.3,0,3.39,0,0,0,0,1.4,1.1,196.6,2.95,0,NA
"123",122," eco1",0,1,-13.5,2509.5,6021,117.9,11.8,33.9,78.9,4.1,212.6,3.5,12.5,1.3,2817.4,281.7,362.8,41.5,381.1,24.9,51.2,2.8,35.3,71.7,1238.3,1164.1,0.6,0,7.7,5.6,1,0.8,1.9,0.7,0.3,0.2,0.5,8.3,41.8,139,0,-0.2,0,0,0.6,1.4,-1.2,0,3.39,0,0,0,0,1.4,1.1,196.8,2.86,0,NA
"124",123," eco1",0,1,-12.5,2513,6028,117.9,11.8,35.4,79.1,4.08,212.8,3.5,12.5,1.3,2820.9,282.1,365.6,41.8,382.3,25.6,51.4,2.8,35.7,71.9,1240.9,1164.4,0.6,0,7.7,5.6,1,0.8,1.9,0.7,0.3,0.2,0.6,8.3,41.9,139.1,0,-0.2,0,0,0.6,1.4,-1.2,0,3.39,0,0,0,0,1.4,1.1,196.9,2.83,0,NA
"125",124," eco1",0,1,14.8,2515,6041,110.7,11.1,26.5,78,4.38,213.3,4.1,19.2,1.9,2820.3,282,355,40.7,375.8,21.2,51.1,2.3,34.3,72,1243.9,1164.8,0.9,0.1,7.7,5.6,1,0.8,1.9,0.6,0.3,0.1,0.5,8.3,42,139.1,0,-0.2,0,0,0.7,1.6,-1.4,0,3.42,0.01,0.09,0,0,0.9,0.9,197.2,3.14,0,NA
"126",125," eco1",0,1,-25.9,2517.3,6066,130.9,13.1,38.9,80.3,4.23,213.5,3.6,19.6,2,2831.7,283.2,358.7,41.1,378.6,24.2,51.3,2.7,34.6,72.1,1245.6,1165.1,0.9,0.1,7.8,5.7,1,0.8,1.9,0.7,0.3,0.2,0.5,8.3,42.1,139.2,0,-0.2,0,0,0.6,1.4,-1.2,0,3.43,0.01,0.11,0,0,1.2,1.3,197.3,3.07,0,NA
"127",126," eco1",0,1,-11.8,2521,6050,114,11.4,42.1,79.3,4.1,213.4,3.4,11.6,1.2,2832.2,283.2,364.5,41.7,384.1,27.7,51.7,3.1,35.6,72.3,1247.6,1165.4,0.6,0,7.8,5.7,1,0.8,1.9,0.8,0.3,0.2,0.6,8.4,42.1,139.2,0,-0.2,0,0,0.6,1.3,-1.2,0,3.37,0,0,0,0,1.4,1.4,197.5,2.89,0,NA
"128",127," eco1",0,1,2,2523.9,6045,103.2,10.3,27.9,77.8,4.23,213.7,3.5,14.7,1.5,2826.6,282.7,367.5,42,381.6,25.2,51.6,2.8,35.6,72.5,1250.1,1165.7,0.7,0.1,7.7,5.7,1,0.8,1.9,0.7,0.3,0.2,0.6,8.4,42.2,139.3,0,-0.2,0,0,0.6,1.4,-1.2,0,3.41,0.01,0.08,0,0,1,0.9,197.7,3.04,0,NA
"129",128," eco1",0,1,1.7,2526.8,6034,103.4,10.3,31,77.7,4.28,213.9,3.5,14.7,1.5,2821.3,282.1,369.7,42.2,380.9,24.7,51.7,2.7,35.6,72.6,1252.6,1166,0.7,0.1,7.7,5.6,1,0.8,1.9,0.7,0.3,0.2,0.5,8.4,42.3,139.3,0,-0.2,0,0,0.6,1.4,-1.2,0,3.41,0.01,0.08,0,0,1,1,197.9,3.1,0,NA
"130",129," eco1",0,1,31.2,2529.3,5984,81.6,8.2,29.4,75.5,4.35,213.7,3.6,9.8,1,2803,280.3,366,41.9,378.5,23.3,51.6,2.5,35.1,72.7,1255.2,1166.4,0.5,0,7.7,5.6,1,0.8,1.9,0.7,0.3,0.1,0.5,8.4,42.4,139.4,0,-0.2,0,0,0.6,1.4,-1.3,0,3.34,0,0.04,0,0,0.9,0.9,198,3.17,0,NA
"131",130," eco1",0,1,-32.7,2532.7,6019,132.1,13.2,35.7,80.1,4.07,213.9,3.4,13.7,1.4,2815.3,281.5,372.1,42.5,380.8,25.2,51.8,2.8,35.8,72.8,1257.5,1166.7,0.7,0.1,7.7,5.6,1,0.9,1.9,0.7,0.3,0.2,0.5,8.4,42.5,139.4,0,-0.1,0,0,0.6,1.3,-1.2,0,3.38,0,0,0,0,1.6,1.2,198,2.84,0,NA
"132",131," eco1",0,1,17.7,2535.9,5993,100.1,10,35,77.3,4.12,213.8,3.8,8.8,0.9,2808.1,280.8,366,41.9,380.5,24.8,51.8,2.7,35.6,73,1260.3,1167,0.4,0,7.7,5.6,1,0.8,1.9,0.7,0.3,0.2,0.5,8.4,42.6,139.5,0,-0.2,0,0,0.7,1.5,-1.3,0,3.37,0,0,0,0,1.3,1.1,198.2,2.9,0,NA
"133",132," eco1",0,1,3,2537.7,6002,110.7,11.1,28.3,77.9,4.14,214.1,3.8,13.6,1.4,2807.7,280.8,362.6,41.6,376.9,22.7,51.7,2.5,35,73,1262.4,1167.3,0.6,0.1,7.7,5.6,1,0.8,1.9,0.6,0.3,0.1,0.5,8.4,42.7,139.6,0,-0.2,0,0,0.7,1.5,-1.3,0,3.4,0.02,0.08,0,0,1.2,0.9,198.2,2.97,0,NA
"134",133," eco1",0,1,-35.4,2540.6,6031,131.4,13.1,37.9,80.1,3.98,214.4,3.3,15.2,1.5,2819.6,282,371.4,42.4,380.9,26,52,2.9,35.6,73.2,1264.1,1167.6,0.7,0.1,7.7,5.6,1,0.9,1.9,0.7,0.3,0.2,0.5,8.5,42.7,139.6,0,-0.1,0,0,0.6,1.3,-1.1,0,3.42,0.02,0.05,0,0,1.5,1.2,198.4,2.78,0,NA
"135",134," eco1",0,1,-6.7,2544,6038,123,12.3,40,79.7,3.94,214.5,3.9,12,1.2,2826,282.6,367.8,42.1,383.3,26.9,52.2,3,35.9,73.4,1266.7,1168,0.6,0,7.7,5.7,1,0.8,1.9,0.8,0.3,0.2,0.6,8.5,42.8,139.7,0,-0.2,0,0,0.7,1.5,-1.3,0,3.38,0,0.03,0,0,1.6,1.3,198.6,2.76,0,NA
"136",135," eco1",0,1,2,2546.7,6041,114.2,11.4,33.5,79,4.07,214.7,3.9,12.8,1.3,2827,282.7,364.5,41.8,382.1,25.3,52.2,2.8,35.7,73.5,1269.1,1168.3,0.6,0,7.7,5.7,1,0.8,1.9,0.7,0.3,0.2,0.6,8.5,42.9,139.7,0,-0.2,0,0,0.7,1.5,-1.3,0,3.38,0,0.03,0,0,1.3,1.1,198.8,2.82,0,NA
"137",136," eco1",0,1,-30.1,2549,6100,146,14.6,36.4,82.2,4.07,215.3,4,20.2,2,2847,284.7,362.6,41.6,382,24.9,52.3,2.7,35.3,73.6,1271.4,1168.7,1,0.1,7.8,5.7,1,0.8,1.9,0.7,0.3,0.2,0.6,8.5,43,139.8,0,-0.2,0,0,0.7,1.6,-1.4,0,3.41,0.01,0.04,0,0,1.5,1.2,199,2.84,0,NA
"138",137," eco1",0,1,-37,2552.6,6115,135.2,13.5,46.1,82.1,3.9,215.4,3.4,14.7,1.5,2859.6,286,373,42.6,390.1,29.9,52.8,3.4,36.4,73.9,1273.4,1169,0.7,0.1,7.8,5.7,1,0.9,2,0.8,0.3,0.2,0.6,8.5,43.1,139.8,0,-0.2,0,0,0.6,1.3,-1.1,0,3.38,0.01,0.04,0,0,1.6,1.5,199.2,2.69,0,NA
"139",138," eco1",0,1,22.7,2555.9,6086,97.3,9.7,32.5,78.4,4.18,215.5,4,11.4,1.1,2849.3,284.9,368.2,42.1,388.1,26.7,52.8,2.9,36.3,74.1,1276.3,1169.3,0.5,0,7.8,5.7,1,0.8,1.9,0.8,0.3,0.2,0.6,8.6,43.2,139.9,0,-0.2,0,0,0.7,1.5,-1.3,0,3.38,0,0.02,0,0,1.1,1,199.5,2.93,0,NA
"140",139," eco1",0,1,1.3,2557.5,6110,117.3,11.7,26.3,79.8,4.42,216.1,4,20.3,2,2851.6,285.2,364,41.7,382.4,22.6,52.5,2.4,35.3,74,1278.5,1169.7,1,0.1,7.8,5.7,1,0.8,1.9,0.6,0.3,0.1,0.5,8.6,43.3,139.9,0,-0.2,0,0,0.7,1.6,-1.4,0,3.38,0,0,0,0,0.9,0.8,199.7,3.18,0,NA
"141",140," eco1",0,1,31,2558.7,6064,93.7,9.4,37.6,77.8,4.44,215.7,4.1,10.8,1.1,2839.4,283.9,355.6,40.9,382.2,23.3,52.6,2.5,34.6,74,1280.1,1170,0.5,0,7.8,5.7,1,0.8,1.9,0.7,0.3,0.1,0.5,8.6,43.4,140,0,-0.2,0,0,0.7,1.6,-1.4,0,3.4,0.01,0.04,0,0,1.1,1.2,199.9,3.23,0,NA
"142",141," eco1",0,1,7.3,2559.6,6057,104.5,10.4,29.2,78.4,4.32,215.7,3.7,13,1.3,2834.2,283.4,355.4,40.8,379.1,22.1,52.4,2.4,34.4,74,1280.8,1170.4,0.6,0,7.8,5.7,1,0.8,1.9,0.6,0.3,0.1,0.5,8.6,43.4,140.1,0,-0.2,0,0,0.6,1.5,-1.3,0,3.46,0.02,0.15,0,0,1.1,0.9,199.8,3.16,0,NA
"143",142," eco1",0,1,-19.4,2560.9,6071,118.7,11.9,32.7,79.6,4.18,216,3.4,15.9,1.6,2837.7,283.8,363.2,41.6,379.8,23.7,52.5,2.6,34.7,74,1281.5,1170.7,0.8,0.1,7.8,5.7,1,0.8,1.9,0.7,0.3,0.2,0.5,8.6,43.5,140.1,0,-0.1,0,0,0.6,1.4,-1.2,0,3.4,0.01,0.08,0,0,1.2,1.1,199.9,3.02,0,NA
"144",143," eco1",0,1,21.3,2562.6,6036,98.1,9.8,36.5,77.9,4.18,215.7,3.9,8.8,0.9,2828.5,282.8,357.9,41,379.9,24.2,52.6,2.7,34.7,74.1,1282.7,1171,0.4,0,7.7,5.7,1,0.8,1.9,0.7,0.3,0.2,0.5,8.6,43.6,140.2,0,-0.2,0,0,0.7,1.6,-1.4,0,3.36,0,0,0,0,1.3,1.2,200,2.99,0,NA
"145",144," eco1",0,1,7.9,2562.7,6056,111.8,11.2,24.1,78.5,4.35,216.2,4,18.2,1.8,2828.3,282.8,352.1,40.4,373,20.3,52.2,2.2,33.8,74,1283.5,1171.4,0.9,0.1,7.7,5.7,1,0.8,1.9,0.6,0.3,0.1,0.5,8.6,43.6,140.2,0,-0.2,0,0,0.7,1.6,-1.4,0,3.37,0.01,0.04,0,0,1,0.8,200.1,3.15,0,NA
"146",145," eco1",0,1,-33,2564.7,6074,137,13.7,46.6,81.7,4,216.1,3.6,12.8,1.3,2842.4,284.2,358.5,41.1,380.3,26.1,52.7,3,34.9,74.2,1283.9,1171.7,0.6,0,7.8,5.7,1,0.8,1.9,0.7,0.3,0.2,0.5,8.6,43.7,140.3,0,-0.2,0,0,0.6,1.5,-1.2,0,3.38,0,0,0,0,1.8,1.5,200.2,2.79,0,NA
"147",146," eco1",0,1,12.1,2566.1,6062,106,10.6,32.7,78.8,4.14,216.3,4,11.9,1.2,2837.7,283.8,355.4,40.8,378.5,24.3,52.6,2.7,34.7,74.3,1285.1,1172.1,0.6,0,7.8,5.7,1,0.8,1.9,0.7,0.3,0.2,0.5,8.6,43.8,140.3,0,-0.2,0,0,0.7,1.6,-1.4,0,3.38,0,0.03,0,0,1.2,1.1,200.4,2.91,0,NA
"148",147," eco1",0,1,-8.1,2568,6058,113.8,11.4,36.3,79.7,4.04,216.2,3.6,9.7,1,2837.7,283.8,360.2,41.2,380.3,25.5,52.8,2.8,35.3,74.4,1285.9,1172.4,0.5,0,7.8,5.7,1,0.8,1.9,0.7,0.3,0.2,0.6,8.6,43.8,140.4,0,-0.2,0,0,0.6,1.4,-1.2,0,3.35,0,0,0,0,1.5,1.2,200.5,2.8,0,NA
"149",148," eco1",0,1,8,2569,6052,104.3,10.4,28.5,78.3,4.18,216.5,3.8,12.5,1.2,2832.4,283.2,359.8,41.2,377.2,23.3,52.6,2.5,34.9,74.4,1287,1172.8,0.6,0,7.8,5.7,1,0.8,1.9,0.7,0.3,0.1,0.5,8.6,43.9,140.5,0,-0.2,0,0,0.7,1.5,-1.3,0,3.42,0.01,0.05,0,0,1.2,0.9,200.6,2.97,0,NA
"150",149," eco1",0,1,-20.6,2570.9,6070,123.4,12.3,34.8,80.2,4.1,216.8,3.5,14.7,1.5,2838.5,283.9,365.6,41.8,378.6,24.7,52.8,2.7,35.4,74.4,1288,1173.1,0.7,0.1,7.8,5.7,1,0.8,1.9,0.7,0.3,0.2,0.5,8.6,43.9,140.5,0,-0.2,0,0,0.6,1.4,-1.2,0,3.43,0.01,0.08,0,0,1.4,1.1,200.7,2.88,0,NA
"151",150," eco1",0,1,-27.7,2573.6,6097,135.2,13.5,40.8,81.8,4.01,217,3.7,14.5,1.4,2851.3,285.1,369.5,42.2,382.6,26.9,53.1,3,36,74.6,1289.6,1173.4,0.7,0.1,7.8,5.7,1,0.8,1.9,0.8,0.3,0.2,0.6,8.6,44,140.6,0,-0.2,0,0,0.6,1.5,-1.2,0,3.4,0,0,0,0,1.6,1.3,200.9,2.75,0,NA
"152",151," eco1",0,1,-13.3,2576.4,6095,113.5,11.3,34.5,79.9,4.11,217.3,3.4,14,1.4,2850.8,285.1,377.3,43,384.7,27.5,53.2,3.1,36.5,74.8,1291.4,1173.7,0.7,0.1,7.8,5.7,1,0.9,1.9,0.8,0.3,0.2,0.6,8.7,44.1,140.6,0,-0.2,0,0,0.6,1.3,-1.1,0,3.44,0.02,0.04,0,0,1.3,1.1,201.2,2.87,0,NA
"153",152," eco1",0,1,-5.9,2580.1,6093,118.4,11.8,38.6,80.6,4.06,217.3,3.8,10.9,1.1,2853,285.3,377.4,43.1,387.2,27.8,53.4,3.1,37,75,1294,1174,0.5,0,7.8,5.7,1,0.9,1.9,0.8,0.3,0.2,0.6,8.7,44.1,140.7,0,-0.2,0,0,0.7,1.5,-1.3,0,3.44,0.01,0.08,0,0,1.5,1.2,201.3,2.81,0,NA
"154",153," eco1",0,1,-4.7,2582.2,6130,129.1,12.9,30.4,81.4,4.28,217.9,4.2,19.2,1.9,2862,286.2,370.1,42.3,383.2,24.1,53.2,2.6,36,75.1,1296.8,1174.4,0.9,0.1,7.8,5.7,1,0.9,1.9,0.7,0.3,0.1,0.6,8.7,44.2,140.7,0,-0.2,0,0,0.8,1.6,-1.4,0,3.4,0,0,0,0,1.2,1,201.5,3,0,NA
"155",154," eco1",0,1,24.9,2584.1,6084,96.3,9.6,39.4,78.6,4.28,217.5,4,8.8,0.9,2850.8,285.1,364.6,41.8,384.8,25.3,53.4,2.8,35.7,75.2,1298.5,1174.7,0.4,0,7.8,5.7,1,0.8,1.9,0.7,0.3,0.2,0.6,8.7,44.3,140.8,0,-0.2,0,0,0.7,1.6,-1.4,0,3.36,0,0,0,0,1.3,1.3,201.7,3.07,0,NA
"156",155," eco1",0,1,14.8,2584.6,6080,101.7,10.2,25,78.5,4.39,217.8,3.9,14.3,1.4,2843.5,284.3,361.6,41.5,379.1,21.8,53.1,2.3,34.9,75.1,1299.5,1175.1,0.7,0.1,7.8,5.7,1,0.8,1.9,0.6,0.3,0.1,0.5,8.7,44.4,140.9,0,-0.2,0,0,0.7,1.6,-1.3,0,3.43,0.01,0.07,0,0,1,0.8,201.7,3.18,0,NA
"157",156," eco1",0,1,21.3,2585.1,6047,97.1,9.7,34.6,78,4.29,217.5,3.9,8.8,0.9,2833.4,283.3,357.1,41,378.3,22.6,53.1,2.5,34.5,75,1300.1,1175.5,0.4,0,7.8,5.7,1,0.8,1.9,0.6,0.3,0.1,0.5,8.7,44.4,140.9,0,-0.2,0,0,0.6,1.6,-1.4,0,3.36,0,0,0,0,1.3,1.1,201.8,3.11,0,NA
"158",157," eco1",0,1,29.8,2584.5,6017,84.4,8.4,22.3,76.2,4.48,217.6,3.7,11.8,1.2,2816.3,281.6,354.2,40.7,371.7,19.6,52.7,2.1,33.6,74.9,1300.2,1175.8,0.6,0,7.7,5.6,1,0.8,1.9,0.6,0.3,0.1,0.5,8.7,44.5,141,0,-0.1,0,0,0.6,1.5,-1.3,0,3.38,0,0,0,0,0.8,0.7,201.9,3.24,0,NA
"159",158," eco1",0,1,-19.7,2584.9,6033,119.5,11.9,32.8,79.2,4.26,217.8,3.4,14.9,1.5,2820.8,282.1,360.8,41.3,372.5,22.1,52.7,2.5,34,74.9,1299.9,1176.1,0.7,0.1,7.7,5.6,1,0.8,1.9,0.6,0.3,0.1,0.5,8.7,44.5,141,0,-0.1,0,0,0.5,1.4,-1.2,0,3.42,0,0.03,0,0,1.3,1.1,201.8,3.08,0,NA
"160",159," eco1",0,1,-38.7,2587.1,6061,135.3,13.5,40.9,81.2,3.97,217.9,3.4,14.6,1.5,2834.2,283.4,370.7,42.3,378.2,26.5,53.1,3,35.3,75,1300.3,1176.4,0.7,0.1,7.8,5.7,1,0.9,1.9,0.7,0.3,0.2,0.5,8.7,44.5,141.1,0,-0.1,0,0,0.5,1.4,-1.2,0,3.38,0.01,0.04,0,0,1.6,1.3,201.9,2.78,0,NA
"161",160," eco1",0,1,33.4,2588.7,6010,81.4,8.1,29.3,76,4.24,217.9,3.8,9.8,1,2815.2,281.5,367.3,42,375.8,24.3,53,2.7,35.2,75.2,1301.6,1176.8,0.5,0,7.7,5.6,1,0.8,1.9,0.7,0.3,0.2,0.5,8.7,44.6,141.1,0,-0.2,0,0,0.6,1.5,-1.3,0,3.34,0,0.03,0,0,0.9,0.9,202.2,3.02,0,NA
"162",161," eco1",0,1,-6.1,2590.8,6010,113.4,11.3,34.3,78.9,4.09,217.9,3.6,9.5,1,2815.7,281.6,369.2,42.2,376.8,24.9,53.1,2.8,35.9,75.3,1302.5,1177.1,0.5,0,7.7,5.6,1,0.8,1.9,0.7,0.3,0.2,0.6,8.7,44.6,141.2,0,-0.2,0,0,0.6,1.5,-1.2,0,3.35,0,0,0,0,1.5,1.1,202.2,2.85,0,NA
"163",162," eco1",0,1,20.2,2591.6,5993,97.4,9.7,28.3,77.1,4.22,218,3.9,10.4,1,2806.8,280.7,363.9,41.7,373.3,22.6,52.9,2.5,35.2,75.3,1303.7,1177.4,0.5,0,7.7,5.6,1,0.8,1.9,0.6,0.3,0.1,0.5,8.7,44.7,141.2,0,-0.2,0,0,0.7,1.6,-1.3,0,3.42,0.01,0.07,0,0,1.2,0.9,202.3,2.99,0,NA
"164",163," eco1",0,1,-14.3,2592.6,6012,117.3,11.7,30.1,78.7,4.23,218.4,3.5,15.4,1.5,2810.2,281,367.9,42.1,372.5,22.8,52.9,2.5,35.3,75.3,1304.3,1177.8,0.7,0.1,7.7,5.6,1,0.8,1.9,0.6,0.3,0.1,0.5,8.7,44.7,141.3,0,-0.1,0,0,0.6,1.4,-1.2,0,3.38,0,0,0,0,1.2,1,202.4,2.97,0,NA
"165",164," eco1",0,1,1.6,2593.7,6001,104.1,10.4,31.8,77.4,4.28,218.5,3.5,14.9,1.5,2805.7,280.6,369.7,42.3,372.6,23.5,52.9,2.6,35.2,75.3,1305,1178.1,0.7,0.1,7.7,5.6,1,0.8,1.9,0.7,0.3,0.1,0.5,8.7,44.8,141.3,0,-0.1,0,0,0.6,1.4,-1.2,0,3.41,0.01,0.08,0,0,1,1,202.6,3.1,0,NA
"166",165," eco1",0,1,-3.8,2595.1,6012,122.4,12.2,38,79.3,4.13,218.5,4,13.6,1.4,2812,281.2,364.5,41.8,373.9,24.5,53,2.7,35.2,75.4,1306,1178.4,0.6,0.1,7.7,5.6,1,0.8,1.9,0.7,0.3,0.2,0.5,8.7,44.8,141.4,0,-0.2,0,0,0.7,1.6,-1.4,0,3.42,0.01,0.1,0,0,1.4,1.2,202.6,2.97,0,NA
"167",166," eco1",0,1,-25.6,2597.3,6034,131.1,13.1,39.9,80.6,4,218.6,3.6,13,1.3,2823.2,282.3,368.9,42.2,378,26.8,53.3,3,36,75.6,1307,1178.8,0.6,0.1,7.7,5.6,1,0.8,1.9,0.8,0.3,0.2,0.6,8.8,44.9,141.5,0,-0.2,0,0,0.6,1.4,-1.2,0,3.38,0,0,0,0,1.6,1.3,202.7,2.74,0,NA
"168",167," eco1",0,1,23,2598.3,6008,93.8,9.4,29.3,76.9,4.29,218.8,3.9,11.9,1.2,2812,281.2,364.8,41.8,375.2,24.1,53.1,2.6,35.5,75.6,1308.1,1179.1,0.6,0,7.7,5.6,1,0.8,1.9,0.7,0.3,0.2,0.6,8.8,44.9,141.5,0,-0.2,0,0,0.7,1.5,-1.3,0,3.37,0,0,0,0,1,0.9,203,3.03,0,NA
"169",168," eco1",0,1,2.9,2599,6003,105.7,10.6,30.1,77.7,4.3,218.9,3.7,13.5,1.3,2808.3,280.8,365.7,41.9,373.8,23.5,53.1,2.6,35.2,75.6,1308.7,1179.4,0.6,0.1,7.7,5.6,1,0.8,1.9,0.7,0.3,0.1,0.5,8.8,45,141.6,0,-0.2,0,0,0.6,1.5,-1.2,0,3.38,0,0.03,0,0,1.1,1,203.1,3.09,0,NA
"170",169," eco1",0,1,31.9,2599.5,5960,87.3,8.7,31.8,76,4.3,218.6,3.9,7.9,0.8,2793.4,279.3,359.3,41.2,372,22.6,53,2.5,34.7,75.6,1309.3,1179.8,0.4,0,7.7,5.6,1,0.8,1.9,0.6,0.3,0.1,0.5,8.8,45,141.6,0,-0.2,0,0,0.7,1.6,-1.3,0,3.37,0.01,0.08,0,0,1.1,1,203.1,3.09,0,NA
"171",170," eco1",0,1,-10.9,2598.7,6008,129.6,13,27.5,79.3,4.35,219.2,4,19.2,1.9,2804.8,280.5,354,40.7,367.3,20.5,52.7,2.2,33.8,75.5,1309.3,1180.2,0.9,0.1,7.7,5.6,1,0.8,1.8,0.6,0.3,0.1,0.5,8.8,45,141.7,0,-0.2,0,0,0.7,1.7,-1.4,0,3.4,0,0,0,0,1.2,0.9,203.1,3.1,0,NA
"172",171," eco1",0,1,13.3,2598.4,5980,102.7,10.3,38.6,77.3,4.31,218.9,3.9,11.4,1.1,2799.3,279.9,350.8,40.3,369.3,23.1,52.8,2.6,33.8,75.4,1308.7,1180.5,0.5,0,7.7,5.6,1,0.8,1.8,0.7,0.3,0.1,0.5,8.8,45.1,141.8,0,-0.2,0,0,0.6,1.6,-1.4,0,3.43,0.02,0.05,0,0,1.2,1.2,203.3,3.12,0,NA
"173",172," eco1",0,1,-25.2,2599.3,6005,130.6,13.1,38.6,80.1,4.04,219,3.7,12,1.2,2810.6,281.1,355.7,40.8,372.5,25.3,53.1,2.8,34.6,75.5,1308.3,1180.9,0.6,0,7.7,5.6,1,0.8,1.9,0.7,0.3,0.2,0.5,8.8,45.1,141.8,0,-0.2,0,0,0.6,1.5,-1.2,0,3.4,0,0.04,0,0,1.7,1.2,203.2,2.82,0,NA
"174",173," eco1",0,1,-30.4,2601.1,6018,125.7,12.6,39.7,80.2,3.84,219.1,3.4,10.1,1,2818.5,281.8,367.2,42,378.1,28.4,53.4,3.2,35.6,75.6,1308.7,1181.2,0.5,0,7.7,5.6,1,0.8,1.9,0.8,0.3,0.2,0.6,8.8,45.1,141.9,0,-0.2,0,0,0.6,1.3,-1.1,0,3.42,0,0.06,0,0,1.7,1.3,203.3,2.63,0,NA
"175",174," eco1",0,1,-27.8,2604,6034,125.6,12.6,37.7,80.5,3.78,219.3,3.4,10.1,1,2826,282.6,377,43,382.3,29.7,53.7,3.4,36.7,75.9,1309.9,1181.5,0.5,0,7.7,5.7,1,0.9,1.9,0.8,0.3,0.2,0.6,8.8,45.2,141.9,0,-0.2,0,0,0.6,1.3,-1.1,0,3.42,0,0.06,0,0,1.7,1.2,203.5,2.54,0,NA
"176",175," eco1",0,1,20.6,2604.9,6050,110.5,11,24,78.5,4.33,220,4.4,19.2,1.9,2824.8,282.5,364.3,41.7,374.5,22.6,53.2,2.4,35.4,75.9,1311.8,1181.8,0.9,0.1,7.7,5.6,1,0.8,1.9,0.6,0.3,0.1,0.6,8.8,45.2,142,0,-0.2,0,0,0.8,1.7,-1.5,0,3.42,0.01,0.08,0,0,0.9,0.8,203.8,3.03,0,NA
"177",176," eco1",0,1,16,2605.6,6018,100.8,10.1,38.3,77.9,4.36,219.7,3.9,11.1,1.1,2817.4,281.7,360.9,41.4,376.3,24.3,53.4,2.7,35.1,75.9,1312.5,1182.2,0.5,0,7.7,5.6,1,0.8,1.9,0.7,0.3,0.2,0.5,8.8,45.3,142,0,-0.2,0,0,0.7,1.6,-1.3,0,3.38,0,0,0,0,1.2,1.2,204,3.11,0,NA
"178",177," eco1",0,1,-29.2,2607.2,6051,134,13.4,37.1,81.1,4.13,219.9,3.7,14.1,1.4,2830.1,283,366.3,41.9,378.9,25.8,53.6,2.9,35.7,75.9,1313.1,1182.5,0.7,0.1,7.8,5.7,1,0.8,1.9,0.7,0.3,0.2,0.6,8.8,45.3,142.1,0,-0.2,0,0,0.6,1.5,-1.2,0,3.44,0.01,0.04,0,0,1.6,1.2,203.9,2.89,0,NA
"179",178," eco1",0,1,33.8,2608.1,5996,83,8.3,32.6,76.4,4.28,219.6,3.9,6.4,0.6,2811.8,281.2,362.8,41.6,378,24.7,53.5,2.7,35.3,76,1314,1182.9,0.3,0,7.7,5.6,1,0.8,1.9,0.7,0.3,0.2,0.6,8.8,45.3,142.1,0,-0.2,0,0,0.7,1.5,-1.3,0,3.39,0,0,0,0,1.2,1.1,204.2,3.04,0,NA
"180",179," eco1",0,1,-16.6,2608.9,6023,121.9,12.2,29.7,79.6,4.17,220,3.6,13.3,1.3,2817.5,281.8,366.8,42,376.5,23.9,53.5,2.6,35.2,75.9,1314.6,1183.2,0.6,0.1,7.7,5.6,1,0.8,1.9,0.7,0.3,0.1,0.5,8.8,45.4,142.2,0,-0.2,0,0,0.6,1.5,-1.2,0,3.39,0,0,0,0,1.5,1,204.1,2.94,0,NA
"181",180," eco1",0,1,-19.2,2610.3,6042,126.7,12.7,37.2,80.3,4.06,220.1,3.7,14.1,1.4,2826,282.6,369.6,42.3,378.9,25.6,53.6,2.9,35.5,76,1315.3,1183.5,0.7,0.1,7.7,5.7,1,0.8,1.9,0.7,0.3,0.2,0.5,8.8,45.4,142.3,0,-0.2,0,0,0.6,1.5,-1.2,0,3.42,0.01,0.06,0,0,1.5,1.2,204.1,2.87,0,NA
"182",181," eco1",0,1,8.6,2611.5,6029,103.8,10.4,31.9,78.1,4.24,220.3,3.8,13.4,1.3,2820.5,282.1,368.7,42.2,378,24.7,53.6,2.7,35.4,76.1,1316.1,1183.9,0.6,0.1,7.7,5.6,1,0.8,1.9,0.7,0.3,0.2,0.5,8.8,45.5,142.3,0,-0.2,0,0,0.6,1.5,-1.3,0,3.42,0.01,0.04,0,0,1.1,1,204.4,3.01,0,NA
"183",182," eco1",0,1,-28,2613.9,6057,136.5,13.7,41.7,81.6,4.01,220.4,3.8,12.6,1.3,2834.5,283.4,371.9,42.5,382.5,27.2,53.9,3,36.3,76.2,1317.1,1184.2,0.6,0,7.8,5.7,1,0.9,1.9,0.8,0.3,0.2,0.6,8.8,45.5,142.4,0,-0.2,0,0,0.6,1.5,-1.2,0,3.38,0,0,0,0,1.8,1.3,204.4,2.76,0,NA
"184",183," eco1",0,1,25.4,2615,6028,97.2,9.7,32.9,77.9,4.18,220.3,4.1,8.8,0.9,2824.6,282.5,365.3,41.8,380.7,25.1,53.8,2.8,35.8,76.3,1318.4,1184.6,0.4,0,7.7,5.6,1,0.8,1.9,0.7,0.3,0.2,0.6,8.8,45.5,142.4,0,-0.2,0,0,0.7,1.6,-1.4,0,3.36,0,0,0,0,1.3,1.1,204.6,2.94,0,NA
"185",184," eco1",0,1,-19.4,2615.9,6057,127.1,12.7,32.7,80.6,4.08,220.6,3.7,14.3,1.4,2833,283.3,368.6,42.2,380.5,24.9,53.8,2.7,35.6,76.3,1319.2,1184.9,0.7,0.1,7.8,5.7,1,0.8,1.9,0.7,0.3,0.2,0.6,8.8,45.6,142.5,0,-0.2,0,0,0.6,1.5,-1.2,0,3.42,0.01,0.06,0,0,1.5,1.1,204.6,2.88,0,NA
"186",185," eco1",0,1,-23.5,2618.2,6054,114.7,11.5,36.7,79.8,4.04,220.7,3.2,12,1.2,2833.5,283.3,382,43.5,385.1,27.9,54.2,3.2,36.6,76.4,1320.1,1185.2,0.6,0,7.8,5.7,1.1,0.9,1.9,0.8,0.3,0.2,0.6,8.8,45.6,142.5,0,-0.1,0,0,0.5,1.3,-1,0,3.43,0,0.03,0,0,1.4,1.2,204.8,2.81,0,NA
"187",186," eco1",0,1,-5.5,2621.3,6059,117,11.7,34.7,80,4.12,221,3.8,12.4,1.2,2835.4,283.5,382,43.6,385.9,27.2,54.2,3,37.2,76.6,1322,1185.5,0.6,0,7.8,5.7,1.1,0.9,1.9,0.8,0.3,0.2,0.6,8.9,45.7,142.6,0,-0.2,0,0,0.7,1.5,-1.2,0,3.39,0,0,0,0,1.4,1.1,205,2.83,0,NA
"188",187," eco1",0,1,6.1,2623.1,6052,103.9,10.4,28.6,78.4,4.29,221.2,3.7,14.9,1.5,2829.7,283,382.1,43.6,383.7,25.1,54.1,2.7,36.8,76.6,1323.8,1185.8,0.7,0.1,7.8,5.7,1.1,0.9,1.9,0.7,0.3,0.2,0.6,8.9,45.7,142.6,0,-0.2,0,0,0.6,1.5,-1.2,0,3.41,0.01,0.08,0,0,1,0.9,205.1,3.07,0,NA
"189",188," eco1",0,1,25.7,2624.7,6016,95.9,9.6,35,77.7,4.31,220.9,4,8.7,0.9,2819.2,281.9,374.7,42.9,383.2,24.7,54.1,2.7,36.3,76.7,1325.5,1186.2,0.4,0,7.7,5.6,1,0.9,1.9,0.7,0.3,0.2,0.6,8.9,45.7,142.7,0,-0.2,0,0,0.7,1.6,-1.3,0,3.38,0,0,0,0,1.3,1.1,205.2,3.09,0,NA
"190",189," eco1",0,1,33.7,2624.9,5979,81.5,8.1,23.4,75.8,4.41,220.9,3.8,9.8,1,2800.4,280,370.3,42.4,377.6,21.5,53.8,2.3,35.3,76.6,1326.5,1186.5,0.5,0,7.7,5.6,1,0.9,1.9,0.6,0.3,0.1,0.5,8.9,45.8,142.8,0,-0.1,0,0,0.6,1.5,-1.3,0,3.34,0,0.04,0,0,0.9,0.8,205.2,3.22,0,NA
"191",190," eco1",0,1,-28.7,2626.3,6010,128.4,12.8,33.7,79.9,4.18,221.1,3.4,14.6,1.5,2810.3,281,376.6,43.1,379.1,23.7,53.9,2.6,35.8,76.6,1327,1186.8,0.7,0.1,7.7,5.6,1,0.9,1.9,0.7,0.3,0.1,0.5,8.9,45.8,142.8,0,-0.1,0,0,0.5,1.4,-1.2,0,3.4,0,0,0,0,1.5,1.1,205.2,2.95,0,NA
"192",191," eco1",0,1,-25.8,2628.6,6039,135.5,13.5,40.7,81.1,4.05,221.3,3.8,14.5,1.5,2824.1,282.4,377.8,43.2,383,26.3,54.2,3,36.5,76.8,1328.2,1187.2,0.7,0.1,7.7,5.6,1,0.9,1.9,0.7,0.3,0.2,0.6,8.9,45.8,142.9,0,-0.2,0,0,0.6,1.5,-1.3,0,3.4,0,0,0,0,1.6,1.3,205.3,2.8,0,NA
"193",192," eco1",0,1,12.9,2631.5,5989,95.2,9.5,40.6,78,3.95,220.8,3.6,2.5,0.2,2812.7,281.3,380,43.4,387.8,28.6,54.5,3.2,37.4,77,1329.6,1187.5,0.1,0,7.7,5.6,1,0.9,1.9,0.8,0.3,0.2,0.6,8.9,45.9,142.9,0,-0.2,0,0,0.6,1.4,-1.2,0,3.43,0.01,0.07,0,0,1.6,1.3,205.5,2.71,0,NA
"194",193," eco1",0,1,-8.9,2633.4,6019,121.9,12.2,28.1,79.9,3.98,221.3,3.8,10.9,1.1,2818.1,281.8,378.9,43.3,384.6,25.2,54.3,2.8,37.1,77.1,1331.4,1187.8,0.5,0,7.7,5.6,1,0.9,1.9,0.7,0.3,0.2,0.6,8.9,45.9,143,0,-0.2,0,0,0.7,1.5,-1.3,0,3.44,0.01,0.07,0,0,1.6,0.9,205.4,2.7,0,NA
"195",194," eco1",0,1,-11.7,2635,6026,113.5,11.3,31,79.1,4.12,221.7,3.5,14,1.4,2818.5,281.8,384.3,43.9,384.8,25.4,54.4,2.8,36.9,77.1,1332.8,1188.1,0.7,0.1,7.7,5.6,1.1,0.9,1.9,0.7,0.3,0.2,0.6,8.9,46,143,0,-0.1,0,0,0.6,1.4,-1.2,0,3.44,0.02,0.04,0,0,1.3,1,205.7,2.87,0,NA
"196",195," eco1",0,1,21.6,2636.6,6003,99.9,10,33.1,77.8,4.28,221.7,4,10.8,1.1,2810.6,281.1,376.6,43.1,383.4,24.3,54.3,2.7,36.5,77.2,1334.5,1188.5,0.5,0,7.7,5.6,1,0.9,1.9,0.7,0.3,0.2,0.6,8.9,46,143.1,0,-0.2,0,0,0.7,1.6,-1.3,0,3.38,0,0,0,0,1.2,1.1,205.9,3,0,NA
"197",196," eco1",0,1,15,2637.2,5995,103.4,10.3,29.3,77.8,4.39,221.8,3.9,12.6,1.3,2805.3,280.5,371,42.6,380.1,22.6,54.1,2.4,35.8,77.1,1335.4,1188.9,0.6,0,7.7,5.6,1,0.9,1.9,0.6,0.3,0.1,0.5,8.9,46,143.1,0,-0.2,0,0,0.7,1.6,-1.3,0,3.42,0,0,0,0,1.2,0.9,206,3.12,0,NA
"198",197," eco1",0,1,-23.6,2638.7,5996,114.6,11.5,35.1,78.9,4.16,221.8,3.1,11.9,1.2,2806.6,280.7,383.1,43.8,383.9,25.9,54.4,2.9,36.4,77.2,1335.9,1189.1,0.6,0,7.7,5.6,1.1,0.9,1.9,0.7,0.3,0.2,0.5,8.9,46.1,143.2,0,-0.1,0,0,0.5,1.3,-1.1,0,3.43,0,0.05,0,0,1.4,1.1,206,2.95,0,NA
"199",198," eco1",0,1,5.6,2640.3,5993,104.1,10.4,28.2,77.5,4.28,222.1,3.7,14.9,1.5,2802,280.2,382.2,43.7,381.6,24.2,54.3,2.7,36.5,77.3,1337.1,1189.5,0.7,0.1,7.7,5.6,1.1,0.9,1.9,0.7,0.3,0.2,0.5,8.9,46.1,143.2,0,-0.2,0,0,0.6,1.5,-1.2,0,3.41,0.01,0.08,0,0,1,0.9,206.1,3.08,0,NA
"200",199," eco1",0,1,15.2,2641.9,5970,101.9,10.2,35.3,77.5,4.28,222,3.9,10.2,1,2795.8,279.6,377,43.2,382.1,24.7,54.3,2.7,36.4,77.3,1338.3,1189.8,0.5,0,7.7,5.6,1,0.9,1.9,0.7,0.3,0.2,0.5,9,46.2,143.3,0,-0.2,0,0,0.6,1.6,-1.3,0,3.38,0,0,0,0,1.3,1.1,206.3,3.04,0,NA
"201",200," eco1",0,1,-28.5,2643.7,6010,136,13.6,36.3,80.7,4.1,222.3,3.7,14.7,1.5,2810.3,281,379.2,43.4,383.9,25.8,54.4,2.9,36.8,77.4,1339.4,1190.2,0.7,0.1,7.7,5.6,1,0.9,1.9,0.7,0.3,0.2,0.6,9,46.2,143.4,0,-0.2,0,0,0.6,1.5,-1.2,0,3.41,0,0,0,0,1.6,1.2,206.3,2.85,0,NA
"202",201," eco1",0,1,-25.3,2646.3,6030,130.8,13.1,40.5,80.8,4.02,222.4,3.6,13.4,1.3,2821,282.1,383.5,43.8,388.5,28.2,54.8,3.2,37.4,77.6,1340.8,1190.5,0.6,0.1,7.7,5.6,1.1,0.9,1.9,0.8,0.3,0.2,0.6,9,46.2,143.4,0,-0.2,0,0,0.6,1.4,-1.2,0,3.38,0,0,0,0,1.6,1.3,206.4,2.73,0,NA
"203",202," eco1",0,1,0.5,2647.7,6060,126.4,12.6,32.2,80.4,4.28,223,4.3,19.2,1.9,2829.1,282.9,374.3,42.9,385.5,24.8,54.6,2.7,36.5,77.7,1342.6,1190.9,0.9,0.1,7.8,5.7,1,0.9,1.9,0.7,0.3,0.2,0.6,9,46.3,143.5,0,-0.2,0,0,0.8,1.7,-1.4,0,3.39,0.01,0.04,0,0,1.2,1,206.7,2.99,0,NA
"204",203," eco1",0,1,-32.2,2649.5,6065,126.2,12.6,42.7,80.9,4.06,222.9,3.3,14.3,1.4,2836.5,283.7,386.9,44.2,392.9,29.9,55.1,3.4,36.9,77.8,1343.7,1191.2,0.7,0.1,7.8,5.7,1.1,0.9,2,0.8,0.3,0.2,0.6,9,46.3,143.5,0,-0.2,0,0,0.6,1.3,-1.1,0,3.37,0.01,0.04,0,0,1.5,1.4,206.8,2.89,0,NA
"205",204," eco1",0,1,8.6,2652.5,6061,114.2,11.4,36.1,80,4.23,223,4.1,12.5,1.2,2836.5,283.7,380.7,43.6,392.7,27.6,55.1,3,37.4,78,1345.6,1191.5,0.6,0,7.8,5.7,1,0.9,2,0.8,0.3,0.2,0.6,9,46.4,143.6,0,-0.2,0,0,0.7,1.6,-1.4,0,3.41,0,0,0,0,1.4,1.2,207,2.91,0,NA
"206",205," eco1",0,1,-4,2654.5,6064,116.7,11.7,35.2,80.2,4.22,223.1,3.8,12.3,1.2,2838,283.8,381.2,43.6,393.3,27.1,55.2,3,37.4,78.1,1347.1,1191.9,0.6,0,7.8,5.7,1,0.9,2,0.8,0.3,0.2,0.6,9,46.4,143.6,0,-0.2,0,0,0.7,1.5,-1.3,0,3.39,0,0,0,0,1.4,1.1,207.1,2.94,0,NA
"207",206," eco1",0,1,37.6,2655.1,6017,81.3,8.1,26.9,76.5,4.4,223,3.9,9.8,1,2818.3,281.8,376.1,43.1,389,23.9,54.9,2.6,36.4,78,1348.5,1192.2,0.5,0,7.7,5.6,1,0.9,1.9,0.7,0.3,0.1,0.6,9,46.5,143.7,0,-0.2,0,0,0.7,1.6,-1.3,0,3.34,0,0.04,0,0,0.9,0.9,207.2,3.19,0,NA
"208",207," eco1",0,1,26,2655.1,5992,89.6,9,24.8,76.6,4.51,223,3.8,11.9,1.2,2804.4,280.4,371.9,42.7,383.7,21.3,54.6,2.3,35.7,77.9,1348.9,1192.6,0.6,0,7.7,5.6,1,0.9,1.9,0.6,0.3,0.1,0.5,9,46.5,143.8,0,-0.1,0,0,0.6,1.6,-1.3,0,3.37,0,0,0,0,0.9,0.8,207.2,3.27,0,NA
"209",208," eco1",0,1,19,2654.5,5975,99.3,9.9,29.8,77.2,4.43,222.9,3.9,11.9,1.2,2796.7,279.7,366.2,42.1,380.5,21.1,54.4,2.3,35,77.7,1348.8,1192.9,0.6,0,7.7,5.6,1,0.8,1.9,0.6,0.3,0.1,0.5,9,46.5,143.8,0,-0.1,0,0,0.6,1.6,-1.4,0,3.38,0,0.03,0,0,1.1,1,207.2,3.24,0,NA
"210",209," eco1",0,1,-3,2654,5991,120.9,12.1,34.1,79.3,4.32,223,4,14.1,1.4,2802.1,280.2,362,41.6,379.5,21.9,54.4,2.4,34.7,77.7,1348.3,1193.3,0.7,0.1,7.7,5.6,1,0.8,1.9,0.6,0.3,0.1,0.5,9,46.6,143.9,0,-0.2,0,0,0.6,1.6,-1.4,0,3.42,0,0.03,0,0,1.4,1.1,207.2,3.06,0,NA
"211",210," eco1",0,1,32.6,2652.6,5952,84.5,8.5,27.6,75.6,4.51,223,3.9,11.8,1.2,2785.6,278.6,357.3,41.1,375.5,20.7,54.1,2.3,34,77.5,1347.4,1193.6,0.6,0,7.6,5.6,1,0.8,1.9,0.6,0.3,0.1,0.5,9,46.6,143.9,0,-0.1,0,0,0.6,1.6,-1.4,0,3.38,0,0,0,0,0.8,0.9,207.4,3.27,0,NA
"212",211," eco1",0,1,23.6,2651.2,5920,94.4,9.4,32.6,76.4,4.32,222.6,4,7.6,0.8,2775.3,277.5,352.5,40.6,374,21.4,54.1,2.4,33.8,77.4,1346,1194,0.4,0,7.6,5.6,1,0.8,1.9,0.6,0.3,0.1,0.5,9,46.6,144,0,-0.1,0,0,0.6,1.6,-1.4,0,3.43,0.01,0.11,0,0,1.3,1.1,207.3,3.15,0,NA
"213",212," eco1",0,1,-6.1,2650.6,5923,111.3,11.1,32.2,77.8,4.11,222.6,3.6,8.8,0.9,2775.5,277.5,356.2,40.9,373.9,22.5,54,2.5,34.4,77.4,1344.5,1194.3,0.4,0,7.6,5.6,1,0.8,1.9,0.6,0.3,0.1,0.5,9,46.6,144.1,0,-0.1,0,0,0.6,1.5,-1.3,0,3.35,0,0,0,0,1.5,1,207.2,2.88,0,NA
"214",213," eco1",0,1,21,2648.9,5905,90.4,9,23.8,75.4,4.29,222.8,3.7,12.2,1.2,2763.4,276.3,354.6,40.8,368.8,20.3,53.7,2.2,33.7,77.2,1343.3,1194.7,0.6,0,7.6,5.5,1,0.8,1.8,0.6,0.3,0.1,0.5,9,46.6,144.1,0,-0.1,0,0,0.6,1.6,-1.3,0,3.4,0.01,0.08,0,0,0.9,0.8,207.3,3.1,0,NA
"215",214," eco1",0,1,-6,2647.4,5922,121.5,12.2,35.4,78.2,4.13,222.8,4,13.3,1.3,2770.3,277,351.6,40.4,368.9,22,53.7,2.4,33.6,77.1,1341.6,1195.1,0.6,0.1,7.6,5.5,1,0.8,1.8,0.6,0.3,0.1,0.5,9,46.6,144.2,0,-0.2,0,0,0.6,1.7,-1.4,0,3.42,0.01,0.1,0,0,1.5,1.1,207.2,2.98,0,NA
"216",215," eco1",0,1,-26.8,2647.3,5948,129.4,12.9,37.9,79.2,4.04,223.1,3.6,14.1,1.4,2781.6,278.2,357.6,41,372.3,24.8,53.9,2.8,34.5,77.2,1340.3,1195.4,0.7,0.1,7.6,5.6,1,0.8,1.9,0.7,0.3,0.2,0.5,9,46.6,144.2,0,-0.2,0,0,0.6,1.5,-1.2,0,3.39,0,0,0,0,1.5,1.2,207.4,2.8,0,NA
"217",216," eco1",0,1,-4.6,2647.2,5953,114.6,11.5,34.1,78.1,4.19,223.4,3.8,14.4,1.4,2783.7,278.4,358.9,41.1,372.8,24.9,54,2.8,34.8,77.2,1339.4,1195.7,0.7,0.1,7.6,5.6,1,0.8,1.9,0.7,0.3,0.2,0.5,9,46.6,144.3,0,-0.2,0,0,0.6,1.5,-1.3,0,3.39,0,0,0,0,1.2,1.1,207.6,2.92,0,NA
"218",217," eco1",0,1,10,2645.8,5965,113.9,11.4,30.3,77.8,4.4,223.7,4.3,18.3,1.8,2785.7,278.6,351.5,40.4,369.3,22.4,53.7,2.4,34,77.1,1338.5,1196.1,0.9,0.1,7.6,5.6,1,0.8,1.8,0.6,0.3,0.1,0.5,9,46.6,144.4,0,-0.2,0,0,0.7,1.7,-1.4,0,3.37,0.01,0.04,0,0,1,1,207.8,3.16,0,NA
"219",218," eco1",0,1,-25.2,2646.4,5954,114.1,11.4,40.8,78.4,4.18,223.5,3.2,11.7,1.2,2787.1,278.7,366.4,41.9,376.6,27.7,54.2,3.2,35.1,77.2,1337.7,1196.4,0.6,0,7.6,5.6,1,0.8,1.9,0.8,0.3,0.2,0.6,9,46.6,144.4,0,-0.1,0,0,0.5,1.3,-1,0,3.43,0,0.03,0,0,1.4,1.3,207.9,2.97,0,NA
"220",219," eco1",0,1,5.1,2647.3,5942,102.7,10.3,31.4,77.2,4.2,223.5,3.7,11.1,1.1,2781.8,278.2,368.4,42.1,376.3,26.4,54.2,3,35.5,77.2,1337.9,1196.7,0.5,0,7.6,5.6,1,0.8,1.9,0.7,0.3,0.2,0.6,9,46.6,144.5,0,-0.2,0,0,0.6,1.5,-1.2,0,3.36,0,0.03,0,0,1.2,1,207.9,3,0,NA
"221",220," eco1",0,1,-5.7,2648.6,5942,111.3,11.1,33.2,77.9,4.18,223.6,3.7,11.3,1.1,2781.8,278.2,371.6,42.4,377.3,26.2,54.2,2.9,36.1,77.3,1338.1,1197.1,0.5,0,7.6,5.6,1,0.9,1.9,0.7,0.3,0.2,0.6,9,46.6,144.5,0,-0.2,0,0,0.6,1.5,-1.2,0,3.37,0,0,0,0,1.4,1.1,208,2.93,0,NA
"222",221," eco1",0,1,-5.3,2648.6,5982,129.2,12.9,30.9,79.4,4.36,224.1,4.3,19.1,1.9,2792.8,279.3,363.7,41.6,374,23.4,54,2.5,35.2,77.3,1338.7,1197.4,0.9,0.1,7.7,5.6,1,0.8,1.9,0.7,0.3,0.1,0.5,9,46.7,144.6,0,-0.2,0,0,0.7,1.7,-1.4,0,3.4,0,0,0,0,1.2,1,208.1,3.07,0,NA
"223",222," eco1",0,1,20,2648.6,5943,99,9.9,40.4,77.2,4.31,223.6,4,8.5,0.8,2784.9,278.5,359.2,41.2,376.9,25.4,54.2,2.8,35.1,77.3,1338.5,1197.8,0.4,0,7.6,5.6,1,0.8,1.9,0.7,0.3,0.2,0.6,9,46.7,144.6,0,-0.2,0,0,0.7,1.6,-1.3,0,3.37,0,0,0,0,1.3,1.3,208.2,3.08,0,NA
"224",223," eco1",0,1,17.4,2647.5,5938,99.3,9.9,24.7,76.7,4.44,223.8,4,13.5,1.4,2777.7,277.8,355.6,40.8,371.4,21.7,53.9,2.3,34.4,77.1,1337.8,1198.2,0.6,0.1,7.6,5.6,1,0.8,1.9,0.6,0.3,0.1,0.5,9,46.7,144.7,0,-0.2,0,0,0.7,1.6,-1.3,0,3.43,0.01,0.07,0,0,1,0.8,208.2,3.21,0,NA
"225",224," eco1",0,1,18,2646.3,5910,93.9,9.4,31.1,76.1,4.4,223.6,3.8,10.6,1.1,2767.4,276.7,354.4,40.7,370.2,22,53.8,2.4,34,77,1336.7,1198.5,0.5,0,7.6,5.5,1,0.8,1.9,0.6,0.3,0.1,0.5,8.9,46.7,144.8,0,-0.1,0,0,0.6,1.6,-1.3,0,3.41,0,0.06,0,0,1.1,1,208.2,3.21,0,NA
"226",225," eco1",0,1,-38.1,2646.3,5939,127.1,12.7,34.4,79,4.08,223.8,3.2,14.3,1.4,2777.3,277.7,368.4,42.1,373.8,25.4,54,2.9,34.4,77,1336,1198.8,0.7,0.1,7.6,5.6,1,0.8,1.9,0.7,0.3,0.2,0.5,8.9,46.7,144.8,0,-0.1,0,0,0.5,1.3,-1.1,0,3.37,0.01,0.04,0,0,1.5,1.1,208,2.93,0,NA
"227",226," eco1",0,1,-8.1,2648,5942,116.8,11.7,37.2,78.4,4.12,223.9,3.8,12.1,1.2,2780.7,278.1,369.6,42.2,376.3,26.4,54.2,3,35.7,77.1,1336,1199.1,0.6,0,7.6,5.6,1,0.8,1.9,0.7,0.3,0.2,0.6,9,46.7,144.9,0,-0.2,0,0,0.6,1.5,-1.2,0,3.39,0,0,0,0,1.4,1.2,208.2,2.84,0,NA
"228",227," eco1",0,1,-30.9,2649.6,5973,130.9,13.1,36.4,79.8,4.05,224.2,3.5,15,1.5,2792.4,279.2,376.9,43,379.6,27.8,54.4,3.1,36.4,77.3,1336.5,1199.4,0.7,0.1,7.7,5.6,1,0.9,1.9,0.8,0.3,0.2,0.6,9,46.7,144.9,0,-0.2,0,0,0.6,1.4,-1.1,0,3.42,0.02,0.05,0,0,1.5,1.2,208.3,2.81,0,NA
"229",228," eco1",0,1,-18.4,2652,5993,126.6,12.7,37.4,79.8,4.11,224.5,3.8,15.6,1.6,2801.3,280.1,379.2,43.2,382.3,28.1,54.6,3.1,37.1,77.4,1337.7,1199.8,0.7,0.1,7.7,5.6,1,0.9,1.9,0.8,0.3,0.2,0.6,9,46.7,145,0,-0.2,0,0,0.7,1.5,-1.2,0,3.43,0.01,0.07,0,0,1.4,1.2,208.5,2.85,0,NA
"230",229," eco1",0,1,-23,2654.5,6020,135.5,13.5,41.7,81.2,4.09,224.7,3.9,14.5,1.5,2814.9,281.5,379.9,43.3,386.6,29.2,54.9,3.3,37.5,77.6,1339.3,1200.1,0.7,0.1,7.7,5.6,1,0.9,1.9,0.8,0.3,0.2,0.6,9,46.7,145,0,-0.2,0,0,0.7,1.5,-1.2,0,3.4,0,0,0,0,1.6,1.3,208.7,2.79,0,NA
"231",230," eco1",0,1,4.8,2656.3,6025,119.3,11.9,36.7,80,4.26,224.8,4.2,13.6,1.4,2818.3,281.8,373.6,42.7,386.6,27.1,54.9,3,37,77.7,1341.1,1200.5,0.6,0.1,7.7,5.6,1,0.9,1.9,0.8,0.3,0.2,0.6,9,46.8,145.1,0,-0.2,0,0,0.8,1.6,-1.4,0,3.42,0.01,0.03,0,0,1.4,1.2,208.9,2.93,0,NA
"232",231," eco1",0,1,37,2656.2,5984,84.3,8.4,27.1,76.4,4.56,224.8,4,11.8,1.2,2800.9,280.1,367.3,42.1,382,23.5,54.6,2.5,35.7,77.6,1342,1200.8,0.6,0,7.7,5.6,1,0.8,1.9,0.7,0.3,0.1,0.6,9,46.8,145.1,0,-0.2,0,0,0.7,1.6,-1.3,0,3.38,0,0,0,0,0.8,0.9,209.1,3.28,0,NA
"233",232," eco1",0,1,-27.2,2657.4,6009,130,13,37.7,80.8,4.24,224.8,3.6,13.2,1.3,2811.2,281.1,373.7,42.7,385.2,25.9,54.8,2.9,36.2,77.6,1342.4,1201.2,0.6,0.1,7.7,5.6,1,0.9,1.9,0.7,0.3,0.2,0.6,9,46.8,145.2,0,-0.2,0,0,0.6,1.4,-1.2,0,3.38,0,0,0,0,1.6,1.2,208.9,2.98,0,NA
"234",233," eco1",0,1,-13.5,2658.7,6022,118.7,11.9,33,79.6,4.22,225,3.6,15.8,1.6,2814.6,281.5,378.1,43.2,385.8,26,54.9,2.9,36.4,77.7,1343.1,1201.5,0.8,0.1,7.7,5.6,1,0.9,1.9,0.7,0.3,0.2,0.6,9,46.8,145.3,0,-0.2,0,0,0.6,1.4,-1.2,0,3.4,0.01,0.08,0,0,1.2,1.1,209,3.01,0,NA
"235",234," eco1",0,1,3.1,2660,6024,120.1,12,38.8,80.1,4.17,224.9,4.2,13,1.3,2818.6,281.9,371.8,42.6,386.8,26.1,55,2.9,36.3,77.7,1344.1,1201.9,0.6,0.1,7.7,5.6,1,0.9,1.9,0.7,0.3,0.2,0.6,9,46.9,145.3,0,-0.2,0,0,0.7,1.7,-1.4,0,3.42,0.01,0.1,0,0,1.4,1.3,209,2.98,0,NA
"236",235," eco1",0,1,-4.8,2660.8,6036,124.3,12.4,38.2,80.7,4.09,224.9,4.1,12.1,1.2,2824.9,282.5,368.7,42.3,387.8,26.4,55.1,2.9,36.1,77.8,1344.8,1202.2,0.6,0,7.7,5.6,1,0.8,1.9,0.7,0.3,0.2,0.6,9,46.9,145.4,0,-0.2,0,0,0.7,1.6,-1.3,0,3.38,0.01,0.03,0,0,1.6,1.2,209,2.89,0,NA
"237",236," eco1",0,1,-4.6,2660.6,6071,126,12.6,28.7,80.7,4.37,225.6,4.2,21.2,2.1,2832.4,283.2,364.3,41.8,383.3,23,54.8,2.5,35.3,77.7,1345.1,1202.6,1,0.1,7.8,5.7,1,0.8,1.9,0.7,0.3,0.1,0.5,9,46.9,145.4,0,-0.2,0,0,0.7,1.7,-1.4,0,3.4,0.01,0.04,0,0,1,0.9,209.2,3.09,0,NA
"238",237," eco1",0,1,13.8,2660.6,6043,109.2,10.9,42.7,79.7,4.33,225.2,4.2,11.2,1.1,2829.1,282.9,359.6,41.3,386.2,25.5,55,2.8,35.1,77.6,1344.9,1203,0.5,0,7.8,5.7,1,0.8,1.9,0.7,0.3,0.2,0.6,9,46.9,145.5,0,-0.2,0,0,0.7,1.7,-1.4,0,3.47,0.01,0.08,0,0,1.3,1.4,209.4,3.11,0,NA
"239",238," eco1",0,1,36.1,2659.4,6004,82.6,8.3,24.1,76.7,4.54,225.2,4,11.9,1.2,2810.2,281,356.1,40.9,380.1,21.7,54.6,2.3,34.4,77.5,1344.2,1203.3,0.6,0,7.7,5.6,1,0.8,1.9,0.6,0.3,0.1,0.5,9,46.9,145.6,0,-0.2,0,0,0.7,1.6,-1.3,0,3.43,0.01,0.08,0,0,0.8,0.8,209.4,3.33,0,NA
"240",239," eco1",0,1,-22.7,2659.6,6025,130,13,38.9,81.2,4.17,225.1,3.8,12,1.2,2820,282,360.9,41.4,382.9,24.5,54.8,2.7,35,77.5,1343.5,1203.7,0.6,0,7.7,5.6,1,0.8,1.9,0.7,0.3,0.2,0.5,9,46.9,145.6,0,-0.2,0,0,0.6,1.5,-1.3,0,3.4,0,0.04,0,0,1.7,1.3,209.3,2.96,0,NA
"241",240," eco1",0,1,-39.5,2660,6087,144,14.4,32.4,82.6,4.21,225.8,3.7,22.7,2.3,2838.3,283.8,367.7,42.1,382.7,24.6,54.8,2.7,35.2,77.5,1343.3,1204,1.1,0.1,7.8,5.7,1,0.8,1.9,0.7,0.3,0.2,0.5,9,46.9,145.7,0,-0.2,0,0,0.6,1.5,-1.2,0,3.48,0.03,0.11,0,0,1.3,1,209.4,2.97,0,NA
"242",241," eco1",0,1,14,2660.2,6074,111.8,11.2,38,79.9,4.44,225.9,4.3,18.2,1.8,2836.6,283.7,360.9,41.4,382.8,24.5,54.8,2.7,35.1,77.5,1343.2,1204.4,0.9,0.1,7.8,5.7,1,0.8,1.9,0.7,0.3,0.2,0.5,9,46.9,145.7,0,-0.2,0,0,0.7,1.7,-1.4,0,3.37,0.01,0.04,0,0,1,1.2,209.7,3.19,0,NA
"243",242," eco1",0,1,11.2,2660.2,6047,103.8,10.4,36.9,79.3,4.42,225.6,3.9,12.4,1.2,2830,283,361.1,41.4,383.9,25.4,54.9,2.8,35.2,77.5,1342.8,1204.8,0.6,0,7.8,5.7,1,0.8,1.9,0.7,0.3,0.2,0.6,9,46.9,145.8,0,-0.2,0,0,0.7,1.6,-1.3,0,3.42,0.01,0.05,0,0,1.2,1.2,209.8,3.21,0,NA
"244",243," eco1",0,1,23.2,2659.9,6018,97.2,9.7,32.4,78.5,4.38,225.4,4.1,9.2,0.9,2819.6,282,357.4,41,381.9,24,54.8,2.6,34.9,77.4,1342.4,1205.1,0.4,0,7.7,5.6,1,0.8,1.9,0.7,0.3,0.2,0.5,9,46.9,145.9,0,-0.2,0,0,0.7,1.6,-1.4,0,3.36,0,0,0,0,1.2,1,209.7,3.17,0,NA
"245",244," eco1",0,1,-3.6,2659.3,6028,113.3,11.3,29,79.7,4.37,225.6,3.8,14.2,1.4,2819.2,281.9,360.2,41.3,379.3,22.8,54.6,2.5,34.8,77.3,1341.8,1205.5,0.7,0.1,7.7,5.6,1,0.8,1.9,0.6,0.3,0.1,0.5,9,46.9,145.9,0,-0.1,0,0,0.6,1.5,-1.3,0,3.39,0,0,0,0,1.2,0.9,209.7,3.12,0,NA
"246",245," eco1",0,1,-1,2660,6009,109.1,10.9,38.6,79.6,4.18,225.3,3.7,8.3,0.8,2816,281.6,364,41.7,382.3,25.3,54.8,2.8,35.5,77.4,1341.3,1205.8,0.4,0,7.7,5.6,1,0.8,1.9,0.7,0.3,0.2,0.5,9,46.9,146,0,-0.2,0,0,0.6,1.5,-1.2,0,3.35,0,0,0,0,1.5,1.2,209.7,2.94,0,NA
"247",246," eco1",0,1,6.3,2660.2,6002,100.3,10,25.4,78.2,4.3,225.5,3.6,13,1.3,2808,280.8,367.4,42,378.7,22.9,54.6,2.5,35.5,77.3,1341.3,1206.1,0.6,0,7.7,5.6,1,0.8,1.9,0.6,0.3,0.1,0.5,9,46.9,146,0,-0.1,0,0,0.6,1.5,-1.2,0,3.36,0.01,0.04,0,0,1.1,0.8,209.7,3.05,0,NA
"248",247," eco1",0,1,20.4,2659.6,5982,97.6,9.8,29.2,77.7,4.43,225.6,4,13.1,1.3,2798.6,279.9,363,41.6,375.5,21.7,54.4,2.4,34.9,77.3,1341,1206.5,0.6,0.1,7.7,5.6,1,0.8,1.9,0.6,0.3,0.1,0.5,9,46.9,146.1,0,-0.2,0,0,0.6,1.6,-1.3,0,3.43,0.01,0.07,0,0,1,0.9,209.8,3.21,0,NA
"249",248," eco1",0,1,-16,2659.6,5994,119.4,11.9,34,79.6,4.29,225.7,3.6,14.9,1.5,2802.7,280.3,368.3,42.1,376.7,23.7,54.5,2.6,35,77.2,1340.6,1206.8,0.7,0.1,7.7,5.6,1,0.8,1.9,0.7,0.3,0.2,0.5,9,46.9,146.1,0,-0.1,0,0,0.6,1.5,-1.2,0,3.42,0,0.03,0,0,1.3,1.1,209.8,3.09,0,NA
"250",249," eco1",0,1,66.5,2658.4,5920,67.7,6.8,28,74.7,4.56,225.3,4.4,7.2,0.7,2775.3,277.5,353,40.6,371,20.5,54.1,2.2,34.1,77.1,1340,1207.2,0.3,0,7.6,5.6,1,0.8,1.9,0.6,0.3,0.1,0.5,9,46.9,146.2,0,-0.2,0,0,0.7,1.8,-1.5,0,3.38,0,0.08,0,0,0.8,0.9,210,3.3,0,NA
"251",250," eco1",0,1,-6.6,2656.9,5937,113.7,11.4,27.1,78.2,4.41,225.5,3.7,14.2,1.4,2776.7,277.7,355.3,40.8,367.9,20.2,53.9,2.2,33.8,77,1338.6,1207.6,0.7,0.1,7.6,5.6,1,0.8,1.8,0.6,0.3,0.1,0.5,8.9,46.9,146.3,0,-0.1,0,0,0.6,1.5,-1.3,0,3.39,0,0,0,0,1.2,0.9,209.8,3.19,0,NA
"252",251," eco1",0,1,30,2655.6,5884,83.2,8.3,32.7,75.6,4.39,225,3.8,6.4,0.6,2759.3,275.9,353.1,40.5,367.6,21.6,53.9,2.4,33.7,76.9,1337.2,1207.9,0.3,0,7.6,5.5,1,0.8,1.8,0.6,0.3,0.1,0.5,8.9,46.9,146.3,0,-0.1,0,0,0.6,1.6,-1.3,0,3.39,0,0,0,0,1.2,1.1,209.8,3.17,0,NA
"253",252," eco1",0,1,-18.8,2654.7,5913,117.4,11.7,25.9,77.9,4.25,225.4,3.4,15.7,1.6,2763.6,276.4,360.1,41.2,365.2,21.3,53.7,2.4,33.9,76.8,1335.8,1208.2,0.7,0.1,7.6,5.5,1,0.8,1.8,0.6,0.3,0.1,0.5,8.9,46.8,146.4,0,-0.1,0,0,0.5,1.4,-1.2,0,3.4,0.01,0.08,0,0,1.2,0.8,209.7,3.08,0,NA
"254",253," eco1",0,1,18.4,2653.9,5886,96,9.6,32.6,76.1,4.37,225.4,3.9,11.9,1.2,2754.6,275.5,356.6,40.9,364.7,22,53.7,2.4,34,76.8,1334.6,1208.6,0.6,0,7.5,5.5,1,0.8,1.8,0.6,0.3,0.1,0.5,8.9,46.8,146.4,0,-0.1,0,0,0.6,1.6,-1.3,0,3.37,0,0,0,0,1.1,1.1,209.9,3.13,0,NA
"255",254," eco1",0,1,34.2,2652.1,5849,85.1,8.5,27.6,74.8,4.46,225.2,4,9.8,1,2739.4,273.9,349.9,40.2,360.8,20.5,53.4,2.2,33.3,76.6,1333.1,1209,0.5,0,7.5,5.5,1,0.8,1.8,0.6,0.3,0.1,0.5,8.9,46.8,146.5,0,-0.1,0,0,0.6,1.7,-1.4,0,3.35,0,0,0,0,1,0.9,209.9,3.26,0,NA
"256",255," eco1",0,1,-36.4,2651.7,5890,132.2,13.2,33.8,78.9,4.2,225.5,3.4,15.6,1.6,2753.1,275.3,358.9,41.1,363.2,23.1,53.5,2.6,34.1,76.6,1331.8,1209.3,0.7,0.1,7.5,5.5,1,0.8,1.8,0.7,0.3,0.1,0.5,8.9,46.8,146.5,0,-0.1,0,0,0.5,1.4,-1.1,0,3.4,0,0,0,0,1.5,1.1,209.8,2.98,0,NA
"257",256," eco1",0,1,-19.1,2652.3,5905,123.7,12.4,38.3,78.6,4.16,225.6,3.7,14.4,1.4,2761,276.1,362.8,41.5,367,25.6,53.7,2.9,34.9,76.7,1331.1,1209.6,0.7,0.1,7.6,5.5,1,0.8,1.8,0.7,0.3,0.2,0.5,8.9,46.8,146.6,0,-0.2,0,0,0.6,1.5,-1.2,0,3.38,0,0,0,0,1.4,1.2,210,2.91,0,NA
"258",257," eco1",0,1,-22,2653.3,5929,128.5,12.9,38,79.3,4.09,225.8,3.8,15,1.5,2771.7,277.2,366.2,41.8,370.3,26.8,53.9,3,35.6,76.8,1330.9,1209.9,0.7,0.1,7.6,5.5,1,0.8,1.9,0.8,0.3,0.2,0.6,8.9,46.8,146.7,0,-0.2,0,0,0.6,1.5,-1.2,0,3.41,0,0.07,0,0,1.5,1.2,210.1,2.87,0,NA
"259",258," eco1",0,1,19.4,2653.5,5907,99.4,9.9,32.9,76.9,4.3,225.8,4.1,11.9,1.2,2764.4,276.4,361.4,41.4,369.5,25.1,53.9,2.8,35.3,76.9,1331.1,1210.3,0.6,0,7.6,5.5,1,0.8,1.8,0.7,0.3,0.2,0.6,8.9,46.8,146.7,0,-0.2,0,0,0.7,1.6,-1.3,0,3.38,0,0.03,0,0,1.1,1.1,210.3,3.05,0,NA
"260",259," eco1",0,1,-4,2652.7,5939,125,12.5,30.8,79,4.41,226.2,4.2,18.7,1.9,2773,277.3,355.6,40.8,366.6,22.7,53.7,2.5,34.5,76.8,1330.8,1210.7,0.9,0.1,7.6,5.5,1,0.8,1.8,0.6,0.3,0.1,0.5,8.9,46.8,146.8,0,-0.2,0,0,0.7,1.7,-1.4,0,3.39,0.01,0.04,0,0,1.2,1,210.3,3.14,0,NA
"261",260," eco1",0,1,-8.6,2651.7,5963,125.9,12.6,35.4,79.3,4.5,226.5,4.1,21.1,2.1,2781.9,278.2,352.7,40.5,366.6,23,53.7,2.5,34,76.7,1330,1211,1,0.1,7.6,5.6,1,0.8,1.8,0.6,0.3,0.1,0.5,8.9,46.7,146.8,0,-0.2,0,0,0.7,1.7,-1.3,0,3.4,0.01,0.04,0,0,1,1.1,210.4,3.25,0,NA
"262",261," eco1",0,1,30.1,2650.4,5918,93.9,9.4,38.4,76.8,4.53,226,4.2,10.9,1.1,2770.8,277.1,346,39.8,367.7,23.8,53.7,2.6,33.7,76.6,1328.7,1211.4,0.5,0,7.6,5.5,1,0.8,1.8,0.7,0.3,0.1,0.5,8.9,46.7,146.9,0,-0.2,0,0,0.7,1.7,-1.4,0,3.4,0.01,0.04,0,0,1.1,1.2,210.5,3.3,0,NA
"263",262," eco1",0,1,6.4,2648.9,5916,106,10.6,29.4,77.5,4.52,226,3.9,13.3,1.3,2767.5,276.8,346.3,39.8,365.2,22.3,53.6,2.4,33.5,76.5,1327.2,1211.8,0.6,0.1,7.6,5.5,1,0.8,1.8,0.6,0.3,0.1,0.5,8.9,46.7,147,0,-0.2,0,0,0.6,1.6,-1.3,0,3.42,0,0,0,0,1.2,0.9,210.5,3.26,0,NA
"264",263," eco1",0,1,6,2646.5,5931,114.1,11.4,29.3,78,4.55,226.2,4.2,18.3,1.8,2769.4,276.9,341.6,39.3,361.5,20.7,53.3,2.2,32.8,76.2,1325.3,1212.2,0.9,0.1,7.6,5.5,0.9,0.8,1.8,0.6,0.3,0.1,0.5,8.9,46.7,147,0,-0.2,0,0,0.7,1.7,-1.4,0,3.37,0.01,0.05,0,0,1,0.9,210.4,3.34,0,NA
"265",264," eco1",0,1,-32.5,2646.3,5953,135.8,13.6,44.5,80.6,4.23,226.1,3.7,14.6,1.5,2783.8,278.4,349,40,368.2,25.7,53.7,2.9,33.8,76.3,1323.7,1212.5,0.7,0.1,7.6,5.6,1,0.8,1.8,0.7,0.3,0.2,0.5,8.9,46.7,147.1,0,-0.2,0,0,0.6,1.5,-1.2,0,3.4,0,0,0,0,1.6,1.4,210.4,2.99,0,NA
"266",265," eco1",0,1,2,2645.1,5968,115,11.5,29.6,78.6,4.49,226.5,4.1,19.4,1.9,2785.6,278.6,347.3,39.8,365.2,23.1,53.5,2.5,33.6,76.2,1322.4,1212.9,0.9,0.1,7.6,5.6,1,0.8,1.8,0.7,0.3,0.1,0.5,8.9,46.6,147.1,0,-0.2,0,0,0.7,1.7,-1.3,0,3.38,0,0,0,0,0.9,1,210.6,3.22,0,NA
"267",266," eco1",0,1,-29.8,2644.7,6009,144.2,14.4,43,81.9,4.32,226.6,4.1,19.7,2,2804.7,280.5,348.7,40,369.4,25.6,53.8,2.9,33.9,76.2,1321.4,1213.2,0.9,0.1,7.7,5.6,1,0.8,1.8,0.7,0.3,0.2,0.5,8.9,46.6,147.2,0,-0.2,0,0,0.7,1.6,-1.3,0,3.41,0.01,0.04,0,0,1.5,1.4,210.6,3.09,0,NA
"268",267," eco1",0,1,1.8,2645.3,5982,104.1,10.4,37.9,78.6,4.35,226.5,3.7,13,1.3,2798.9,279.9,354.5,40.5,372.7,26.9,54,3,34.8,76.3,1320.8,1213.5,0.6,0,7.7,5.6,1,0.8,1.9,0.8,0.3,0.2,0.6,8.9,46.6,147.3,0,-0.2,0,0,0.6,1.5,-1.2,0,3.36,0.01,0.04,0,0,1.1,1.2,210.7,3.1,0,NA
"269",268," eco1",0,1,21.9,2645.1,5950,95.5,9.5,33,77.7,4.38,226.2,4,8.6,0.9,2788,278.8,352.7,40.4,371.8,25.2,53.9,2.8,34.5,76.2,1320.5,1213.9,0.4,0,7.6,5.6,1,0.8,1.9,0.7,0.3,0.2,0.6,8.9,46.6,147.3,0,-0.2,0,0,0.7,1.6,-1.3,0,3.38,0,0,0,0,1.3,1.1,210.7,3.14,0,NA
"270",269," eco1",0,1,-23.1,2645.3,5970,120,12,30.8,79.7,4.17,226.3,3.4,13.8,1.4,2792.3,279.2,363.2,41.4,372.4,25.4,53.9,2.8,34.7,76.2,1320.2,1214.2,0.7,0.1,7.7,5.6,1,0.8,1.9,0.7,0.3,0.2,0.5,8.9,46.6,147.4,0,-0.1,0,0,0.6,1.4,-1.1,0,3.46,0.03,0.16,0,0,1.4,1,210.5,3.01,0,NA
"271",270," eco1",0,1,20,2645.9,5938,93.6,9.4,31.3,77.3,4.32,226.2,3.9,10.6,1.1,2780.6,278.1,361.7,41.3,371.3,24.2,53.9,2.7,34.9,76.2,1320.3,1214.6,0.5,0,7.6,5.6,1,0.8,1.9,0.7,0.3,0.2,0.5,8.9,46.6,147.4,0,-0.2,0,0,0.6,1.5,-1.2,0,3.41,0,0.06,0,0,1.1,1,210.7,3.08,0,NA
"272",271," eco1",0,1,0.6,2646.2,5945,114.6,11.5,32.4,79,4.34,226.3,4,12.5,1.3,2781.8,278.2,359.7,41.1,370.1,23.3,53.8,2.5,34.8,76.2,1320.3,1214.9,0.6,0,7.6,5.6,1,0.8,1.9,0.7,0.3,0.1,0.5,8.9,46.6,147.5,0,-0.2,0,0,0.7,1.6,-1.3,0,3.41,0,0,0,0,1.4,1,210.7,3.04,0,NA
"273",272," eco1",0,1,6.9,2645.9,5941,107.4,10.7,31,78.2,4.44,226.5,3.9,13.8,1.4,2778.8,277.9,357.9,40.9,368.4,22.6,53.7,2.5,34.5,76.1,1320.1,1215.3,0.7,0.1,7.6,5.6,1,0.8,1.8,0.6,0.3,0.1,0.5,8.8,46.5,147.5,0,-0.2,0,0,0.6,1.6,-1.3,0,3.42,0,0,0,0,1.2,1,210.8,3.16,0,NA
"274",273," eco1",0,1,18.4,2645.2,5920,97.4,9.7,30.3,77.2,4.48,226.4,3.9,12.8,1.3,2769.8,277,354.8,40.6,366.2,21.8,53.5,2.4,34.1,76,1319.5,1215.6,0.6,0,7.6,5.5,1,0.8,1.8,0.6,0.3,0.1,0.5,8.8,46.5,147.6,0,-0.2,0,0,0.6,1.6,-1.3,0,3.43,0.01,0.07,0,0,1,1,210.8,3.27,0,NA
"275",274," eco1",0,1,-24,2645.8,5941,130.1,13,39.9,80.4,4.15,226.3,3.7,11.9,1.2,2780.5,278,359.1,41.1,370.3,24.9,53.8,2.8,34.8,76.1,1319,1216,0.6,0,7.6,5.6,1,0.8,1.9,0.7,0.3,0.2,0.5,8.8,46.5,147.7,0,-0.2,0,0,0.6,1.5,-1.2,0,3.4,0,0.04,0,0,1.7,1.3,210.7,2.93,0,NA
"276",275," eco1",0,1,-27.1,2647.3,5968,134.2,13.4,40.2,81.2,3.99,226.4,3.8,11.9,1.2,2793.2,279.3,363.7,41.6,374.4,26.9,54,3,35.6,76.2,1319.2,1216.3,0.6,0,7.7,5.6,1,0.8,1.9,0.8,0.3,0.2,0.6,8.8,46.5,147.7,0,-0.2,0,0,0.6,1.5,-1.2,0,3.38,0,0,0,0,1.8,1.3,210.7,2.72,0,NA
"277",276," eco1",0,1,-10.9,2648.5,5981,120.8,12.1,34.5,80.2,4.11,226.7,3.8,13.6,1.4,2797.6,279.8,366.1,41.8,375.2,26.2,54.1,2.9,35.8,76.3,1319.8,1216.6,0.6,0.1,7.7,5.6,1,0.8,1.9,0.7,0.3,0.2,0.6,8.9,46.5,147.8,0,-0.2,0,0,0.7,1.5,-1.2,0,3.42,0.01,0.04,0,0,1.4,1.1,210.9,2.83,0,NA
"278",277," eco1",0,1,23.5,2648.9,5951,93,9.3,29.7,77.4,4.39,226.7,3.9,11.9,1.2,2785.3,278.5,363.2,41.5,372.7,23.9,53.9,2.6,35.3,76.3,1320.4,1217,0.6,0,7.6,5.6,1,0.8,1.9,0.7,0.3,0.1,0.5,8.9,46.5,147.8,0,-0.2,0,0,0.7,1.6,-1.3,0,3.37,0,0,0,0,1,1,211.1,3.12,0,NA
"279",278," eco1",0,1,-28.7,2650.3,5982,133.9,13.4,37.9,81.3,4.18,226.9,3.7,14.1,1.4,2797.8,279.8,368.4,42.1,375.9,25.8,54.1,2.9,35.8,76.4,1320.8,1217.3,0.7,0.1,7.7,5.6,1,0.8,1.9,0.7,0.3,0.2,0.6,8.9,46.5,147.9,0,-0.2,0,0,0.6,1.5,-1.2,0,3.44,0.01,0.04,0,0,1.6,1.2,211,2.92,0,NA
"280",279," eco1",0,1,7.9,2651.2,5976,117.4,11.7,40.2,80.2,4.11,226.6,4.3,9.1,0.9,2799.8,280,361.5,41.4,377.5,26,54.2,2.9,35.4,76.4,1321.7,1217.7,0.4,0,7.7,5.6,1,0.8,1.9,0.7,0.3,0.2,0.6,8.9,46.5,148,0,-0.2,0,0,0.7,1.7,-1.4,0,3.37,0,0,0,0,1.6,1.3,211,2.89,0,NA
"281",280," eco1",0,1,16.7,2651.1,5966,102.8,10.3,29,78.7,4.26,226.7,4.1,11,1.1,2793,279.3,357.7,41,373.9,23.2,54,2.5,34.8,76.4,1322,1218,0.5,0,7.7,5.6,1,0.8,1.9,0.7,0.3,0.1,0.5,8.9,46.5,148,0,-0.2,0,0,0.7,1.6,-1.3,0,3.38,0,0.03,0,0,1.2,0.9,211.1,3.01,0,NA
"282",281," eco1",0,1,-31,2651.8,5990,127.4,12.7,35.2,80.9,4.05,226.9,3.4,14,1.4,2801.3,280.1,368.7,42.1,376.8,25.6,54.2,2.9,35.1,76.4,1322.1,1218.3,0.7,0.1,7.7,5.6,1,0.8,1.9,0.7,0.3,0.2,0.5,8.9,46.5,148.1,0,-0.1,0,0,0.6,1.4,-1.1,0,3.39,0.01,0.07,0,0,1.5,1.1,211,2.87,0,NA
"283",282," eco1",0,1,4.9,2653.3,5968,102.2,10.2,33.6,78.7,4.14,226.9,3.6,11.1,1.1,2794.1,279.4,371.8,42.4,377.7,25.8,54.3,2.9,35.5,76.4,1322.7,1218.7,0.5,0,7.7,5.6,1,0.9,1.9,0.7,0.3,0.2,0.6,8.9,46.5,148.1,0,-0.2,0,0,0.6,1.4,-1.2,0,3.36,0,0.03,0,0,1.2,1.1,211.2,2.93,0,NA
"284",283," eco1",0,1,18.8,2653.2,5981,109.9,11,25,78.9,4.49,227.4,4.3,19.1,1.9,2792.2,279.2,360.6,41.3,370.6,20.9,53.8,2.2,34.5,76.4,1323.2,1219.1,0.9,0.1,7.6,5.6,1,0.8,1.9,0.6,0.3,0.1,0.5,8.9,46.5,148.2,0,-0.2,0,0,0.7,1.7,-1.4,0,3.42,0.01,0.09,0,0,0.9,0.8,211.4,3.22,0,NA
"285",284," eco1",0,1,4.4,2653.8,5951,100.6,10.1,36.3,78.2,4.42,227.2,3.6,13,1.3,2784.4,278.4,364.5,41.7,373.2,23.7,54,2.6,35,76.3,1323.1,1219.4,0.6,0,7.6,5.6,1,0.8,1.9,0.7,0.3,0.1,0.5,8.9,46.5,148.2,0,-0.1,0,0,0.6,1.4,-1.2,0,3.36,0.01,0.04,0,0,1.1,1.2,211.5,3.2,0,NA
"286",285," eco1",0,1,-21.2,2655.4,5970,129.7,13,40,81.1,4.13,227.1,3.8,11.9,1.2,2794.1,279.4,367.7,42.1,377,26,54.2,2.9,35.7,76.5,1323.5,1219.7,0.6,0,7.7,5.6,1,0.8,1.9,0.7,0.3,0.2,0.6,8.9,46.5,148.3,0,-0.2,0,0,0.6,1.5,-1.2,0,3.4,0,0.04,0,0,1.7,1.3,211.4,2.9,0,NA
"287",286," eco1",0,1,33.8,2655.6,5923,80.5,8.1,26.2,76.4,4.36,227,3.8,9.8,1,2774.2,277.4,365.4,41.8,373.2,23.1,54,2.5,35.1,76.4,1324,1220.1,0.5,0,7.6,5.5,1,0.8,1.9,0.7,0.3,0.1,0.5,8.9,46.5,148.3,0,-0.2,0,0,0.6,1.5,-1.2,0,3.34,0,0.04,0,0,0.9,0.8,211.5,3.14,0,NA
"288",287," eco1",0,1,12.9,2655.6,5912,101.8,10.2,29,77.8,4.37,227,3.9,11.3,1.1,2767.6,276.8,362.6,41.6,370.4,22,53.8,2.4,34.7,76.4,1324.1,1220.4,0.5,0,7.6,5.5,1,0.8,1.9,0.6,0.3,0.1,0.5,8.9,46.5,148.4,0,-0.2,0,0,0.6,1.6,-1.3,0,3.44,0.01,0.06,0,0,1.2,0.9,211.5,3.13,0,NA
"289",288," eco1",0,1,12.1,2655,5905,105.1,10.5,30.5,77.9,4.37,227,4,12.4,1.2,2763.2,276.3,358.3,41.1,368,21.5,53.6,2.3,34.2,76.3,1323.7,1220.8,0.6,0,7.6,5.5,1,0.8,1.8,0.6,0.3,0.1,0.5,8.9,46.4,148.5,0,-0.2,0,0,0.6,1.6,-1.3,0,3.42,0.02,0.05,0,0,1.2,1,211.5,3.16,0,NA
"290",289," eco1",0,1,1.4,2654.8,5890,102.5,10.3,32,77.6,4.25,226.9,3.5,11.1,1.1,2757.4,275.7,362.3,41.5,368.5,22.9,53.7,2.6,34.2,76.2,1323.2,1221.1,0.5,0,7.6,5.5,1,0.8,1.8,0.6,0.3,0.1,0.5,8.8,46.4,148.5,0,-0.1,0,0,0.5,1.4,-1.2,0,3.36,0,0.03,0,0,1.2,1,211.5,3.08,0,NA
"291",290," eco1",0,1,-22.8,2655.6,5906,120.1,12,33.4,79.1,4.07,227.1,3.4,13.8,1.4,2762.4,276.2,370.6,42.3,370.6,24.8,53.8,2.8,34.8,76.3,1323,1221.4,0.7,0.1,7.6,5.5,1,0.9,1.9,0.7,0.3,0.2,0.5,8.9,46.4,148.6,0,-0.1,0,0,0.5,1.4,-1.1,0,3.46,0.03,0.16,0,0,1.4,1.1,211.4,2.93,0,NA
"292",291," eco1",0,1,-20.7,2657.4,5916,120.1,12,36,79.3,4.01,227.3,3.4,13.8,1.4,2767.2,276.7,377.7,43.1,374,26.8,54,3,35.7,76.4,1323.5,1221.7,0.7,0.1,7.6,5.5,1,0.9,1.9,0.8,0.3,0.2,0.6,8.9,46.4,148.6,0,-0.2,0,0,0.6,1.4,-1.1,0,3.46,0.03,0.15,0,0,1.4,1.2,211.5,2.84,0,NA
"293",292," eco1",0,1,22.1,2659.1,5890,98,9.8,32.9,77.4,4.25,227.3,4,10.3,1,2758.4,275.8,371.1,42.4,373,25,53.9,2.8,35.9,76.6,1324.6,1222.1,0.5,0,7.6,5.5,1,0.9,1.9,0.7,0.3,0.2,0.6,8.9,46.4,148.7,0,-0.2,0,0,0.7,1.6,-1.3,0,3.38,0,0,0,0,1.2,1.1,211.8,2.96,0,NA
"294",293," eco1",0,1,2.6,2659.8,5899,114.3,11.4,31.7,78.6,4.26,227.4,4,12.8,1.3,2759.8,276,367,42,371.5,23.7,53.8,2.6,35.5,76.6,1325.3,1222.4,0.6,0,7.6,5.5,1,0.8,1.9,0.7,0.3,0.1,0.5,8.9,46.4,148.7,0,-0.2,0,0,0.7,1.6,-1.3,0,3.38,0,0.03,0,0,1.3,1,211.8,3.01,0,NA
"295",294," eco1",0,1,2.7,2660,5903,116.9,11.7,35.9,79,4.17,227.3,4.1,12,1.2,2762.6,276.3,361.9,41.5,371.7,24,53.9,2.6,35,76.5,1325.6,1222.8,0.6,0,7.6,5.5,1,0.8,1.9,0.7,0.3,0.2,0.5,8.9,46.4,148.8,0,-0.2,0,0,0.7,1.6,-1.3,0,3.42,0.01,0.1,0,0,1.4,1.2,211.8,2.99,0,NA
"296",295," eco1",0,1,19.6,2659.7,5876,93.7,9.4,29.5,76.9,4.29,227.3,3.8,10.6,1.1,2751.4,275.1,360.2,41.3,369.6,22.9,53.7,2.5,34.7,76.5,1325.5,1223.1,0.5,0,7.5,5.5,1,0.8,1.9,0.6,0.3,0.1,0.5,8.9,46.4,148.9,0,-0.2,0,0,0.6,1.5,-1.3,0,3.41,0,0.06,0,0,1.1,1,211.9,3.07,0,NA
"297",296," eco1",0,1,-7.7,2658.7,5915,124.9,12.5,27.2,79.1,4.43,227.9,4,20.8,2.1,2759.7,276,356.1,40.9,365.2,20.7,53.4,2.2,33.9,76.3,1324.9,1223.5,1,0.1,7.6,5.5,1,0.8,1.8,0.6,0.3,0.1,0.5,8.9,46.4,148.9,0,-0.2,0,0,0.6,1.6,-1.4,0,3.4,0.01,0.04,0,0,1,0.9,211.9,3.18,0,NA
"298",297," eco1",0,1,0.9,2658.7,5899,112.6,11.3,41.8,78.6,4.32,227.6,3.9,12.8,1.3,2759.8,276,355.4,40.8,369.4,24.3,53.7,2.7,34.3,76.3,1324.1,1223.9,0.6,0,7.6,5.5,1,0.8,1.8,0.7,0.3,0.2,0.5,8.9,46.4,149,0,-0.2,0,0,0.6,1.6,-1.3,0,3.38,0,0.03,0,0,1.3,1.3,212.1,3.1,0,NA
"299",298," eco1",0,1,19,2658.1,5874,97.4,9.7,31.7,77.2,4.35,227.5,4,10.4,1,2750.8,275.1,352.7,40.5,367.9,23.2,53.6,2.6,34.2,76.3,1323.4,1224.2,0.5,0,7.5,5.5,1,0.8,1.8,0.7,0.3,0.1,0.5,8.9,46.4,149,0,-0.2,0,0,0.6,1.6,-1.3,0,3.42,0.01,0.07,0,0,1.2,1,212.1,3.13,0,NA
"300",299," eco1",0,1,25.2,2656.6,5849,90,9,25.9,76.1,4.48,227.5,3.9,11.5,1.1,2737.7,273.8,349.9,40.2,363.5,21,53.3,2.3,33.5,76.1,1322.3,1224.6,0.5,0,7.5,5.5,1,0.8,1.8,0.6,0.3,0.1,0.5,8.8,46.4,149.1,0,-0.1,0,0,0.6,1.6,-1.3,0,3.39,0,0,0,0,1,0.8,212.1,3.26,0,NA
"301",300," eco1",0,1,1.4,2655.2,5852,117.9,11.8,37.7,78.6,4.2,227.2,4.1,9.2,0.9,2741.7,274.2,345.5,39.7,364.4,22.7,53.3,2.5,33.3,76,1320.9,1225,0.4,0,7.5,5.5,1,0.8,1.8,0.6,0.3,0.1,0.5,8.8,46.4,149.2,0,-0.2,0,0,0.6,1.7,-1.4,0,3.37,0,0,0,0,1.6,1.2,212,3.02,0,NA
