Time, Species, ClimateRegion, NumberSitesChecked, AvgTempMult, AvgMinJanTempMult, AvgSoilMoistureMult, AvgProbEst
10,CaryOvat,eco4,161,0.553,1.000,0.955,0.546
10,CaryOvat,eco3,4544,0.599,1.000,0.945,0.592
10,CaryOvat,eco2,3169,0.703,1.000,0.946,0.697
10,CaryOvat,eco1,971,0.000,1.000,0.849,0.000
10,CaryAlba,eco4,176,0.582,1.000,0.970,0.582
10,CaryAlba,eco3,4516,0.629,1.000,0.945,0.622
10,CaryAlba,eco2,3194,0.735,1.000,0.948,0.729
10,CaryAlba,eco1,969,0.000,1.000,0.855,0.000
10,CornFlor,eco4,4991,0.800,1.000,0.975,0.795
10,CornFlor,eco3,21493,0.828,1.000,0.960,0.816
10,CornFlor,eco2,12991,0.890,1.000,0.962,0.876
10,CornFlor,eco1,4911,0.318,1.000,0.868,0.290
10,FraxPenn,eco4,162,0.705,1.000,0.944,0.697
10,FraxPenn,eco3,4532,0.733,1.000,0.905,0.715
10,FraxPenn,eco2,3214,0.799,1.000,0.899,0.766
10,FraxPenn,eco1,914,0.267,1.000,0.828,0.230
10,FraxAmer,eco4,4917,0.741,1.000,0.978,0.737
10,FraxAmer,eco3,21737,0.770,1.000,0.965,0.760
10,FraxAmer,eco2,12976,0.835,1.000,0.966,0.824
10,FraxAmer,eco1,4944,0.286,1.000,0.884,0.266
10,FaguGran,eco4,4891,0.536,1.000,0.976,0.533
10,FaguGran,eco3,21398,0.579,1.000,0.964,0.572
10,FaguGran,eco2,12952,0.677,1.000,0.964,0.668
10,FaguGran,eco1,4823,0.000,1.000,0.887,0.000
10,JuglNigr,eco4,36,0.000,1.000,0.990,0.000
10,JuglNigr,eco3,1198,0.000,1.000,0.955,0.000
10,JuglNigr,eco2,644,0.000,1.000,0.957,0.000
10,JuglNigr,eco1,317,0.000,1.000,0.860,0.000
10,HaleDipt,eco4,4950,0.971,1.000,0.979,0.958
10,HaleDipt,eco3,21521,0.979,1.000,0.967,0.954
10,HaleDipt,eco2,12953,0.994,1.000,0.967,0.963
10,HaleDipt,eco1,4852,0.773,1.000,0.891,0.710
10,IlexOpac,eco4,4961,0.971,1.000,0.977,0.956
10,IlexOpac,eco3,21459,0.979,1.000,0.967,0.954
10,IlexOpac,eco2,13060,0.994,1.000,0.966,0.963
10,IlexOpac,eco1,4848,0.773,1.000,0.888,0.708
10,LiriTuli,eco4,68,0.941,1.000,0.987,0.937
10,LiriTuli,eco3,2558,0.961,1.000,0.957,0.935
10,LiriTuli,eco2,1592,0.993,1.000,0.959,0.955
10,LiriTuli,eco1,533,0.425,1.000,0.868,0.390
10,LiquStyr,eco4,75,0.896,1.000,0.973,0.882
10,LiquStyr,eco3,2506,0.920,1.000,0.958,0.905
10,LiquStyr,eco2,1593,0.967,1.000,0.956,0.938
10,LiquStyr,eco1,535,0.382,1.000,0.846,0.343
10,MagnAcum,eco4,171,0.849,1.000,0.951,0.833
10,MagnAcum,eco3,4459,0.876,1.000,0.932,0.852
10,MagnAcum,eco2,3207,0.932,1.000,0.932,0.892
10,MagnAcum,eco1,974,0.348,1.000,0.838,0.302
10,MagnMacr,eco4,151,0.849,1.000,0.960,0.842
10,MagnMacr,eco3,4483,0.876,1.000,0.932,0.851
10,MagnMacr,eco2,3237,0.932,1.000,0.934,0.893
10,MagnMacr,eco1,944,0.348,1.000,0.850,0.305
10,NyssSylv,eco4,4953,0.971,1.000,0.977,0.956
10,NyssSylv,eco3,21505,0.979,1.000,0.966,0.953
10,NyssSylv,eco2,12872,0.994,1.000,0.967,0.963
10,NyssSylv,eco1,4937,0.773,1.000,0.891,0.710
10,OxydArbo,eco4,4865,0.971,1.000,0.976,0.955
10,OxydArbo,eco3,21555,0.979,1.000,0.966,0.953
10,OxydArbo,eco2,12820,0.994,1.000,0.966,0.962
10,OxydArbo,eco1,4816,0.773,1.000,0.892,0.710
10,PrunSero,eco4,66,0.827,1.000,0.987,0.827
10,PrunSero,eco3,2527,0.855,1.000,0.960,0.845
10,PrunSero,eco2,1614,0.914,1.000,0.958,0.901
10,PrunSero,eco1,523,0.335,1.000,0.852,0.303
10,PrunPenn,eco4,35,0.000,1.000,0.980,0.000
10,PrunPenn,eco3,1182,0.000,1.000,0.922,0.000
10,PrunPenn,eco2,639,0.000,1.000,0.926,0.000
10,PrunPenn,eco1,325,0.000,1.000,0.803,0.000
10,PlanOcid,eco4,65,0.574,1.000,0.960,0.572
10,PlanOcid,eco3,2598,0.621,1.000,0.905,0.608
10,PlanOcid,eco2,1618,0.729,1.000,0.895,0.706
10,PlanOcid,eco1,528,0.000,1.000,0.793,0.000
10,QuerAlba,eco4,163,0.580,1.000,0.985,0.580
10,QuerAlba,eco3,4528,0.625,1.000,0.963,0.618
10,QuerAlba,eco2,3228,0.725,1.000,0.965,0.720
10,QuerAlba,eco1,959,0.000,1.000,0.894,0.000
10,QuerCocc,eco4,82,0.000,1.000,0.983,0.000
10,QuerCocc,eco3,2515,0.000,1.000,0.956,0.000
10,QuerCocc,eco2,1582,0.000,1.000,0.956,0.000
10,QuerCocc,eco1,525,0.000,1.000,0.860,0.000
10,QuerFalc,eco4,162,0.896,1.000,0.991,0.894
10,QuerFalc,eco3,4511,0.920,1.000,0.984,0.916
10,QuerFalc,eco2,3208,0.967,1.000,0.985,0.962
10,QuerFalc,eco1,982,0.382,1.000,0.961,0.382
10,QuerRubr,eco4,158,0.000,1.000,0.974,0.000
10,QuerRubr,eco3,4507,0.000,1.000,0.951,0.000
10,QuerRubr,eco2,3195,0.000,1.000,0.950,0.000
10,QuerRubr,eco1,961,0.000,1.000,0.857,0.000
10,QuerPrin,eco4,163,0.000,1.000,0.979,0.000
10,QuerPrin,eco3,4481,0.000,1.000,0.960,0.000
10,QuerPrin,eco2,3217,0.000,1.000,0.961,0.000
10,QuerPrin,eco1,939,0.000,1.000,0.883,0.000
10,QuerVelu,eco4,70,0.242,1.000,0.988,0.242
10,QuerVelu,eco3,2552,0.311,1.000,0.956,0.308
10,QuerVelu,eco2,1605,0.473,1.000,0.959,0.469
10,QuerVelu,eco1,536,0.000,1.000,0.864,0.000
10,QuerStel,eco4,79,0.896,1.000,0.987,0.894
10,QuerStel,eco3,2534,0.920,1.000,0.959,0.907
10,QuerStel,eco2,1558,0.967,1.000,0.959,0.941
10,QuerStel,eco1,517,0.382,1.000,0.849,0.344
10,RobiPseu,eco4,35,0.971,1.000,0.990,0.965
10,RobiPseu,eco3,1186,0.979,1.000,0.954,0.943
10,RobiPseu,eco2,641,0.994,1.000,0.956,0.953
10,RobiPseu,eco1,317,0.773,1.000,0.856,0.680
10,SassAlid,eco4,84,0.971,1.000,0.978,0.954
10,SassAlid,eco3,2536,0.979,1.000,0.959,0.948
10,SassAlid,eco2,1597,0.994,1.000,0.959,0.957
10,SassAlid,eco1,517,0.773,1.000,0.864,0.686
10,TiliAmer,eco4,89471,0.000,1.000,0.970,0.000
10,TiliAmer,eco3,210570,0.000,1.000,0.961,0.000
10,TiliAmer,eco2,118107,0.000,1.000,0.958,0.000
10,TiliAmer,eco1,33771,0.000,1.000,0.853,0.000
10,TiliAmhe,eco4,89470,0.000,1.000,0.970,0.000
10,TiliAmhe,eco3,210581,0.000,1.000,0.961,0.000
10,TiliAmhe,eco2,118117,0.000,1.000,0.958,0.000
10,TiliAmhe,eco1,33776,0.000,1.000,0.853,0.000
10,CaryGlab,eco4,156,0.971,1.000,0.969,0.948
10,CaryGlab,eco3,4536,0.979,1.000,0.945,0.933
10,CaryGlab,eco2,3213,0.994,1.000,0.946,0.943
10,CaryGlab,eco1,971,0.773,1.000,0.852,0.676
10,CaryCodi,eco4,37,0.249,1.000,0.989,0.249
10,CaryCodi,eco3,1191,0.320,1.000,0.954,0.317
10,CaryCodi,eco2,645,0.485,1.000,0.958,0.481
10,CaryCodi,eco1,314,0.000,1.000,0.855,0.000
10,BetuNigr,eco4,36,0.000,1.000,0.985,0.000
10,BetuNigr,eco3,1183,0.000,1.000,0.935,0.000
10,BetuNigr,eco2,644,0.000,1.000,0.939,0.000
10,BetuNigr,eco1,321,0.000,1.000,0.819,0.000
10,BetuLent,eco4,75,0.000,1.000,0.978,0.000
10,BetuLent,eco3,2514,0.000,1.000,0.943,0.000
10,BetuLent,eco2,1603,0.000,1.000,0.938,0.000
10,BetuLent,eco1,503,0.000,1.000,0.816,0.000
10,BetuAlle,eco4,158,0.000,1.000,0.972,0.000
10,BetuAlle,eco3,4550,0.000,1.000,0.944,0.000
10,BetuAlle,eco2,3211,0.000,1.000,0.945,0.000
10,BetuAlle,eco1,974,0.000,1.000,0.867,0.000
10,AcerPens,eco4,4909,0.000,1.000,0.992,0.000
10,AcerPens,eco3,21440,0.000,1.000,0.988,0.000
10,AcerPens,eco2,12833,0.090,1.000,0.988,0.090
10,AcerPens,eco1,4895,0.000,1.000,0.966,0.000
10,AmelArbo,eco4,4893,0.720,1.000,0.978,0.715
10,AmelArbo,eco3,21403,0.749,1.000,0.966,0.739
10,AmelArbo,eco2,12913,0.814,1.000,0.965,0.803
10,AmelArbo,eco1,4798,0.275,1.000,0.892,0.260
10,AescBuck,eco4,78,0.000,1.000,0.969,0.000
10,AescBuck,eco3,2577,0.000,1.000,0.934,0.000
10,AescBuck,eco2,1601,0.000,1.000,0.930,0.000
10,AescBuck,eco1,527,0.000,1.000,0.809,0.000
10,AcerRubr,eco4,5018,0.877,1.000,0.972,0.869
10,AcerRubr,eco3,21378,0.894,1.000,0.959,0.879
10,AcerRubr,eco2,12965,0.931,1.000,0.959,0.909
10,AcerRubr,eco1,4933,0.591,1.000,0.869,0.534
10,AcerSacc,eco4,89471,0.000,1.000,0.992,0.000
10,AcerSacc,eco3,210564,0.000,1.000,0.989,0.000
10,AcerSacc,eco2,118148,0.090,1.000,0.988,0.090
10,AcerSacc,eco1,33766,0.000,1.000,0.966,0.000
10,TsugCana,eco4,89474,0.000,1.000,0.967,0.000
10,TsugCana,eco3,210578,0.000,1.000,0.958,0.000
10,TsugCana,eco2,118116,0.000,1.000,0.955,0.000
10,TsugCana,eco1,33771,0.000,1.000,0.843,0.000
10,PinuVirg,eco4,35,0.000,1.000,0.986,0.000
10,PinuVirg,eco3,1187,0.000,1.000,0.943,0.000
10,PinuVirg,eco2,641,0.000,1.000,0.944,0.000
10,PinuVirg,eco1,319,0.000,1.000,0.828,0.000
10,PinuTaed,eco4,37,0.959,1.000,0.992,0.956
10,PinuTaed,eco3,1172,0.976,1.000,0.960,0.947
10,PinuTaed,eco2,644,0.999,0.000,0.964,0.000
10,PinuTaed,eco1,313,0.440,1.000,0.874,0.407
10,PinuStro,eco4,169,0.000,1.000,0.984,0.000
10,PinuStro,eco3,4538,0.000,1.000,0.967,0.000
10,PinuStro,eco2,3205,0.000,1.000,0.970,0.000
10,PinuStro,eco1,949,0.000,1.000,0.906,0.000
10,PinuRigi,eco4,37,0.000,1.000,0.990,0.000
10,PinuRigi,eco3,1186,0.000,1.000,0.956,0.000
10,PinuRigi,eco2,640,0.000,1.000,0.959,0.000
10,PinuRigi,eco1,318,0.000,1.000,0.859,0.000
10,PinuPung,eco4,75,0.000,1.000,0.985,0.000
10,PinuPung,eco3,2506,0.000,1.000,0.961,0.000
10,PinuPung,eco2,1605,0.000,1.000,0.959,0.000
10,PinuPung,eco1,532,0.000,1.000,0.871,0.000
10,FrasFirr,eco4,89476,0.000,1.000,0.793,0.000
10,FrasFirr,eco3,210591,0.000,1.000,0.776,0.000
10,FrasFirr,eco2,118096,0.000,1.000,0.796,0.000
10,FrasFirr,eco1,33776,0.000,1.000,0.663,0.000
10,PiceRube,eco4,5019,0.000,1.000,0.978,0.000
10,PiceRube,eco3,21550,0.000,1.000,0.967,0.000
10,PiceRube,eco2,12858,0.000,1.000,0.967,0.000
10,PiceRube,eco1,4804,0.000,1.000,0.898,0.000
10,PinuEnch,eco4,36,0.319,1.000,0.993,0.319
10,PinuEnch,eco3,1182,0.407,1.000,0.963,0.403
10,PinuEnch,eco2,639,0.603,1.000,0.964,0.598
10,PinuEnch,eco1,317,0.000,1.000,0.879,0.000
20,CaryOvat,eco4,97,0.706,1.000,0.977,0.695
20,CaryOvat,eco3,1407,0.748,1.000,0.962,0.727
20,CaryOvat,eco2,849,0.827,1.000,0.959,0.798
20,CaryOvat,eco1,479,0.093,1.000,0.824,0.086
20,CaryAlba,eco4,104,0.738,1.000,0.997,0.738
20,CaryAlba,eco3,1354,0.780,1.000,0.963,0.759
20,CaryAlba,eco2,841,0.858,1.000,0.961,0.829
20,CaryAlba,eco1,490,0.099,1.000,0.842,0.094
20,CornFlor,eco4,4721,0.892,1.000,0.980,0.877
20,CornFlor,eco3,15498,0.915,1.000,0.979,0.899
20,CornFlor,eco2,8946,0.956,1.000,0.967,0.926
20,CornFlor,eco1,3222,0.490,1.000,0.875,0.474
20,FraxPenn,eco4,93,0.801,1.000,0.989,0.793
20,FraxPenn,eco3,1416,0.828,1.000,0.950,0.798
20,FraxPenn,eco2,824,0.879,1.000,0.937,0.829
20,FraxPenn,eco1,511,0.417,1.000,0.762,0.345
20,FraxAmer,eco4,4907,0.837,1.000,0.982,0.826
20,FraxAmer,eco3,15447,0.863,1.000,0.981,0.851
20,FraxAmer,eco2,9005,0.911,1.000,0.974,0.891
20,FraxAmer,eco1,3248,0.444,1.000,0.890,0.431
20,FaguGran,eco4,4738,0.680,1.000,0.979,0.674
20,FaguGran,eco3,15404,0.719,1.000,0.981,0.712
20,FaguGran,eco2,9121,0.796,1.000,0.973,0.781
20,FaguGran,eco1,3197,0.118,1.000,0.888,0.115
20,JuglNigr,eco4,1,0.000,1.000,1.000,0.000
20,JuglNigr,eco3,47,0.036,1.000,0.778,0.029
20,JuglNigr,eco2,44,0.264,1.000,0.877,0.240
20,JuglNigr,eco1,73,0.000,1.000,0.770,0.000
20,HaleDipt,eco4,4815,0.994,1.000,0.984,0.979
20,HaleDipt,eco3,15310,0.998,1.000,0.982,0.980
20,HaleDipt,eco2,8917,1.000,1.000,0.975,0.975
20,HaleDipt,eco1,3162,0.851,1.000,0.896,0.801
20,IlexOpac,eco4,4780,0.994,1.000,0.982,0.977
20,IlexOpac,eco3,15535,0.998,1.000,0.980,0.978
20,IlexOpac,eco2,8975,1.000,1.000,0.974,0.974
20,IlexOpac,eco1,3215,0.851,1.000,0.891,0.797
20,LiriTuli,eco4,25,0.993,1.000,0.987,0.981
20,LiriTuli,eco3,462,0.999,1.000,0.963,0.962
20,LiriTuli,eco2,312,0.994,1.000,0.965,0.960
20,LiriTuli,eco1,227,0.633,1.000,0.859,0.587
20,LiquStyr,eco4,19,0.968,1.000,0.999,0.968
20,LiquStyr,eco3,477,0.982,1.000,0.966,0.951
20,LiquStyr,eco2,355,0.999,1.000,0.963,0.962
20,LiquStyr,eco1,237,0.578,1.000,0.874,0.547
20,MagnAcum,eco4,90,0.933,1.000,0.995,0.930
20,MagnAcum,eco3,1368,0.953,1.000,0.956,0.915
20,MagnAcum,eco2,818,0.984,1.000,0.946,0.932
20,MagnAcum,eco1,495,0.533,1.000,0.792,0.455
20,MagnMacr,eco4,92,0.933,1.000,0.974,0.910
20,MagnMacr,eco3,1414,0.953,1.000,0.960,0.919
20,MagnMacr,eco2,842,0.984,1.000,0.953,0.939
20,MagnMacr,eco1,494,0.533,1.000,0.800,0.460
20,NyssSylv,eco4,4789,0.994,1.000,0.986,0.980
20,NyssSylv,eco3,15438,0.998,1.000,0.981,0.980
20,NyssSylv,eco2,8985,1.000,1.000,0.975,0.974
20,NyssSylv,eco1,3247,0.851,1.000,0.890,0.797
20,OxydArbo,eco4,4678,0.994,1.000,0.982,0.976
20,OxydArbo,eco3,15384,0.998,1.000,0.981,0.979
20,OxydArbo,eco2,8900,1.000,1.000,0.976,0.975
20,OxydArbo,eco1,3197,0.851,1.000,0.894,0.800
20,PrunSero,eco4,22,0.916,1.000,0.986,0.906
20,PrunSero,eco3,474,0.937,1.000,0.965,0.910
20,PrunSero,eco2,333,0.973,1.000,0.971,0.947
20,PrunSero,eco1,228,0.514,1.000,0.864,0.483
20,PrunPenn,eco4,1,0.000,1.000,1.000,0.000
20,PrunPenn,eco3,62,0.000,1.000,0.799,0.000
20,PrunPenn,eco2,40,0.000,1.000,0.820,0.000
20,PrunPenn,eco1,78,0.000,1.000,0.578,0.000
20,PlanOcid,eco4,13,0.733,1.000,0.996,0.733
20,PlanOcid,eco3,502,0.775,1.000,0.945,0.742
20,PlanOcid,eco2,308,0.855,1.000,0.933,0.803
20,PlanOcid,eco1,241,0.080,1.000,0.734,0.064
20,QuerAlba,eco4,95,0.729,1.000,0.997,0.729
20,QuerAlba,eco3,1382,0.769,1.000,0.975,0.757
20,QuerAlba,eco2,857,0.844,1.000,0.979,0.833
20,QuerAlba,eco1,471,0.130,1.000,0.898,0.127
20,QuerCocc,eco4,24,0.000,1.000,0.999,0.000
20,QuerCocc,eco3,488,0.038,1.000,0.965,0.037
20,QuerCocc,eco2,340,0.276,1.000,0.970,0.273
20,QuerCocc,eco1,248,0.000,1.000,0.880,0.000
20,QuerFalc,eco4,91,0.968,1.000,0.997,0.966
20,QuerFalc,eco3,1451,0.982,1.000,0.990,0.975
20,QuerFalc,eco2,845,0.999,1.000,0.990,0.989
20,QuerFalc,eco1,471,0.578,1.000,0.960,0.578
20,QuerRubr,eco4,83,0.000,1.000,0.985,0.000
20,QuerRubr,eco3,1407,0.027,1.000,0.971,0.027
20,QuerRubr,eco2,842,0.206,1.000,0.962,0.204
20,QuerRubr,eco1,492,0.000,1.000,0.852,0.000
20,QuerPrin,eco4,83,0.000,1.000,0.982,0.000
20,QuerPrin,eco3,1422,0.000,1.000,0.972,0.000
20,QuerPrin,eco2,809,0.000,1.000,0.968,0.000
20,QuerPrin,eco1,495,0.000,1.000,0.890,0.000
20,QuerVelu,eco4,28,0.478,1.000,0.999,0.478
20,QuerVelu,eco3,512,0.543,1.000,0.966,0.533
20,QuerVelu,eco2,324,0.669,1.000,0.961,0.655
20,QuerVelu,eco1,245,0.000,1.000,0.862,0.000
20,QuerStel,eco4,17,0.968,1.000,0.990,0.961
20,QuerStel,eco3,512,0.982,1.000,0.961,0.946
20,QuerStel,eco2,343,0.999,1.000,0.961,0.960
20,QuerStel,eco1,246,0.578,1.000,0.873,0.545
20,RobiPseu,eco4,2,0.994,1.000,1.000,0.994
20,RobiPseu,eco3,54,0.998,1.000,0.805,0.803
20,RobiPseu,eco2,39,1.000,1.000,0.863,0.862
20,RobiPseu,eco1,75,0.851,1.000,0.771,0.690
20,SassAlid,eco4,13,0.994,1.000,0.998,0.993
20,SassAlid,eco3,490,0.998,1.000,0.963,0.962
20,SassAlid,eco2,301,1.000,1.000,0.967,0.966
20,SassAlid,eco1,239,0.851,1.000,0.880,0.781
20,TiliAmer,eco4,89508,0.000,1.000,0.974,0.000
20,TiliAmer,eco3,211883,0.000,1.000,0.975,0.000
20,TiliAmer,eco2,118871,0.000,1.000,0.962,0.000
20,TiliAmer,eco1,33983,0.000,1.000,0.829,0.000
20,TiliAmhe,eco4,89507,0.000,1.000,0.974,0.000
20,TiliAmhe,eco3,211891,0.000,1.000,0.975,0.000
20,TiliAmhe,eco2,118869,0.000,1.000,0.962,0.000
20,TiliAmhe,eco1,33980,0.000,1.000,0.829,0.000
20,CaryGlab,eco4,81,0.994,1.000,0.994,0.989
20,CaryGlab,eco3,1452,0.998,1.000,0.963,0.961
20,CaryGlab,eco2,820,1.000,1.000,0.958,0.957
20,CaryGlab,eco1,467,0.851,1.000,0.826,0.729
20,CaryCodi,eco4,1,0.490,1.000,1.000,0.490
20,CaryCodi,eco3,52,0.557,1.000,0.799,0.459
20,CaryCodi,eco2,37,0.685,1.000,0.843,0.598
20,CaryCodi,eco1,75,0.000,1.000,0.775,0.000
20,BetuNigr,eco4,2,0.000,1.000,1.000,0.000
20,BetuNigr,eco3,59,0.000,1.000,0.788,0.000
20,BetuNigr,eco2,50,0.000,1.000,0.867,0.000
20,BetuNigr,eco1,80,0.000,1.000,0.683,0.000
20,BetuLent,eco4,19,0.000,1.000,0.998,0.000
20,BetuLent,eco3,473,0.000,1.000,0.960,0.000
20,BetuLent,eco2,309,0.000,1.000,0.955,0.000
20,BetuLent,eco1,234,0.000,1.000,0.816,0.000
20,BetuAlle,eco4,91,0.000,1.000,0.997,0.000
20,BetuAlle,eco3,1456,0.000,1.000,0.964,0.000
20,BetuAlle,eco2,850,0.000,1.000,0.958,0.000
20,BetuAlle,eco1,480,0.000,1.000,0.823,0.000
20,AcerPens,eco4,4823,0.097,1.000,0.994,0.097
20,AcerPens,eco3,15498,0.188,1.000,0.994,0.188
20,AcerPens,eco2,8883,0.368,1.000,0.992,0.368
20,AcerPens,eco1,3235,0.000,1.000,0.966,0.000
20,AmelArbo,eco4,4893,0.817,1.000,0.983,0.807
20,AmelArbo,eco3,15334,0.843,1.000,0.982,0.833
20,AmelArbo,eco2,8965,0.893,1.000,0.973,0.873
20,AmelArbo,eco1,3187,0.428,1.000,0.895,0.416
20,AescBuck,eco4,18,0.000,1.000,0.963,0.000
20,AescBuck,eco3,477,0.000,1.000,0.952,0.000
20,AescBuck,eco2,357,0.000,1.000,0.936,0.000
20,AescBuck,eco1,242,0.000,1.000,0.775,0.000
20,AcerRubr,eco4,4690,0.933,1.000,0.977,0.913
20,AcerRubr,eco3,15456,0.947,1.000,0.977,0.928
20,AcerRubr,eco2,8951,0.971,1.000,0.966,0.940
20,AcerRubr,eco1,3174,0.693,1.000,0.859,0.646
20,AcerSacc,eco4,89505,0.097,1.000,0.994,0.097
20,AcerSacc,eco3,211896,0.188,1.000,0.994,0.188
20,AcerSacc,eco2,118861,0.368,1.000,0.991,0.368
20,AcerSacc,eco1,33973,0.000,1.000,0.964,0.000
20,TsugCana,eco4,89506,0.000,1.000,0.971,0.000
20,TsugCana,eco3,211894,0.000,1.000,0.973,0.000
20,TsugCana,eco2,118857,0.000,1.000,0.957,0.000
20,TsugCana,eco1,33983,0.000,1.000,0.808,0.000
20,PinuVirg,eco4,3,0.000,1.000,1.000,0.000
20,PinuVirg,eco3,64,0.000,1.000,0.821,0.000
20,PinuVirg,eco2,39,0.000,1.000,0.840,0.000
20,PinuVirg,eco1,75,0.000,1.000,0.700,0.000
20,PinuTaed,eco4,2,0.999,1.000,0.992,0.991
20,PinuTaed,eco3,57,0.999,1.000,0.823,0.823
20,PinuTaed,eco2,34,0.981,1.000,0.842,0.827
20,PinuTaed,eco1,79,0.655,1.000,0.819,0.605
20,PinuStro,eco4,83,0.000,1.000,0.998,0.000
20,PinuStro,eco3,1426,0.000,1.000,0.975,0.000
20,PinuStro,eco2,838,0.000,1.000,0.980,0.000
20,PinuStro,eco1,482,0.000,1.000,0.914,0.000
20,PinuRigi,eco4,1,0.000,1.000,1.000,0.000
20,PinuRigi,eco3,55,0.000,1.000,0.811,0.000
20,PinuRigi,eco2,34,0.000,1.000,0.843,0.000
20,PinuRigi,eco1,73,0.000,1.000,0.772,0.000
20,PinuPung,eco4,16,0.000,1.000,0.999,0.000
20,PinuPung,eco3,472,0.000,1.000,0.966,0.000
20,PinuPung,eco2,320,0.000,1.000,0.962,0.000
20,PinuPung,eco1,232,0.000,1.000,0.872,0.000
20,FrasFirr,eco4,89507,0.000,1.000,0.950,0.000
20,FrasFirr,eco3,211893,0.000,1.000,0.944,0.000
20,FrasFirr,eco2,118874,0.000,1.000,0.930,0.000
20,FrasFirr,eco1,33978,0.000,1.000,0.520,0.000
20,PiceRube,eco4,4850,0.000,1.000,0.984,0.000
20,PiceRube,eco3,15499,0.000,1.000,0.982,0.000
20,PiceRube,eco2,8924,0.000,1.000,0.974,0.000
20,PiceRube,eco1,3200,0.000,1.000,0.899,0.000
20,PinuEnch,eco4,3,0.609,1.000,1.000,0.609
20,PinuEnch,eco3,56,0.684,1.000,0.827,0.579
20,PinuEnch,eco2,36,0.819,1.000,0.853,0.714
20,PinuEnch,eco1,77,0.000,1.000,0.819,0.000
30,CaryOvat,eco4,810,0.526,1.000,1.000,0.526
30,CaryOvat,eco3,3647,0.570,1.000,0.996,0.568
30,CaryOvat,eco2,2187,0.657,1.000,0.995,0.655
30,CaryOvat,eco1,267,0.000,1.000,0.975,0.000
30,CaryAlba,eco4,824,0.554,1.000,1.000,0.554
30,CaryAlba,eco3,3675,0.599,1.000,0.996,0.598
30,CaryAlba,eco2,2234,0.689,1.000,0.996,0.687
30,CaryAlba,eco1,266,0.000,1.000,0.974,0.000
30,CornFlor,eco4,7355,0.782,1.000,0.994,0.778
30,CornFlor,eco3,20689,0.810,1.000,0.993,0.806
30,CornFlor,eco2,12543,0.863,1.000,0.989,0.855
30,CornFlor,eco1,2751,0.262,1.000,0.983,0.260
30,FraxPenn,eco4,862,0.687,1.000,0.999,0.687
30,FraxPenn,eco3,3710,0.715,1.000,0.996,0.713
30,FraxPenn,eco2,2186,0.770,1.000,0.993,0.765
30,FraxPenn,eco1,270,0.219,1.000,0.960,0.216
30,FraxAmer,eco4,7298,0.723,1.000,0.997,0.722
30,FraxAmer,eco3,20851,0.751,1.000,0.995,0.749
30,FraxAmer,eco2,12530,0.807,1.000,0.991,0.801
30,FraxAmer,eco1,2791,0.235,1.000,0.988,0.234
30,FaguGran,eco4,7297,0.511,1.000,0.996,0.509
30,FaguGran,eco3,20645,0.552,1.000,0.994,0.549
30,FaguGran,eco2,12501,0.634,1.000,0.990,0.630
30,FaguGran,eco1,2770,0.000,1.000,0.987,0.000
30,JuglNigr,eco4,10,0.000,1.000,1.000,0.000
30,JuglNigr,eco3,83,0.000,1.000,0.974,0.000
30,JuglNigr,eco2,59,0.000,1.000,1.000,0.000
30,JuglNigr,eco1,27,0.000,1.000,0.890,0.000
30,HaleDipt,eco4,7273,0.965,1.000,0.995,0.961
30,HaleDipt,eco3,20727,0.974,1.000,0.994,0.969
30,HaleDipt,eco2,12589,0.988,1.000,0.991,0.980
30,HaleDipt,eco1,2729,0.747,1.000,0.989,0.743
30,IlexOpac,eco4,7298,0.965,1.000,0.996,0.962
30,IlexOpac,eco3,20951,0.974,1.000,0.995,0.969
30,IlexOpac,eco2,12539,0.988,1.000,0.991,0.979
30,IlexOpac,eco1,2760,0.747,1.000,0.986,0.741
30,LiriTuli,eco4,261,0.927,1.000,1.000,0.927
30,LiriTuli,eco3,1335,0.948,1.000,0.995,0.944
30,LiriTuli,eco2,867,0.981,1.000,0.995,0.977
30,LiriTuli,eco1,124,0.355,1.000,0.971,0.349
30,LiquStyr,eco4,263,0.880,1.000,1.000,0.880
30,LiquStyr,eco3,1342,0.905,1.000,0.995,0.901
30,LiquStyr,eco2,869,0.948,1.000,0.996,0.945
30,LiquStyr,eco1,125,0.316,1.000,0.961,0.308
30,MagnAcum,eco4,854,0.832,1.000,1.000,0.832
30,MagnAcum,eco3,3666,0.859,1.000,0.996,0.855
30,MagnAcum,eco2,2139,0.908,1.000,0.992,0.902
30,MagnAcum,eco1,278,0.288,1.000,0.977,0.286
30,MagnMacr,eco4,843,0.832,1.000,1.000,0.832
30,MagnMacr,eco3,3730,0.859,1.000,0.996,0.856
30,MagnMacr,eco2,2224,0.908,1.000,0.994,0.904
30,MagnMacr,eco1,282,0.288,1.000,0.980,0.286
30,NyssSylv,eco4,7211,0.965,1.000,0.995,0.961
30,NyssSylv,eco3,20571,0.974,1.000,0.994,0.968
30,NyssSylv,eco2,12619,0.988,1.000,0.991,0.980
30,NyssSylv,eco1,2744,0.747,1.000,0.989,0.744
30,OxydArbo,eco4,7231,0.965,1.000,0.994,0.961
30,OxydArbo,eco3,20632,0.974,1.000,0.993,0.968
30,OxydArbo,eco2,12398,0.988,1.000,0.990,0.979
30,OxydArbo,eco1,2805,0.747,1.000,0.989,0.743
30,PrunSero,eco4,265,0.810,1.000,1.000,0.810
30,PrunSero,eco3,1324,0.837,1.000,0.996,0.834
30,PrunSero,eco2,889,0.889,1.000,0.996,0.886
30,PrunSero,eco1,132,0.276,1.000,0.972,0.272
30,PrunPenn,eco4,12,0.000,1.000,1.000,0.000
30,PrunPenn,eco3,78,0.000,1.000,0.970,0.000
30,PrunPenn,eco2,70,0.000,1.000,0.986,0.000
30,PrunPenn,eco1,30,0.000,1.000,0.863,0.000
30,PlanOcid,eco4,257,0.544,1.000,1.000,0.544
30,PlanOcid,eco3,1344,0.591,1.000,0.995,0.589
30,PlanOcid,eco2,858,0.682,1.000,0.992,0.678
30,PlanOcid,eco1,121,0.000,1.000,0.930,0.000
30,QuerAlba,eco4,818,0.553,1.000,0.999,0.553
30,QuerAlba,eco3,3648,0.596,1.000,0.997,0.595
30,QuerAlba,eco2,2183,0.681,1.000,0.997,0.680
30,QuerAlba,eco1,263,0.000,1.000,0.983,0.000
30,QuerCocc,eco4,250,0.000,1.000,1.000,0.000
30,QuerCocc,eco3,1317,0.000,1.000,0.995,0.000
30,QuerCocc,eco2,875,0.000,1.000,0.994,0.000
30,QuerCocc,eco1,120,0.000,1.000,0.964,0.000
30,QuerFalc,eco4,863,0.880,1.000,1.000,0.880
30,QuerFalc,eco3,3726,0.905,1.000,0.999,0.904
30,QuerFalc,eco2,2181,0.948,1.000,0.999,0.947
30,QuerFalc,eco1,249,0.316,1.000,0.995,0.316
30,QuerRubr,eco4,873,0.000,1.000,1.000,0.000
30,QuerRubr,eco3,3639,0.000,1.000,0.997,0.000
30,QuerRubr,eco2,2211,0.000,1.000,0.996,0.000
30,QuerRubr,eco1,295,0.000,1.000,0.981,0.000
30,QuerPrin,eco4,852,0.000,1.000,1.000,0.000
30,QuerPrin,eco3,3636,0.000,1.000,0.996,0.000
30,QuerPrin,eco2,2218,0.000,1.000,0.996,0.000
30,QuerPrin,eco1,271,0.000,1.000,0.984,0.000
30,QuerVelu,eco4,246,0.200,1.000,1.000,0.200
30,QuerVelu,eco3,1379,0.267,1.000,0.996,0.266
30,QuerVelu,eco2,864,0.402,1.000,0.994,0.400
30,QuerVelu,eco1,130,0.000,1.000,0.955,0.000
30,QuerStel,eco4,246,0.880,1.000,1.000,0.880
30,QuerStel,eco3,1336,0.905,1.000,0.996,0.901
30,QuerStel,eco2,874,0.948,1.000,0.994,0.943
30,QuerStel,eco1,131,0.316,1.000,0.969,0.311
30,RobiPseu,eco4,11,0.965,1.000,1.000,0.965
30,RobiPseu,eco3,94,0.974,1.000,0.988,0.962
30,RobiPseu,eco2,64,0.988,1.000,1.000,0.988
30,RobiPseu,eco1,26,0.747,1.000,0.888,0.690
30,SassAlid,eco4,261,0.965,1.000,1.000,0.965
30,SassAlid,eco3,1342,0.974,1.000,0.995,0.970
30,SassAlid,eco2,871,0.988,1.000,0.996,0.985
30,SassAlid,eco1,128,0.747,1.000,0.972,0.735
30,TiliAmer,eco4,89446,0.000,1.000,0.991,0.000
30,TiliAmer,eco3,211610,0.000,1.000,0.990,0.000
30,TiliAmer,eco2,118712,0.000,1.000,0.980,0.000
30,TiliAmer,eco1,34043,0.000,1.000,0.986,0.000
30,TiliAmhe,eco4,89453,0.000,1.000,0.991,0.000
30,TiliAmhe,eco3,211593,0.000,1.000,0.990,0.000
30,TiliAmhe,eco2,118712,0.000,1.000,0.980,0.000
30,TiliAmhe,eco1,34048,0.000,1.000,0.986,0.000
30,CaryGlab,eco4,893,0.965,1.000,1.000,0.965
30,CaryGlab,eco3,3654,0.974,1.000,0.996,0.970
30,CaryGlab,eco2,2160,0.988,1.000,0.996,0.985
30,CaryGlab,eco1,253,0.747,1.000,0.982,0.740
30,CaryCodi,eco4,8,0.206,1.000,1.000,0.206
30,CaryCodi,eco3,85,0.275,1.000,0.974,0.268
30,CaryCodi,eco2,59,0.413,1.000,1.000,0.413
30,CaryCodi,eco1,26,0.000,1.000,0.888,0.000
30,BetuNigr,eco4,17,0.000,1.000,1.000,0.000
30,BetuNigr,eco3,90,0.000,1.000,0.975,0.000
30,BetuNigr,eco2,62,0.000,1.000,1.000,0.000
30,BetuNigr,eco1,24,0.000,1.000,0.856,0.000
30,BetuLent,eco4,245,0.000,1.000,1.000,0.000
30,BetuLent,eco3,1308,0.000,1.000,0.994,0.000
30,BetuLent,eco2,857,0.000,1.000,0.996,0.000
30,BetuLent,eco1,131,0.000,1.000,0.962,0.000
30,BetuAlle,eco4,827,0.000,1.000,0.999,0.000
30,BetuAlle,eco3,3653,0.000,1.000,0.997,0.000
30,BetuAlle,eco2,2190,0.000,1.000,0.995,0.000
30,BetuAlle,eco1,259,0.000,1.000,0.977,0.000
30,AcerPens,eco4,7161,0.000,1.000,0.999,0.000
30,AcerPens,eco3,20893,0.000,1.000,0.998,0.000
30,AcerPens,eco2,12506,0.000,1.000,0.997,0.000
30,AcerPens,eco1,2782,0.000,1.000,0.996,0.000
30,AmelArbo,eco4,7336,0.702,1.000,0.995,0.699
30,AmelArbo,eco3,20670,0.730,1.000,0.994,0.727
30,AmelArbo,eco2,12518,0.786,1.000,0.990,0.780
30,AmelArbo,eco1,2754,0.226,1.000,0.988,0.225
30,AescBuck,eco4,265,0.000,1.000,1.000,0.000
30,AescBuck,eco3,1326,0.000,1.000,0.995,0.000
30,AescBuck,eco2,853,0.000,1.000,0.993,0.000
30,AescBuck,eco1,133,0.000,1.000,0.959,0.000
30,AcerRubr,eco4,7221,0.867,1.000,0.995,0.863
30,AcerRubr,eco3,20670,0.884,1.000,0.993,0.878
30,AcerRubr,eco2,12508,0.916,1.000,0.988,0.906
30,AcerRubr,eco1,2768,0.558,1.000,0.987,0.555
30,AcerSacc,eco4,89455,0.000,1.000,0.998,0.000
30,AcerSacc,eco3,211603,0.000,1.000,0.997,0.000
30,AcerSacc,eco2,118690,0.000,1.000,0.995,0.000
30,AcerSacc,eco1,34043,0.000,1.000,0.997,0.000
30,TsugCana,eco4,89451,0.000,1.000,0.991,0.000
30,TsugCana,eco3,211628,0.000,1.000,0.990,0.000
30,TsugCana,eco2,118686,0.000,1.000,0.979,0.000
30,TsugCana,eco1,34042,0.000,1.000,0.985,0.000
30,PinuVirg,eco4,18,0.000,1.000,1.000,0.000
30,PinuVirg,eco3,90,0.000,1.000,0.986,0.000
30,PinuVirg,eco2,57,0.000,1.000,1.000,0.000
30,PinuVirg,eco1,24,0.000,1.000,0.864,0.000
30,PinuTaed,eco4,9,0.947,1.000,1.000,0.947
30,PinuTaed,eco3,92,0.966,1.000,0.977,0.944
30,PinuTaed,eco2,75,0.992,0.000,0.986,0.000
30,PinuTaed,eco1,27,0.366,1.000,0.918,0.358
30,PinuStro,eco4,883,0.000,1.000,1.000,0.000
30,PinuStro,eco3,3656,0.000,1.000,0.997,0.000
30,PinuStro,eco2,2237,0.000,1.000,0.997,0.000
30,PinuStro,eco1,267,0.000,1.000,0.984,0.000
30,PinuRigi,eco4,20,0.000,1.000,1.000,0.000
30,PinuRigi,eco3,73,0.000,1.000,0.957,0.000
30,PinuRigi,eco2,55,0.000,1.000,0.964,0.000
30,PinuRigi,eco1,27,0.000,1.000,0.893,0.000
30,PinuPung,eco4,272,0.000,1.000,1.000,0.000
30,PinuPung,eco3,1347,0.000,1.000,0.996,0.000
30,PinuPung,eco2,891,0.000,1.000,0.996,0.000
30,PinuPung,eco1,124,0.000,1.000,0.970,0.000
30,FrasFirr,eco4,89448,0.000,1.000,0.975,0.000
30,FrasFirr,eco3,211584,0.000,1.000,0.978,0.000
30,FrasFirr,eco2,118714,0.000,1.000,0.957,0.000
30,FrasFirr,eco1,34046,0.000,1.000,0.965,0.000
30,PiceRube,eco4,7319,0.000,1.000,0.995,0.000
30,PiceRube,eco3,20681,0.000,1.000,0.994,0.000
30,PiceRube,eco2,12458,0.000,1.000,0.992,0.000
30,PiceRube,eco1,2776,0.000,1.000,0.989,0.000
30,PinuEnch,eco4,7,0.264,1.000,1.000,0.264
30,PinuEnch,eco3,92,0.351,1.000,0.977,0.344
30,PinuEnch,eco2,55,0.519,1.000,1.000,0.519
30,PinuEnch,eco1,21,0.000,1.000,0.906,0.000
40,CaryOvat,eco4,1745,0.766,1.000,0.860,0.727
40,CaryOvat,eco3,4118,0.800,1.000,0.741,0.656
40,CaryOvat,eco2,2222,0.874,1.000,0.780,0.727
40,CaryOvat,eco1,139,0.289,1.000,0.687,0.249
40,CaryAlba,eco4,1731,0.798,1.000,0.863,0.755
40,CaryAlba,eco3,4129,0.831,1.000,0.739,0.674
40,CaryAlba,eco2,2259,0.903,1.000,0.768,0.732
40,CaryAlba,eco1,130,0.306,1.000,0.678,0.259
40,CornFlor,eco4,9463,0.925,1.000,0.861,0.840
40,CornFlor,eco3,22708,0.942,1.000,0.806,0.795
40,CornFlor,eco2,12895,0.976,1.000,0.826,0.823
40,CornFlor,eco1,2283,0.626,1.000,0.738,0.578
40,FraxPenn,eco4,1733,0.839,1.000,0.749,0.712
40,FraxPenn,eco3,4164,0.861,1.000,0.597,0.576
40,FraxPenn,eco2,2320,0.910,1.000,0.651,0.633
40,FraxPenn,eco1,134,0.539,1.000,0.465,0.339
40,FraxAmer,eco4,9590,0.874,1.000,0.882,0.823
40,FraxAmer,eco3,22909,0.894,1.000,0.834,0.794
40,FraxAmer,eco2,12923,0.939,1.000,0.850,0.829
40,FraxAmer,eco1,2147,0.571,1.000,0.772,0.543
40,FaguGran,eco4,9462,0.737,1.000,0.882,0.714
40,FaguGran,eco3,22714,0.770,1.000,0.834,0.711
40,FaguGran,eco2,12948,0.843,1.000,0.845,0.767
40,FaguGran,eco1,2180,0.294,1.000,0.772,0.286
40,JuglNigr,eco4,9,0.087,1.000,0.821,0.087
40,JuglNigr,eco3,57,0.185,1.000,0.807,0.181
40,JuglNigr,eco2,26,0.407,1.000,0.826,0.407
40,JuglNigr,eco1,7,0.000,1.000,0.425,0.000
40,HaleDipt,eco4,9407,0.999,1.000,0.891,0.891
40,HaleDipt,eco3,22716,1.000,1.000,0.847,0.847
40,HaleDipt,eco2,12858,0.995,1.000,0.858,0.858
40,HaleDipt,eco1,2190,0.908,1.000,0.789,0.783
40,IlexOpac,eco4,9522,0.999,1.000,0.890,0.890
40,IlexOpac,eco3,22773,1.000,1.000,0.848,0.848
40,IlexOpac,eco2,12800,0.995,1.000,0.857,0.857
40,IlexOpac,eco1,2144,0.908,1.000,0.784,0.778
40,LiriTuli,eco4,408,1.000,1.000,0.903,0.903
40,LiriTuli,eco3,1225,0.999,1.000,0.848,0.848
40,LiriTuli,eco2,693,0.975,1.000,0.877,0.874
40,LiriTuli,eco1,44,0.782,1.000,0.765,0.652
40,LiquStyr,eco4,385,0.988,1.000,0.907,0.906
40,LiquStyr,eco3,1189,0.995,1.000,0.844,0.844
40,LiquStyr,eco2,684,0.999,1.000,0.877,0.877
40,LiquStyr,eco1,48,0.725,1.000,0.769,0.612
40,MagnAcum,eco4,1688,0.961,1.000,0.823,0.822
40,MagnAcum,eco3,4101,0.974,1.000,0.661,0.661
40,MagnAcum,eco2,2317,0.996,1.000,0.715,0.715
40,MagnAcum,eco1,110,0.674,1.000,0.638,0.531
40,MagnMacr,eco4,1697,0.961,1.000,0.822,0.821
40,MagnMacr,eco3,4133,0.974,1.000,0.659,0.659
40,MagnMacr,eco2,2222,0.996,1.000,0.706,0.706
40,MagnMacr,eco1,138,0.674,1.000,0.612,0.514
40,NyssSylv,eco4,9516,0.999,1.000,0.892,0.892
40,NyssSylv,eco3,22884,1.000,1.000,0.848,0.848
40,NyssSylv,eco2,12842,0.995,1.000,0.859,0.859
40,NyssSylv,eco1,2193,0.908,1.000,0.781,0.774
40,OxydArbo,eco4,9594,0.999,1.000,0.889,0.889
40,OxydArbo,eco3,22926,1.000,1.000,0.848,0.848
40,OxydArbo,eco2,12838,0.995,1.000,0.861,0.861
40,OxydArbo,eco1,2276,0.908,1.000,0.785,0.780
40,PrunSero,eco4,393,0.946,1.000,0.914,0.903
40,PrunSero,eco3,1195,0.961,1.000,0.843,0.841
40,PrunSero,eco2,689,0.989,1.000,0.883,0.883
40,PrunSero,eco1,44,0.653,1.000,0.729,0.526
40,PrunPenn,eco4,10,0.000,1.000,0.716,0.000
40,PrunPenn,eco3,57,0.000,1.000,0.610,0.000
40,PrunPenn,eco2,26,0.000,1.000,0.686,0.000
40,PrunPenn,eco1,7,0.000,1.000,0.422,0.000
40,PlanOcid,eco4,408,0.793,1.000,0.742,0.666
40,PlanOcid,eco3,1174,0.828,1.000,0.600,0.560
40,PlanOcid,eco2,657,0.900,1.000,0.658,0.632
40,PlanOcid,eco1,42,0.292,1.000,0.595,0.209
40,QuerAlba,eco4,1722,0.786,1.000,0.924,0.779
40,QuerAlba,eco3,4199,0.818,1.000,0.869,0.776
40,QuerAlba,eco2,2318,0.889,1.000,0.887,0.833
40,QuerAlba,eco1,135,0.322,1.000,0.797,0.309
40,QuerCocc,eco4,379,0.091,1.000,0.912,0.091
40,QuerCocc,eco3,1229,0.193,1.000,0.836,0.193
40,QuerCocc,eco2,674,0.425,1.000,0.869,0.419
40,QuerCocc,eco1,44,0.000,1.000,0.784,0.000
40,QuerFalc,eco4,1713,0.988,0.000,0.968,0.000
40,QuerFalc,eco3,4083,0.995,0.000,0.945,0.000
40,QuerFalc,eco2,2287,0.999,0.000,0.953,0.000
40,QuerFalc,eco1,131,0.725,1.000,0.931,0.724
40,QuerRubr,eco4,1735,0.067,1.000,0.882,0.067
40,QuerRubr,eco3,4118,0.143,1.000,0.779,0.141
40,QuerRubr,eco2,2294,0.322,1.000,0.816,0.315
40,QuerRubr,eco1,120,0.000,1.000,0.727,0.000
40,QuerPrin,eco4,1694,0.000,1.000,0.910,0.000
40,QuerPrin,eco3,4180,0.000,1.000,0.843,0.000
40,QuerPrin,eco2,2307,0.000,1.000,0.862,0.000
40,QuerPrin,eco1,140,0.000,1.000,0.746,0.000
40,QuerVelu,eco4,414,0.571,1.000,0.899,0.571
40,QuerVelu,eco3,1197,0.626,1.000,0.843,0.613
40,QuerVelu,eco2,708,0.747,1.000,0.880,0.717
40,QuerVelu,eco1,42,0.000,1.000,0.793,0.000
40,QuerStel,eco4,375,0.988,1.000,0.909,0.908
40,QuerStel,eco3,1199,0.995,1.000,0.849,0.849
40,QuerStel,eco2,689,0.999,1.000,0.876,0.876
40,QuerStel,eco1,43,0.725,1.000,0.773,0.604
40,RobiPseu,eco4,16,0.999,1.000,0.890,0.890
40,RobiPseu,eco3,58,1.000,1.000,0.844,0.844
40,RobiPseu,eco2,23,0.995,1.000,0.860,0.860
40,RobiPseu,eco1,6,0.908,1.000,0.329,0.303
40,SassAlid,eco4,371,0.999,1.000,0.912,0.912
40,SassAlid,eco3,1176,1.000,1.000,0.849,0.849
40,SassAlid,eco2,691,0.995,1.000,0.876,0.876
40,SassAlid,eco1,42,0.908,1.000,0.738,0.703
40,TiliAmer,eco4,89468,0.000,1.000,0.772,0.000
40,TiliAmer,eco3,211749,0.000,1.000,0.730,0.000
40,TiliAmer,eco2,118811,0.000,1.000,0.768,0.000
40,TiliAmer,eco1,34068,0.000,1.000,0.657,0.000
40,TiliAmhe,eco4,89452,0.000,1.000,0.772,0.000
40,TiliAmhe,eco3,211754,0.000,1.000,0.730,0.000
40,TiliAmhe,eco2,118804,0.000,1.000,0.768,0.000
40,TiliAmhe,eco1,34074,0.000,1.000,0.657,0.000
40,CaryGlab,eco4,1651,0.999,1.000,0.867,0.867
40,CaryGlab,eco3,4143,1.000,1.000,0.739,0.739
40,CaryGlab,eco2,2293,0.995,1.000,0.775,0.775
40,CaryGlab,eco1,120,0.908,1.000,0.669,0.655
40,CaryCodi,eco4,9,0.586,1.000,0.893,0.582
40,CaryCodi,eco3,51,0.641,1.000,0.834,0.610
40,CaryCodi,eco2,42,0.762,1.000,0.937,0.752
40,CaryCodi,eco1,8,0.000,1.000,0.497,0.000
40,BetuNigr,eco4,15,0.000,1.000,0.745,0.000
40,BetuNigr,eco3,59,0.000,1.000,0.711,0.000
40,BetuNigr,eco2,36,0.000,1.000,0.764,0.000
40,BetuNigr,eco1,5,0.000,1.000,0.193,0.000
40,BetuLent,eco4,368,0.000,1.000,0.849,0.000
40,BetuLent,eco3,1172,0.000,1.000,0.742,0.000
40,BetuLent,eco2,697,0.000,1.000,0.786,0.000
40,BetuLent,eco1,49,0.000,1.000,0.653,0.000
40,BetuAlle,eco4,1741,0.000,1.000,0.860,0.000
40,BetuAlle,eco3,4075,0.000,1.000,0.740,0.000
40,BetuAlle,eco2,2298,0.000,1.000,0.778,0.000
40,BetuAlle,eco1,134,0.000,1.000,0.649,0.000
40,AcerPens,eco4,9432,0.228,1.000,0.962,0.228
40,AcerPens,eco3,22722,0.305,1.000,0.950,0.305
40,AcerPens,eco2,12950,0.483,1.000,0.953,0.483
40,AcerPens,eco1,2209,0.000,1.000,0.931,0.000
40,AmelArbo,eco4,9540,0.854,1.000,0.889,0.814
40,AmelArbo,eco3,22748,0.876,1.000,0.848,0.795
40,AmelArbo,eco2,12800,0.922,1.000,0.859,0.828
40,AmelArbo,eco1,2213,0.552,1.000,0.785,0.528
40,AescBuck,eco4,396,0.000,1.000,0.805,0.000
40,AescBuck,eco3,1174,0.000,1.000,0.681,0.000
40,AescBuck,eco2,721,0.000,1.000,0.735,0.000
40,AescBuck,eco1,46,0.000,1.000,0.689,0.000
40,AcerRubr,eco4,9512,0.952,1.000,0.848,0.841
40,AcerRubr,eco3,22707,0.963,1.000,0.785,0.781
40,AcerRubr,eco2,12865,0.984,1.000,0.807,0.805
40,AcerRubr,eco1,2244,0.774,1.000,0.710,0.664
40,AcerSacc,eco4,89457,0.228,1.000,0.954,0.228
40,AcerSacc,eco3,211739,0.305,1.000,0.948,0.305
40,AcerSacc,eco2,118812,0.483,1.000,0.951,0.483
40,AcerSacc,eco1,34071,0.000,1.000,0.929,0.000
40,TsugCana,eco4,89462,0.000,1.000,0.741,0.000
40,TsugCana,eco3,211762,0.000,1.000,0.695,0.000
40,TsugCana,eco2,118802,0.000,1.000,0.741,0.000
40,TsugCana,eco1,34068,0.000,1.000,0.613,0.000
40,PinuVirg,eco4,10,0.000,1.000,0.841,0.000
40,PinuVirg,eco3,51,0.000,1.000,0.782,0.000
40,PinuVirg,eco2,27,0.000,1.000,0.867,0.000
40,PinuVirg,eco1,6,0.000,1.000,0.328,0.000
40,PinuTaed,eco4,8,0.998,0.000,0.933,0.000
40,PinuTaed,eco3,47,0.991,0.000,0.829,0.000
40,PinuTaed,eco2,34,0.951,0.000,0.881,0.000
40,PinuTaed,eco1,5,0.807,0.000,0.301,0.000
40,PinuStro,eco4,1675,0.000,1.000,0.936,0.000
40,PinuStro,eco3,4106,0.000,1.000,0.886,0.000
40,PinuStro,eco2,2270,0.000,1.000,0.902,0.000
40,PinuStro,eco1,133,0.000,1.000,0.838,0.000
40,PinuRigi,eco4,19,0.000,1.000,0.833,0.000
40,PinuRigi,eco3,62,0.000,1.000,0.850,0.000
40,PinuRigi,eco2,28,0.000,1.000,0.896,0.000
40,PinuRigi,eco1,5,0.000,1.000,0.224,0.000
40,PinuPung,eco4,408,0.000,1.000,0.908,0.000
40,PinuPung,eco3,1192,0.000,1.000,0.851,0.000
40,PinuPung,eco2,702,0.000,1.000,0.878,0.000
40,PinuPung,eco1,49,0.000,1.000,0.752,0.000
40,FrasFirr,eco4,89470,0.000,1.000,0.266,0.000
40,FrasFirr,eco3,211757,0.000,1.000,0.287,0.000
40,FrasFirr,eco2,118816,0.000,1.000,0.353,0.000
40,FrasFirr,eco1,34074,0.000,1.000,0.003,0.000
40,PiceRube,eco4,9495,0.000,1.000,0.893,0.000
40,PiceRube,eco3,22823,0.000,1.000,0.853,0.000
40,PiceRube,eco2,12915,0.000,1.000,0.864,0.000
40,PiceRube,eco1,2164,0.000,1.000,0.795,0.000
40,PinuEnch,eco4,11,0.716,1.000,0.929,0.715
40,PinuEnch,eco3,70,0.774,1.000,0.886,0.752
40,PinuEnch,eco2,28,0.892,1.000,0.923,0.860
40,PinuEnch,eco1,6,0.000,1.000,0.455,0.000
50,CaryOvat,eco4,11,0.757,1.000,0.890,0.688
50,CaryOvat,eco3,114,0.786,1.000,0.859,0.721
50,CaryOvat,eco2,44,0.863,1.000,0.841,0.745
50,CaryOvat,eco1,79,0.143,1.000,0.918,0.134
50,CaryAlba,eco4,11,0.789,1.000,0.916,0.754
50,CaryAlba,eco3,93,0.818,1.000,0.860,0.743
50,CaryAlba,eco2,33,0.892,1.000,0.788,0.724
50,CaryAlba,eco1,88,0.152,1.000,0.944,0.147
50,CornFlor,eco4,4477,0.920,1.000,0.956,0.890
50,CornFlor,eco3,10980,0.935,1.000,0.959,0.907
50,CornFlor,eco2,6025,0.972,1.000,0.946,0.924
50,CornFlor,eco1,1928,0.525,1.000,0.948,0.516
50,FraxPenn,eco4,12,0.834,1.000,0.751,0.640
50,FraxPenn,eco3,97,0.853,1.000,0.790,0.704
50,FraxPenn,eco2,39,0.902,1.000,0.836,0.774
50,FraxPenn,eco1,98,0.448,1.000,0.849,0.395
50,FraxAmer,eco4,4535,0.868,1.000,0.961,0.850
50,FraxAmer,eco3,10910,0.886,1.000,0.964,0.868
50,FraxAmer,eco2,6067,0.932,1.000,0.952,0.896
50,FraxAmer,eco1,1936,0.476,1.000,0.960,0.472
50,FaguGran,eco4,4644,0.728,1.000,0.965,0.718
50,FaguGran,eco3,10949,0.757,1.000,0.963,0.745
50,FaguGran,eco2,6163,0.832,1.000,0.951,0.805
50,FaguGran,eco1,1952,0.163,1.000,0.957,0.161
50,JuglNigr,eco4,0,NaN,NaN,NaN,NaN
50,JuglNigr,eco3,1,0.146,1.000,0.000,0.000
50,JuglNigr,eco2,0,NaN,NaN,NaN,NaN
50,JuglNigr,eco1,7,0.000,1.000,0.680,0.000
50,HaleDipt,eco4,4513,0.999,1.000,0.967,0.966
50,HaleDipt,eco3,10753,1.000,1.000,0.966,0.966
50,HaleDipt,eco2,6099,0.997,1.000,0.959,0.957
50,HaleDipt,eco1,1964,0.866,1.000,0.961,0.850
50,IlexOpac,eco4,4543,0.999,1.000,0.966,0.965
50,IlexOpac,eco3,10934,1.000,1.000,0.966,0.966
50,IlexOpac,eco2,6019,0.997,1.000,0.955,0.952
50,IlexOpac,eco1,1862,0.866,1.000,0.954,0.846
50,LiriTuli,eco4,0,NaN,NaN,NaN,NaN
50,LiriTuli,eco3,9,1.000,1.000,0.864,0.863
50,LiriTuli,eco2,6,0.981,1.000,0.817,0.807
50,LiriTuli,eco1,35,0.673,1.000,0.913,0.631
50,LiquStyr,eco4,2,0.985,1.000,0.775,0.768
50,LiquStyr,eco3,13,0.993,1.000,0.818,0.815
50,LiquStyr,eco2,1,1.000,1.000,0.857,0.857
50,LiquStyr,eco1,36,0.617,1.000,0.921,0.581
50,MagnAcum,eco4,13,0.957,1.000,0.962,0.929
50,MagnAcum,eco3,89,0.969,1.000,0.813,0.797
50,MagnAcum,eco2,33,0.994,1.000,0.881,0.877
50,MagnAcum,eco1,80,0.570,1.000,0.850,0.497
50,MagnMacr,eco4,10,0.957,1.000,0.961,0.922
50,MagnMacr,eco3,91,0.969,1.000,0.845,0.826
50,MagnMacr,eco2,41,0.994,1.000,0.767,0.764
50,MagnMacr,eco1,76,0.570,1.000,0.922,0.541
50,NyssSylv,eco4,4441,0.999,1.000,0.968,0.967
50,NyssSylv,eco3,10895,1.000,1.000,0.966,0.966
50,NyssSylv,eco2,5907,0.997,1.000,0.961,0.958
50,NyssSylv,eco1,1945,0.866,1.000,0.965,0.853
50,OxydArbo,eco4,4501,0.999,1.000,0.966,0.965
50,OxydArbo,eco3,10908,1.000,1.000,0.964,0.963
50,OxydArbo,eco2,5959,0.997,1.000,0.956,0.954
50,OxydArbo,eco1,2008,0.866,1.000,0.960,0.851
50,PrunSero,eco4,0,NaN,NaN,NaN,NaN
50,PrunSero,eco3,11,0.955,1.000,0.787,0.762
50,PrunSero,eco2,6,0.986,1.000,0.862,0.854
50,PrunSero,eco1,34,0.550,1.000,0.900,0.517
50,PrunPenn,eco4,0,NaN,NaN,NaN,NaN
50,PrunPenn,eco3,1,0.000,1.000,0.000,0.000
50,PrunPenn,eco2,0,NaN,NaN,NaN,NaN
50,PrunPenn,eco1,6,0.000,1.000,0.576,0.000
50,PlanOcid,eco4,0,NaN,NaN,NaN,NaN
50,PlanOcid,eco3,8,0.814,1.000,0.632,0.541
50,PlanOcid,eco2,6,0.890,1.000,0.480,0.444
50,PlanOcid,eco1,31,0.135,1.000,0.838,0.113
50,QuerAlba,eco4,15,0.778,1.000,1.000,0.778
50,QuerAlba,eco3,92,0.806,1.000,0.896,0.755
50,QuerAlba,eco2,38,0.879,1.000,0.895,0.806
50,QuerAlba,eco1,86,0.179,1.000,0.941,0.179
50,QuerCocc,eco4,1,0.065,1.000,1.000,0.065
50,QuerCocc,eco3,14,0.153,1.000,0.830,0.142
50,QuerCocc,eco2,4,0.389,1.000,0.781,0.343
50,QuerCocc,eco1,33,0.000,1.000,0.900,0.000
50,QuerFalc,eco4,17,0.985,1.000,0.990,0.977
50,QuerFalc,eco3,103,0.993,1.000,0.974,0.969
50,QuerFalc,eco2,42,1.000,1.000,0.955,0.955
50,QuerFalc,eco1,75,0.617,1.000,0.974,0.617
50,QuerRubr,eco4,10,0.048,1.000,0.920,0.048
50,QuerRubr,eco3,96,0.113,1.000,0.907,0.107
50,QuerRubr,eco2,38,0.294,1.000,0.884,0.271
50,QuerRubr,eco1,93,0.000,1.000,0.931,0.000
50,QuerPrin,eco4,17,0.000,1.000,0.926,0.000
50,QuerPrin,eco3,104,0.000,1.000,0.893,0.000
50,QuerPrin,eco2,37,0.000,1.000,0.902,0.000
50,QuerPrin,eco1,86,0.000,1.000,0.924,0.000
50,QuerVelu,eco4,0,NaN,NaN,NaN,NaN
50,QuerVelu,eco3,11,0.604,1.000,0.770,0.495
50,QuerVelu,eco2,2,0.728,1.000,0.966,0.728
50,QuerVelu,eco1,31,0.000,1.000,0.912,0.000
50,QuerStel,eco4,1,0.985,1.000,1.000,0.985
50,QuerStel,eco3,16,0.993,1.000,0.844,0.842
50,QuerStel,eco2,6,1.000,1.000,0.704,0.704
50,QuerStel,eco1,31,0.617,1.000,0.898,0.572
50,RobiPseu,eco4,0,NaN,NaN,NaN,NaN
50,RobiPseu,eco3,1,1.000,1.000,0.000,0.000
50,RobiPseu,eco2,0,NaN,NaN,NaN,NaN
50,RobiPseu,eco1,4,0.866,1.000,0.440,0.407
50,SassAlid,eco4,0,NaN,NaN,NaN,NaN
50,SassAlid,eco3,11,1.000,1.000,0.891,0.891
50,SassAlid,eco2,9,0.997,1.000,0.971,0.969
50,SassAlid,eco1,33,0.866,1.000,0.901,0.791
50,TiliAmer,eco4,89511,0.000,1.000,0.943,0.000
50,TiliAmer,eco3,212017,0.000,1.000,0.951,0.000
50,TiliAmer,eco2,118969,0.000,1.000,0.942,0.000
50,TiliAmer,eco1,34070,0.000,1.000,0.940,0.000
50,TiliAmhe,eco4,89511,0.000,1.000,0.943,0.000
50,TiliAmhe,eco3,212016,0.000,1.000,0.951,0.000
50,TiliAmhe,eco2,118969,0.000,1.000,0.942,0.000
50,TiliAmhe,eco1,34070,0.000,1.000,0.940,0.000
50,CaryGlab,eco4,8,0.999,1.000,0.868,0.867
50,CaryGlab,eco3,107,1.000,1.000,0.876,0.876
50,CaryGlab,eco2,49,0.997,1.000,0.837,0.835
50,CaryGlab,eco1,81,0.866,1.000,0.910,0.795
50,CaryCodi,eco4,0,NaN,NaN,NaN,NaN
50,CaryCodi,eco3,1,0.619,1.000,0.000,0.000
50,CaryCodi,eco2,0,NaN,NaN,NaN,NaN
50,CaryCodi,eco1,8,0.000,1.000,0.720,0.000
50,BetuNigr,eco4,0,NaN,NaN,NaN,NaN
50,BetuNigr,eco3,1,0.000,1.000,0.000,0.000
50,BetuNigr,eco2,0,NaN,NaN,NaN,NaN
50,BetuNigr,eco1,6,0.000,1.000,0.601,0.000
50,BetuLent,eco4,0,NaN,NaN,NaN,NaN
50,BetuLent,eco3,10,0.000,1.000,0.658,0.000
50,BetuLent,eco2,6,0.000,1.000,0.877,0.000
50,BetuLent,eco1,38,0.000,1.000,0.884,0.000
50,BetuAlle,eco4,18,0.000,1.000,0.950,0.000
50,BetuAlle,eco3,98,0.000,1.000,0.871,0.000
50,BetuAlle,eco2,50,0.000,1.000,0.857,0.000
50,BetuAlle,eco1,78,0.000,1.000,0.918,0.000
50,AcerPens,eco4,4447,0.208,1.000,0.989,0.208
50,AcerPens,eco3,10836,0.275,1.000,0.989,0.275
50,AcerPens,eco2,6084,0.455,1.000,0.987,0.455
50,AcerPens,eco1,1915,0.000,1.000,0.985,0.000
50,AmelArbo,eco4,4472,0.849,1.000,0.970,0.837
50,AmelArbo,eco3,10606,0.867,1.000,0.968,0.854
50,AmelArbo,eco2,6098,0.915,1.000,0.957,0.886
50,AmelArbo,eco1,1991,0.460,1.000,0.955,0.455
50,AescBuck,eco4,0,NaN,NaN,NaN,NaN
50,AescBuck,eco3,8,0.000,1.000,0.679,0.000
50,AescBuck,eco2,3,0.000,1.000,1.000,0.000
50,AescBuck,eco1,38,0.000,1.000,0.879,0.000
50,AcerRubr,eco4,4514,0.950,1.000,0.952,0.911
50,AcerRubr,eco3,10816,0.959,1.000,0.957,0.925
50,AcerRubr,eco2,6019,0.981,1.000,0.944,0.929
50,AcerRubr,eco1,1937,0.714,1.000,0.952,0.701
50,AcerSacc,eco4,89511,0.208,1.000,0.989,0.208
50,AcerSacc,eco3,212016,0.275,1.000,0.990,0.275
50,AcerSacc,eco2,118969,0.455,1.000,0.988,0.455
50,AcerSacc,eco1,34074,0.000,1.000,0.987,0.000
50,TsugCana,eco4,89511,0.000,1.000,0.939,0.000
50,TsugCana,eco3,212016,0.000,1.000,0.947,0.000
50,TsugCana,eco2,118969,0.000,1.000,0.937,0.000
50,TsugCana,eco1,34070,0.000,1.000,0.935,0.000
50,PinuVirg,eco4,0,NaN,NaN,NaN,NaN
50,PinuVirg,eco3,1,0.000,1.000,0.000,0.000
50,PinuVirg,eco2,0,NaN,NaN,NaN,NaN
50,PinuVirg,eco1,8,0.000,1.000,0.708,0.000
50,PinuTaed,eco4,0,NaN,NaN,NaN,NaN
50,PinuTaed,eco3,1,0.994,1.000,0.408,0.408
50,PinuTaed,eco2,0,NaN,NaN,NaN,NaN
50,PinuTaed,eco1,8,0.696,1.000,0.816,0.612
50,PinuStro,eco4,15,0.000,1.000,0.970,0.000
50,PinuStro,eco3,85,0.000,1.000,0.919,0.000
50,PinuStro,eco2,41,0.000,1.000,0.961,0.000
50,PinuStro,eco1,77,0.000,1.000,0.958,0.000
50,PinuRigi,eco4,0,NaN,NaN,NaN,NaN
50,PinuRigi,eco3,1,0.000,1.000,0.151,0.000
50,PinuRigi,eco2,0,NaN,NaN,NaN,NaN
50,PinuRigi,eco1,6,0.000,1.000,0.628,0.000
50,PinuPung,eco4,0,NaN,NaN,NaN,NaN
50,PinuPung,eco3,13,0.000,1.000,0.728,0.000
50,PinuPung,eco2,4,0.000,1.000,0.812,0.000
50,PinuPung,eco1,32,0.000,1.000,0.908,0.000
50,FrasFirr,eco4,89511,0.000,1.000,0.817,0.000
50,FrasFirr,eco3,212016,0.000,1.000,0.807,0.000
50,FrasFirr,eco2,118969,0.000,1.000,0.829,0.000
50,FrasFirr,eco1,34070,0.000,1.000,0.734,0.000
50,PiceRube,eco4,4497,0.000,1.000,0.969,0.000
50,PiceRube,eco3,10940,0.000,1.000,0.969,0.000
50,PiceRube,eco2,6171,0.000,1.000,0.960,0.000
50,PiceRube,eco1,1944,0.000,1.000,0.959,0.000
50,PinuEnch,eco4,0,NaN,NaN,NaN,NaN
50,PinuEnch,eco3,1,0.752,1.000,0.470,0.470
50,PinuEnch,eco2,0,NaN,NaN,NaN,NaN
50,PinuEnch,eco1,7,0.000,1.000,0.812,0.000
60,CaryOvat,eco4,151,0.526,1.000,1.000,0.526
60,CaryOvat,eco3,1007,0.570,1.000,0.977,0.559
60,CaryOvat,eco2,58,0.657,1.000,0.984,0.654
60,CaryOvat,eco1,9025,0.000,1.000,0.995,0.000
60,CaryAlba,eco4,142,0.554,1.000,1.000,0.554
60,CaryAlba,eco3,1002,0.599,1.000,0.982,0.591
60,CaryAlba,eco2,51,0.689,1.000,0.980,0.676
60,CaryAlba,eco1,9048,0.000,1.000,0.994,0.000
60,CornFlor,eco4,5289,0.782,1.000,0.993,0.778
60,CornFlor,eco3,14550,0.810,1.000,0.992,0.805
60,CornFlor,eco2,6095,0.863,1.000,0.981,0.849
60,CornFlor,eco1,16552,0.262,1.000,0.994,0.262
60,FraxPenn,eco4,119,0.687,1.000,0.999,0.687
60,FraxPenn,eco3,1056,0.715,1.000,0.981,0.702
60,FraxPenn,eco2,55,0.770,1.000,0.962,0.742
60,FraxPenn,eco1,9052,0.219,1.000,0.993,0.219
60,FraxAmer,eco4,5187,0.723,1.000,0.994,0.720
60,FraxAmer,eco3,14456,0.751,1.000,0.991,0.745
60,FraxAmer,eco2,6136,0.807,1.000,0.985,0.797
60,FraxAmer,eco1,16624,0.235,1.000,0.995,0.234
60,FaguGran,eco4,5175,0.511,1.000,0.993,0.509
60,FaguGran,eco3,14454,0.552,1.000,0.991,0.548
60,FaguGran,eco2,6063,0.634,1.000,0.983,0.626
60,FaguGran,eco1,16644,0.000,1.000,0.995,0.000
60,JuglNigr,eco4,0,NaN,NaN,NaN,NaN
60,JuglNigr,eco3,5,0.000,1.000,0.800,0.000
60,JuglNigr,eco2,0,NaN,NaN,NaN,NaN
60,JuglNigr,eco1,1871,0.000,1.000,0.997,0.000
60,HaleDipt,eco4,5243,0.965,1.000,0.993,0.960
60,HaleDipt,eco3,14503,0.974,1.000,0.991,0.965
60,HaleDipt,eco2,5970,0.988,1.000,0.986,0.975
60,HaleDipt,eco1,16670,0.747,1.000,0.995,0.745
60,IlexOpac,eco4,5333,0.965,1.000,0.993,0.959
60,IlexOpac,eco3,14556,0.974,1.000,0.991,0.966
60,IlexOpac,eco2,6031,0.988,1.000,0.983,0.972
60,IlexOpac,eco1,16579,0.747,1.000,0.995,0.745
60,LiriTuli,eco4,44,0.927,1.000,1.000,0.927
60,LiriTuli,eco3,241,0.948,1.000,0.978,0.928
60,LiriTuli,eco2,2,0.981,1.000,1.000,0.981
60,LiriTuli,eco1,7256,0.355,1.000,0.997,0.354
60,LiquStyr,eco4,39,0.880,1.000,1.000,0.880
60,LiquStyr,eco3,229,0.905,1.000,0.972,0.880
60,LiquStyr,eco2,3,0.948,1.000,1.000,0.948
60,LiquStyr,eco1,7233,0.316,1.000,0.997,0.315
60,MagnAcum,eco4,139,0.832,1.000,1.000,0.832
60,MagnAcum,eco3,1015,0.859,1.000,0.984,0.846
60,MagnAcum,eco2,48,0.908,1.000,0.973,0.885
60,MagnAcum,eco1,9013,0.288,1.000,0.995,0.286
60,MagnMacr,eco4,131,0.832,1.000,1.000,0.832
60,MagnMacr,eco3,1061,0.859,1.000,0.984,0.845
60,MagnMacr,eco2,44,0.908,1.000,1.000,0.908
60,MagnMacr,eco1,9038,0.288,1.000,0.994,0.286
60,NyssSylv,eco4,5137,0.965,1.000,0.994,0.961
60,NyssSylv,eco3,14536,0.974,1.000,0.992,0.967
60,NyssSylv,eco2,6199,0.988,1.000,0.985,0.974
60,NyssSylv,eco1,16599,0.747,1.000,0.995,0.745
60,OxydArbo,eco4,5207,0.965,1.000,0.993,0.959
60,OxydArbo,eco3,14566,0.974,1.000,0.991,0.966
60,OxydArbo,eco2,6046,0.988,1.000,0.983,0.972
60,OxydArbo,eco1,16689,0.747,1.000,0.995,0.745
60,PrunSero,eco4,44,0.810,1.000,1.000,0.810
60,PrunSero,eco3,239,0.837,1.000,0.980,0.822
60,PrunSero,eco2,6,0.889,1.000,0.993,0.889
60,PrunSero,eco1,7241,0.276,1.000,0.997,0.276
60,PrunPenn,eco4,0,NaN,NaN,NaN,NaN
60,PrunPenn,eco3,5,0.000,1.000,0.800,0.000
60,PrunPenn,eco2,0,NaN,NaN,NaN,NaN
60,PrunPenn,eco1,1867,0.000,1.000,0.995,0.000
60,PlanOcid,eco4,35,0.544,1.000,1.000,0.544
60,PlanOcid,eco3,244,0.591,1.000,0.986,0.584
60,PlanOcid,eco2,6,0.682,1.000,0.833,0.569
60,PlanOcid,eco1,7185,0.000,1.000,0.995,0.000
60,QuerAlba,eco4,131,0.553,1.000,1.000,0.553
60,QuerAlba,eco3,1023,0.596,1.000,0.983,0.587
60,QuerAlba,eco2,46,0.681,1.000,0.950,0.652
60,QuerAlba,eco1,9029,0.000,1.000,0.996,0.000
60,QuerCocc,eco4,33,0.000,1.000,1.000,0.000
60,QuerCocc,eco3,254,0.000,1.000,0.974,0.000
60,QuerCocc,eco2,3,0.000,1.000,0.667,0.000
60,QuerCocc,eco1,7197,0.000,1.000,0.997,0.000
60,QuerFalc,eco4,139,0.880,1.000,1.000,0.880
60,QuerFalc,eco3,1001,0.905,1.000,0.995,0.902
60,QuerFalc,eco2,53,0.948,1.000,0.992,0.942
60,QuerFalc,eco1,9028,0.316,1.000,0.999,0.316
60,QuerRubr,eco4,152,0.000,1.000,0.999,0.000
60,QuerRubr,eco3,1020,0.000,1.000,0.984,0.000
60,QuerRubr,eco2,60,0.000,1.000,0.960,0.000
60,QuerRubr,eco1,9034,0.000,1.000,0.995,0.000
60,QuerPrin,eco4,144,0.000,1.000,0.999,0.000
60,QuerPrin,eco3,1019,0.000,1.000,0.985,0.000
60,QuerPrin,eco2,52,0.000,1.000,0.960,0.000
60,QuerPrin,eco1,9039,0.000,1.000,0.996,0.000
60,QuerVelu,eco4,43,0.200,1.000,1.000,0.200
60,QuerVelu,eco3,263,0.267,1.000,0.973,0.260
60,QuerVelu,eco2,5,0.402,1.000,1.000,0.402
60,QuerVelu,eco1,7227,0.000,1.000,0.997,0.000
60,QuerStel,eco4,32,0.880,1.000,1.000,0.880
60,QuerStel,eco3,241,0.905,1.000,0.982,0.889
60,QuerStel,eco2,5,0.948,1.000,0.890,0.849
60,QuerStel,eco1,7224,0.316,1.000,0.997,0.315
60,RobiPseu,eco4,0,NaN,NaN,NaN,NaN
60,RobiPseu,eco3,3,0.974,1.000,0.667,0.649
60,RobiPseu,eco2,0,NaN,NaN,NaN,NaN
60,RobiPseu,eco1,1891,0.747,1.000,0.997,0.745
60,SassAlid,eco4,47,0.965,1.000,1.000,0.965
60,SassAlid,eco3,240,0.974,1.000,0.973,0.948
60,SassAlid,eco2,5,0.988,1.000,1.000,0.988
60,SassAlid,eco1,7218,0.747,1.000,0.997,0.745
60,TiliAmer,eco4,89511,0.000,1.000,0.991,0.000
60,TiliAmer,eco3,212000,0.000,1.000,0.990,0.000
60,TiliAmer,eco2,118968,0.000,1.000,0.980,0.000
60,TiliAmer,eco1,30170,0.000,1.000,0.985,0.000
60,TiliAmhe,eco4,89511,0.000,1.000,0.991,0.000
60,TiliAmhe,eco3,211996,0.000,1.000,0.990,0.000
60,TiliAmhe,eco2,118968,0.000,1.000,0.980,0.000
60,TiliAmhe,eco1,30127,0.000,1.000,0.985,0.000
60,CaryGlab,eco4,125,0.965,1.000,1.000,0.965
60,CaryGlab,eco3,1031,0.974,1.000,0.979,0.954
60,CaryGlab,eco2,53,0.988,1.000,0.982,0.971
60,CaryGlab,eco1,9007,0.747,1.000,0.995,0.744
60,CaryCodi,eco4,0,NaN,NaN,NaN,NaN
60,CaryCodi,eco3,8,0.275,1.000,0.875,0.241
60,CaryCodi,eco2,0,NaN,NaN,NaN,NaN
60,CaryCodi,eco1,1890,0.000,1.000,0.997,0.000
60,BetuNigr,eco4,0,NaN,NaN,NaN,NaN
60,BetuNigr,eco3,9,0.000,1.000,0.778,0.000
60,BetuNigr,eco2,1,0.000,1.000,1.000,0.000
60,BetuNigr,eco1,1873,0.000,1.000,0.996,0.000
60,BetuLent,eco4,43,0.000,1.000,1.000,0.000
60,BetuLent,eco3,234,0.000,1.000,0.986,0.000
60,BetuLent,eco2,4,0.000,1.000,0.887,0.000
60,BetuLent,eco1,7233,0.000,1.000,0.996,0.000
60,BetuAlle,eco4,128,0.000,1.000,1.000,0.000
60,BetuAlle,eco3,1037,0.000,1.000,0.983,0.000
60,BetuAlle,eco2,50,0.000,1.000,0.962,0.000
60,BetuAlle,eco1,9009,0.000,1.000,0.995,0.000
60,AcerPens,eco4,5308,0.000,1.000,0.998,0.000
60,AcerPens,eco3,14658,0.000,1.000,0.997,0.000
60,AcerPens,eco2,5936,0.000,1.000,0.995,0.000
60,AcerPens,eco1,16674,0.000,1.000,0.998,0.000
60,AmelArbo,eco4,5221,0.702,1.000,0.993,0.699
60,AmelArbo,eco3,14425,0.730,1.000,0.992,0.725
60,AmelArbo,eco2,6091,0.786,1.000,0.983,0.775
60,AmelArbo,eco1,16576,0.226,1.000,0.995,0.225
60,AescBuck,eco4,49,0.000,1.000,1.000,0.000
60,AescBuck,eco3,250,0.000,1.000,0.978,0.000
60,AescBuck,eco2,5,0.000,1.000,0.890,0.000
60,AescBuck,eco1,7168,0.000,1.000,0.995,0.000
60,AcerRubr,eco4,5130,0.867,1.000,0.994,0.863
60,AcerRubr,eco3,14651,0.884,1.000,0.991,0.876
60,AcerRubr,eco2,6036,0.916,1.000,0.980,0.899
60,AcerRubr,eco1,16543,0.558,1.000,0.994,0.556
60,AcerSacc,eco4,89511,0.000,1.000,0.998,0.000
60,AcerSacc,eco3,211991,0.000,1.000,0.997,0.000
60,AcerSacc,eco2,118968,0.000,1.000,0.995,0.000
60,AcerSacc,eco1,30177,0.000,1.000,0.996,0.000
60,TsugCana,eco4,89511,0.000,1.000,0.991,0.000
60,TsugCana,eco3,212000,0.000,1.000,0.990,0.000
60,TsugCana,eco2,118968,0.000,1.000,0.979,0.000
60,TsugCana,eco1,30226,0.000,1.000,0.984,0.000
60,PinuVirg,eco4,0,NaN,NaN,NaN,NaN
60,PinuVirg,eco3,6,0.000,1.000,0.826,0.000
60,PinuVirg,eco2,0,NaN,NaN,NaN,NaN
60,PinuVirg,eco1,1896,0.000,1.000,0.996,0.000
60,PinuTaed,eco4,0,NaN,NaN,NaN,NaN
60,PinuTaed,eco3,6,0.966,1.000,0.833,0.805
60,PinuTaed,eco2,0,NaN,NaN,NaN,NaN
60,PinuTaed,eco1,1921,0.366,1.000,0.997,0.366
60,PinuStro,eco4,134,0.000,1.000,1.000,0.000
60,PinuStro,eco3,971,0.000,1.000,0.984,0.000
60,PinuStro,eco2,56,0.000,1.000,0.967,0.000
60,PinuStro,eco1,9018,0.000,1.000,0.997,0.000
60,PinuRigi,eco4,0,NaN,NaN,NaN,NaN
60,PinuRigi,eco3,6,0.000,1.000,0.833,0.000
60,PinuRigi,eco2,0,NaN,NaN,NaN,NaN
60,PinuRigi,eco1,1867,0.000,1.000,0.997,0.000
60,PinuPung,eco4,44,0.000,1.000,1.000,0.000
60,PinuPung,eco3,226,0.000,1.000,0.968,0.000
60,PinuPung,eco2,4,0.000,1.000,0.618,0.000
60,PinuPung,eco1,7217,0.000,1.000,0.997,0.000
60,FrasFirr,eco4,89511,0.000,1.000,0.975,0.000
60,FrasFirr,eco3,211994,0.000,1.000,0.978,0.000
60,FrasFirr,eco2,118968,0.000,1.000,0.957,0.000
60,FrasFirr,eco1,30111,0.000,1.000,0.961,0.000
60,PiceRube,eco4,5345,0.000,1.000,0.993,0.000
60,PiceRube,eco3,14474,0.000,1.000,0.991,0.000
60,PiceRube,eco2,6037,0.000,1.000,0.984,0.000
60,PiceRube,eco1,16597,0.000,1.000,0.995,0.000
60,PinuEnch,eco4,0,NaN,NaN,NaN,NaN
60,PinuEnch,eco3,7,0.351,1.000,0.857,0.301
60,PinuEnch,eco2,0,NaN,NaN,NaN,NaN
60,PinuEnch,eco1,1927,0.000,1.000,0.998,0.000
70,CaryOvat,eco4,796,0.546,1.000,0.935,0.534
70,CaryOvat,eco3,2565,0.585,1.000,0.873,0.551
70,CaryOvat,eco2,4750,0.692,1.000,0.886,0.647
70,CaryOvat,eco1,89,0.000,1.000,0.822,0.000
70,CaryAlba,eco4,776,0.574,1.000,0.935,0.559
70,CaryAlba,eco3,2671,0.616,1.000,0.873,0.578
70,CaryAlba,eco2,4742,0.725,1.000,0.888,0.675
70,CaryAlba,eco1,84,0.000,1.000,0.809,0.000
70,CornFlor,eco4,7619,0.795,1.000,0.949,0.770
70,CornFlor,eco3,23324,0.820,1.000,0.923,0.781
70,CornFlor,eco2,19134,0.884,1.000,0.925,0.831
70,CornFlor,eco1,2068,0.296,1.000,0.925,0.289
70,FraxPenn,eco4,788,0.700,1.000,0.885,0.626
70,FraxPenn,eco3,2682,0.725,1.000,0.774,0.575
70,FraxPenn,eco2,4774,0.793,1.000,0.803,0.647
70,FraxPenn,eco1,90,0.248,1.000,0.757,0.204
70,FraxAmer,eco4,7614,0.736,1.000,0.956,0.723
70,FraxAmer,eco3,23197,0.761,1.000,0.935,0.741
70,FraxAmer,eco2,19063,0.828,1.000,0.935,0.794
70,FraxAmer,eco1,2021,0.265,1.000,0.935,0.262
70,FaguGran,eco4,7571,0.529,1.000,0.956,0.524
70,FaguGran,eco3,23134,0.566,1.000,0.934,0.556
70,FaguGran,eco2,19078,0.667,1.000,0.936,0.650
70,FaguGran,eco1,2085,0.000,1.000,0.934,0.000
70,JuglNigr,eco4,3,0.000,1.000,1.000,0.000
70,JuglNigr,eco3,7,0.000,1.000,0.644,0.000
70,JuglNigr,eco2,128,0.000,1.000,0.857,0.000
70,JuglNigr,eco1,2,0.000,1.000,0.493,0.000
70,HaleDipt,eco4,7642,0.969,1.000,0.959,0.933
70,HaleDipt,eco3,23336,0.977,1.000,0.940,0.923
70,HaleDipt,eco2,19121,0.993,1.000,0.940,0.935
70,HaleDipt,eco1,1997,0.763,1.000,0.933,0.740
70,IlexOpac,eco4,7733,0.969,1.000,0.959,0.933
70,IlexOpac,eco3,23301,0.977,1.000,0.938,0.920
70,IlexOpac,eco2,19078,0.993,1.000,0.941,0.936
70,IlexOpac,eco1,2008,0.763,1.000,0.937,0.742
70,LiriTuli,eco4,179,0.937,1.000,0.953,0.900
70,LiriTuli,eco3,658,0.955,1.000,0.910,0.879
70,LiriTuli,eco2,1747,0.990,1.000,0.915,0.908
70,LiriTuli,eco1,20,0.397,1.000,0.808,0.337
70,LiquStyr,eco4,206,0.891,1.000,0.942,0.855
70,LiquStyr,eco3,709,0.913,1.000,0.911,0.850
70,LiquStyr,eco2,1768,0.963,1.000,0.915,0.889
70,LiquStyr,eco1,20,0.355,1.000,0.741,0.302
70,MagnAcum,eco4,799,0.844,1.000,0.909,0.777
70,MagnAcum,eco3,2667,0.868,1.000,0.831,0.738
70,MagnAcum,eco2,4746,0.927,1.000,0.856,0.802
70,MagnAcum,eco1,95,0.324,1.000,0.822,0.286
70,MagnMacr,eco4,827,0.844,1.000,0.917,0.784
70,MagnMacr,eco3,2596,0.868,1.000,0.842,0.747
70,MagnMacr,eco2,4778,0.927,1.000,0.853,0.798
70,MagnMacr,eco1,91,0.324,1.000,0.861,0.292
70,NyssSylv,eco4,7565,0.969,1.000,0.960,0.934
70,NyssSylv,eco3,23218,0.977,1.000,0.940,0.922
70,NyssSylv,eco2,19117,0.993,1.000,0.941,0.936
70,NyssSylv,eco1,2097,0.763,1.000,0.935,0.740
70,OxydArbo,eco4,7647,0.969,1.000,0.958,0.932
70,OxydArbo,eco3,23136,0.977,1.000,0.939,0.922
70,OxydArbo,eco2,19068,0.993,1.000,0.941,0.936
70,OxydArbo,eco1,2049,0.763,1.000,0.934,0.740
70,PrunSero,eco4,190,0.822,1.000,0.960,0.803
70,PrunSero,eco3,716,0.847,1.000,0.914,0.803
70,PrunSero,eco2,1732,0.908,1.000,0.910,0.845
70,PrunSero,eco1,25,0.311,1.000,0.864,0.274
70,PrunPenn,eco4,3,0.000,1.000,1.000,0.000
70,PrunPenn,eco3,6,0.000,1.000,0.579,0.000
70,PrunPenn,eco2,119,0.000,1.000,0.701,0.000
70,PrunPenn,eco1,1,0.000,1.000,0.000,0.000
70,PlanOcid,eco4,222,0.565,1.000,0.863,0.495
70,PlanOcid,eco3,709,0.607,1.000,0.770,0.489
70,PlanOcid,eco2,1719,0.719,1.000,0.758,0.559
70,PlanOcid,eco1,23,0.000,1.000,0.851,0.000
70,QuerAlba,eco4,792,0.573,1.000,0.964,0.571
70,QuerAlba,eco3,2625,0.612,1.000,0.922,0.596
70,QuerAlba,eco2,4699,0.715,1.000,0.937,0.703
70,QuerAlba,eco1,83,0.000,1.000,0.870,0.000
70,QuerCocc,eco4,195,0.000,1.000,0.950,0.000
70,QuerCocc,eco3,638,0.000,1.000,0.908,0.000
70,QuerCocc,eco2,1751,0.000,1.000,0.905,0.000
70,QuerCocc,eco1,13,0.000,1.000,0.735,0.000
70,QuerFalc,eco4,762,0.891,1.000,0.985,0.889
70,QuerFalc,eco3,2516,0.913,1.000,0.968,0.904
70,QuerFalc,eco2,4742,0.963,0.000,0.975,0.000
70,QuerFalc,eco1,88,0.355,1.000,0.950,0.355
70,QuerRubr,eco4,753,0.000,1.000,0.937,0.000
70,QuerRubr,eco3,2637,0.000,1.000,0.887,0.000
70,QuerRubr,eco2,4718,0.000,1.000,0.902,0.000
70,QuerRubr,eco1,72,0.000,1.000,0.829,0.000
70,QuerPrin,eco4,773,0.000,1.000,0.962,0.000
70,QuerPrin,eco3,2704,0.000,1.000,0.916,0.000
70,QuerPrin,eco2,4738,0.000,1.000,0.921,0.000
70,QuerPrin,eco1,79,0.000,1.000,0.876,0.000
70,QuerVelu,eco4,189,0.230,1.000,0.958,0.229
70,QuerVelu,eco3,694,0.291,1.000,0.904,0.281
70,QuerVelu,eco2,1796,0.456,1.000,0.918,0.448
70,QuerVelu,eco1,16,0.000,1.000,0.735,0.000
70,QuerStel,eco4,188,0.891,1.000,0.957,0.865
70,QuerStel,eco3,680,0.913,1.000,0.903,0.842
70,QuerStel,eco2,1741,0.963,1.000,0.916,0.890
70,QuerStel,eco1,21,0.355,1.000,0.807,0.321
70,RobiPseu,eco4,3,0.969,1.000,1.000,0.969
70,RobiPseu,eco3,5,0.977,1.000,0.605,0.595
70,RobiPseu,eco2,127,0.993,1.000,0.846,0.842
70,RobiPseu,eco1,1,0.763,1.000,0.000,0.000
70,SassAlid,eco4,204,0.969,1.000,0.966,0.941
70,SassAlid,eco3,658,0.977,1.000,0.902,0.887
70,SassAlid,eco2,1767,0.993,1.000,0.907,0.902
70,SassAlid,eco1,20,0.763,1.000,0.720,0.577
70,TiliAmer,eco4,89494,0.000,1.000,0.926,0.000
70,TiliAmer,eco3,211983,0.000,1.000,0.920,0.000
70,TiliAmer,eco2,118445,0.000,1.000,0.907,0.000
70,TiliAmer,eco1,34083,0.000,1.000,0.909,0.000
70,TiliAmhe,eco4,89497,0.000,1.000,0.926,0.000
70,TiliAmhe,eco3,211984,0.000,1.000,0.920,0.000
70,TiliAmhe,eco2,118436,0.000,1.000,0.907,0.000
70,TiliAmhe,eco1,34082,0.000,1.000,0.909,0.000
70,CaryGlab,eco4,751,0.969,1.000,0.931,0.906
70,CaryGlab,eco3,2575,0.977,1.000,0.878,0.862
70,CaryGlab,eco2,4772,0.993,1.000,0.885,0.880
70,CaryGlab,eco1,92,0.763,1.000,0.834,0.667
70,CaryCodi,eco4,4,0.237,1.000,1.000,0.237
70,CaryCodi,eco3,10,0.299,1.000,0.703,0.240
70,CaryCodi,eco2,128,0.469,1.000,0.877,0.437
70,CaryCodi,eco1,1,0.000,1.000,0.000,0.000
70,BetuNigr,eco4,2,0.000,1.000,1.000,0.000
70,BetuNigr,eco3,5,0.000,1.000,0.800,0.000
70,BetuNigr,eco2,124,0.000,1.000,0.745,0.000
70,BetuNigr,eco1,1,0.000,1.000,0.000,0.000
70,BetuLent,eco4,209,0.000,1.000,0.914,0.000
70,BetuLent,eco3,668,0.000,1.000,0.862,0.000
70,BetuLent,eco2,1745,0.000,1.000,0.872,0.000
70,BetuLent,eco1,22,0.000,1.000,0.817,0.000
70,BetuAlle,eco4,781,0.000,1.000,0.928,0.000
70,BetuAlle,eco3,2665,0.000,1.000,0.871,0.000
70,BetuAlle,eco2,4801,0.000,1.000,0.887,0.000
70,BetuAlle,eco1,88,0.000,1.000,0.812,0.000
70,AcerPens,eco4,7718,0.000,1.000,0.987,0.000
70,AcerPens,eco3,23188,0.000,1.000,0.980,0.000
70,AcerPens,eco2,19052,0.067,1.000,0.981,0.067
70,AcerPens,eco1,2046,0.000,1.000,0.980,0.000
70,AmelArbo,eco4,7592,0.715,1.000,0.961,0.707
70,AmelArbo,eco3,23212,0.740,1.000,0.939,0.724
70,AmelArbo,eco2,19064,0.808,1.000,0.940,0.782
70,AmelArbo,eco1,2044,0.255,1.000,0.931,0.251
70,AescBuck,eco4,193,0.000,1.000,0.903,0.000
70,AescBuck,eco3,727,0.000,1.000,0.855,0.000
70,AescBuck,eco2,1780,0.000,1.000,0.843,0.000
70,AescBuck,eco1,20,0.000,1.000,0.713,0.000
70,AcerRubr,eco4,7631,0.874,1.000,0.942,0.834
70,AcerRubr,eco3,23205,0.889,1.000,0.918,0.832
70,AcerRubr,eco2,19024,0.928,1.000,0.919,0.862
70,AcerRubr,eco1,2029,0.578,1.000,0.914,0.555
70,AcerSacc,eco4,89491,0.000,1.000,0.986,0.000
70,AcerSacc,eco3,211987,0.000,1.000,0.984,0.000
70,AcerSacc,eco2,118444,0.067,1.000,0.981,0.067
70,AcerSacc,eco1,34082,0.000,1.000,0.981,0.000
70,TsugCana,eco4,89492,0.000,1.000,0.919,0.000
70,TsugCana,eco3,211981,0.000,1.000,0.912,0.000
70,TsugCana,eco2,118415,0.000,1.000,0.899,0.000
70,TsugCana,eco1,34082,0.000,1.000,0.898,0.000
70,PinuVirg,eco4,7,0.000,1.000,0.889,0.000
70,PinuVirg,eco3,7,0.000,1.000,0.714,0.000
70,PinuVirg,eco2,130,0.000,1.000,0.794,0.000
70,PinuVirg,eco1,1,0.000,1.000,0.000,0.000
70,PinuTaed,eco4,8,0.956,0.000,0.786,0.000
70,PinuTaed,eco3,3,0.971,0.000,0.667,0.000
70,PinuTaed,eco2,113,0.998,0.000,0.868,0.000
70,PinuTaed,eco1,2,0.410,1.000,0.494,0.205
70,PinuStro,eco4,789,0.000,1.000,0.968,0.000
70,PinuStro,eco3,2627,0.000,1.000,0.931,0.000
70,PinuStro,eco2,4767,0.000,1.000,0.945,0.000
70,PinuStro,eco1,81,0.000,1.000,0.848,0.000
70,PinuRigi,eco4,1,0.000,1.000,1.000,0.000
70,PinuRigi,eco3,5,0.000,1.000,0.800,0.000
70,PinuRigi,eco2,132,0.000,1.000,0.853,0.000
70,PinuRigi,eco1,1,0.000,1.000,0.000,0.000
70,PinuPung,eco4,200,0.000,1.000,0.964,0.000
70,PinuPung,eco3,733,0.000,1.000,0.907,0.000
70,PinuPung,eco2,1765,0.000,1.000,0.916,0.000
70,PinuPung,eco1,22,0.000,1.000,0.854,0.000
70,FrasFirr,eco4,89491,0.000,1.000,0.864,0.000
70,FrasFirr,eco3,211988,0.000,1.000,0.825,0.000
70,FrasFirr,eco2,118485,0.000,1.000,0.833,0.000
70,FrasFirr,eco1,34081,0.000,1.000,0.741,0.000
70,PiceRube,eco4,7580,0.000,1.000,0.962,0.000
70,PiceRube,eco3,23126,0.000,1.000,0.941,0.000
70,PiceRube,eco2,19014,0.000,1.000,0.943,0.000
70,PiceRube,eco1,2102,0.000,1.000,0.942,0.000
70,PinuEnch,eco4,5,0.304,1.000,1.000,0.304
70,PinuEnch,eco3,8,0.382,1.000,0.771,0.337
70,PinuEnch,eco2,129,0.584,1.000,0.889,0.558
70,PinuEnch,eco1,2,0.000,1.000,0.000,0.000
80,CaryOvat,eco4,680,0.526,1.000,0.990,0.522
80,CaryOvat,eco3,1731,0.570,1.000,0.979,0.560
80,CaryOvat,eco2,717,0.657,1.000,0.966,0.644
80,CaryOvat,eco1,1685,0.000,1.000,0.983,0.000
80,CaryAlba,eco4,688,0.554,1.000,0.995,0.552
80,CaryAlba,eco3,1652,0.599,1.000,0.976,0.588
80,CaryAlba,eco2,709,0.689,1.000,0.969,0.674
80,CaryAlba,eco1,1740,0.000,1.000,0.983,0.000
80,CornFlor,eco4,6722,0.782,1.000,0.994,0.779
80,CornFlor,eco3,18461,0.810,1.000,0.989,0.803
80,CornFlor,eco2,9157,0.863,1.000,0.985,0.853
80,CornFlor,eco1,7442,0.262,1.000,0.990,0.261
80,FraxPenn,eco4,677,0.687,1.000,0.987,0.679
80,FraxPenn,eco3,1686,0.715,1.000,0.968,0.695
80,FraxPenn,eco2,638,0.770,1.000,0.940,0.726
80,FraxPenn,eco1,1729,0.219,1.000,0.973,0.217
80,FraxAmer,eco4,6650,0.723,1.000,0.993,0.720
80,FraxAmer,eco3,18209,0.751,1.000,0.989,0.745
80,FraxAmer,eco2,9160,0.807,1.000,0.985,0.798
80,FraxAmer,eco1,7494,0.235,1.000,0.991,0.234
80,FaguGran,eco4,6712,0.511,1.000,0.993,0.508
80,FaguGran,eco3,18405,0.552,1.000,0.989,0.547
80,FaguGran,eco2,9196,0.634,1.000,0.984,0.627
80,FaguGran,eco1,7490,0.000,1.000,0.990,0.000
80,JuglNigr,eco4,0,NaN,NaN,NaN,NaN
80,JuglNigr,eco3,2,0.000,1.000,0.500,0.000
80,JuglNigr,eco2,3,0.000,1.000,0.667,0.000
80,JuglNigr,eco1,38,0.000,1.000,0.836,0.000
80,HaleDipt,eco4,6685,0.965,1.000,0.994,0.960
80,HaleDipt,eco3,18142,0.974,1.000,0.990,0.965
80,HaleDipt,eco2,9214,0.988,1.000,0.983,0.972
80,HaleDipt,eco1,7421,0.747,1.000,0.990,0.743
80,IlexOpac,eco4,6770,0.965,1.000,0.993,0.960
80,IlexOpac,eco3,18564,0.974,1.000,0.989,0.964
80,IlexOpac,eco2,9106,0.988,1.000,0.984,0.973
80,IlexOpac,eco1,7488,0.747,1.000,0.991,0.743
80,LiriTuli,eco4,125,0.927,1.000,0.989,0.919
80,LiriTuli,eco3,417,0.948,1.000,0.960,0.911
80,LiriTuli,eco2,163,0.981,1.000,0.974,0.957
80,LiriTuli,eco1,647,0.355,1.000,0.983,0.350
80,LiquStyr,eco4,121,0.880,1.000,0.990,0.873
80,LiquStyr,eco3,369,0.905,1.000,0.970,0.879
80,LiquStyr,eco2,145,0.948,1.000,0.973,0.925
80,LiquStyr,eco1,654,0.316,1.000,0.982,0.311
80,MagnAcum,eco4,688,0.832,1.000,0.995,0.829
80,MagnAcum,eco3,1781,0.859,1.000,0.977,0.840
80,MagnAcum,eco2,690,0.908,1.000,0.966,0.879
80,MagnAcum,eco1,1691,0.288,1.000,0.979,0.284
80,MagnMacr,eco4,688,0.832,1.000,0.994,0.828
80,MagnMacr,eco3,1682,0.859,1.000,0.975,0.839
80,MagnMacr,eco2,691,0.908,1.000,0.966,0.879
80,MagnMacr,eco1,1673,0.288,1.000,0.980,0.285
80,NyssSylv,eco4,6695,0.965,1.000,0.994,0.960
80,NyssSylv,eco3,18375,0.974,1.000,0.990,0.965
80,NyssSylv,eco2,9187,0.988,1.000,0.985,0.974
80,NyssSylv,eco1,7561,0.747,1.000,0.991,0.743
80,OxydArbo,eco4,6578,0.965,1.000,0.994,0.960
80,OxydArbo,eco3,18274,0.974,1.000,0.990,0.965
80,OxydArbo,eco2,9114,0.988,1.000,0.984,0.973
80,OxydArbo,eco1,7486,0.747,1.000,0.991,0.743
80,PrunSero,eco4,115,0.810,1.000,0.991,0.803
80,PrunSero,eco3,399,0.837,1.000,0.962,0.808
80,PrunSero,eco2,151,0.889,1.000,0.970,0.866
80,PrunSero,eco1,654,0.276,1.000,0.981,0.272
80,PrunPenn,eco4,0,NaN,NaN,NaN,NaN
80,PrunPenn,eco3,2,0.000,1.000,0.000,0.000
80,PrunPenn,eco2,2,0.000,1.000,0.500,0.000
80,PrunPenn,eco1,40,0.000,1.000,0.779,0.000
80,PlanOcid,eco4,120,0.544,1.000,0.981,0.535
80,PlanOcid,eco3,390,0.591,1.000,0.963,0.571
80,PlanOcid,eco2,150,0.682,1.000,0.953,0.651
80,PlanOcid,eco1,629,0.000,1.000,0.975,0.000
80,QuerAlba,eco4,700,0.553,1.000,0.994,0.551
80,QuerAlba,eco3,1692,0.596,1.000,0.978,0.586
80,QuerAlba,eco2,670,0.681,1.000,0.977,0.672
80,QuerAlba,eco1,1729,0.000,1.000,0.986,0.000
80,QuerCocc,eco4,121,0.000,1.000,0.992,0.000
80,QuerCocc,eco3,357,0.000,1.000,0.957,0.000
80,QuerCocc,eco2,149,0.000,1.000,0.973,0.000
80,QuerCocc,eco1,690,0.000,1.000,0.981,0.000
80,QuerFalc,eco4,711,0.880,1.000,0.998,0.879
80,QuerFalc,eco3,1682,0.905,1.000,0.992,0.900
80,QuerFalc,eco2,693,0.948,1.000,0.993,0.943
80,QuerFalc,eco1,1656,0.316,1.000,0.995,0.316
80,QuerRubr,eco4,689,0.000,1.000,0.995,0.000
80,QuerRubr,eco3,1702,0.000,1.000,0.977,0.000
80,QuerRubr,eco2,705,0.000,1.000,0.976,0.000
80,QuerRubr,eco1,1701,0.000,1.000,0.984,0.000
80,QuerPrin,eco4,678,0.000,1.000,0.996,0.000
80,QuerPrin,eco3,1687,0.000,1.000,0.980,0.000
80,QuerPrin,eco2,661,0.000,1.000,0.978,0.000
80,QuerPrin,eco1,1704,0.000,1.000,0.984,0.000
80,QuerVelu,eco4,108,0.200,1.000,0.987,0.198
80,QuerVelu,eco3,414,0.267,1.000,0.967,0.260
80,QuerVelu,eco2,151,0.402,1.000,0.962,0.391
80,QuerVelu,eco1,621,0.000,1.000,0.980,0.000
80,QuerStel,eco4,124,0.880,1.000,0.992,0.873
80,QuerStel,eco3,370,0.905,1.000,0.964,0.874
80,QuerStel,eco2,161,0.948,1.000,0.959,0.912
80,QuerStel,eco1,623,0.316,1.000,0.981,0.311
80,RobiPseu,eco4,0,NaN,NaN,NaN,NaN
80,RobiPseu,eco3,2,0.974,1.000,0.500,0.487
80,RobiPseu,eco2,3,0.988,1.000,0.333,0.329
80,RobiPseu,eco1,44,0.747,1.000,0.858,0.645
80,SassAlid,eco4,119,0.965,1.000,0.982,0.949
80,SassAlid,eco3,377,0.974,1.000,0.969,0.944
80,SassAlid,eco2,157,0.988,1.000,0.971,0.960
80,SassAlid,eco1,652,0.747,1.000,0.982,0.736
80,TiliAmer,eco4,89508,0.000,1.000,0.991,0.000
80,TiliAmer,eco3,212008,0.000,1.000,0.990,0.000
80,TiliAmer,eco2,118966,0.000,1.000,0.980,0.000
80,TiliAmer,eco1,33925,0.000,1.000,0.986,0.000
80,TiliAmhe,eco4,89508,0.000,1.000,0.991,0.000
80,TiliAmhe,eco3,212012,0.000,1.000,0.990,0.000
80,TiliAmhe,eco2,118966,0.000,1.000,0.980,0.000
80,TiliAmhe,eco1,33914,0.000,1.000,0.986,0.000
80,CaryGlab,eco4,691,0.965,1.000,0.996,0.962
80,CaryGlab,eco3,1770,0.974,1.000,0.978,0.954
80,CaryGlab,eco2,700,0.988,1.000,0.969,0.958
80,CaryGlab,eco1,1683,0.747,1.000,0.983,0.738
80,CaryCodi,eco4,2,0.206,1.000,0.500,0.103
80,CaryCodi,eco3,2,0.275,1.000,0.000,0.000
80,CaryCodi,eco2,2,0.413,1.000,0.500,0.206
80,CaryCodi,eco1,36,0.000,1.000,0.821,0.000
80,BetuNigr,eco4,1,0.000,1.000,1.000,0.000
80,BetuNigr,eco3,2,0.000,1.000,0.500,0.000
80,BetuNigr,eco2,2,0.000,1.000,0.500,0.000
80,BetuNigr,eco1,34,0.000,1.000,0.804,0.000
80,BetuLent,eco4,105,0.000,1.000,0.990,0.000
80,BetuLent,eco3,397,0.000,1.000,0.963,0.000
80,BetuLent,eco2,157,0.000,1.000,0.962,0.000
80,BetuLent,eco1,655,0.000,1.000,0.982,0.000
80,BetuAlle,eco4,714,0.000,1.000,0.993,0.000
80,BetuAlle,eco3,1655,0.000,1.000,0.978,0.000
80,BetuAlle,eco2,668,0.000,1.000,0.977,0.000
80,BetuAlle,eco1,1725,0.000,1.000,0.983,0.000
80,AcerPens,eco4,6659,0.000,1.000,0.998,0.000
80,AcerPens,eco3,18463,0.000,1.000,0.997,0.000
80,AcerPens,eco2,9283,0.000,1.000,0.995,0.000
80,AcerPens,eco1,7482,0.000,1.000,0.997,0.000
80,AmelArbo,eco4,6663,0.702,1.000,0.995,0.700
80,AmelArbo,eco3,18366,0.730,1.000,0.989,0.724
80,AmelArbo,eco2,9406,0.786,1.000,0.986,0.778
80,AmelArbo,eco1,7479,0.226,1.000,0.991,0.225
80,AescBuck,eco4,118,0.000,1.000,0.983,0.000
80,AescBuck,eco3,375,0.000,1.000,0.956,0.000
80,AescBuck,eco2,149,0.000,1.000,0.967,0.000
80,AescBuck,eco1,660,0.000,1.000,0.980,0.000
80,AcerRubr,eco4,6682,0.867,1.000,0.994,0.863
80,AcerRubr,eco3,18283,0.884,1.000,0.988,0.875
80,AcerRubr,eco2,9198,0.916,1.000,0.983,0.902
80,AcerRubr,eco1,7505,0.558,1.000,0.988,0.555
80,AcerSacc,eco4,89507,0.000,1.000,0.998,0.000
80,AcerSacc,eco3,212011,0.000,1.000,0.997,0.000
80,AcerSacc,eco2,118966,0.000,1.000,0.995,0.000
80,AcerSacc,eco1,33904,0.000,1.000,0.997,0.000
80,TsugCana,eco4,89509,0.000,1.000,0.991,0.000
80,TsugCana,eco3,212013,0.000,1.000,0.990,0.000
80,TsugCana,eco2,118966,0.000,1.000,0.979,0.000
80,TsugCana,eco1,33905,0.000,1.000,0.986,0.000
80,PinuVirg,eco4,0,NaN,NaN,NaN,NaN
80,PinuVirg,eco3,1,0.000,1.000,0.000,0.000
80,PinuVirg,eco2,2,0.000,1.000,0.500,0.000
80,PinuVirg,eco1,39,0.000,1.000,0.839,0.000
80,PinuTaed,eco4,0,NaN,NaN,NaN,NaN
80,PinuTaed,eco3,1,0.966,1.000,0.000,0.000
80,PinuTaed,eco2,2,0.992,0.000,0.500,0.000
80,PinuTaed,eco1,30,0.366,1.000,0.838,0.338
80,PinuStro,eco4,706,0.000,1.000,0.998,0.000
80,PinuStro,eco3,1712,0.000,1.000,0.978,0.000
80,PinuStro,eco2,695,0.000,1.000,0.981,0.000
80,PinuStro,eco1,1709,0.000,1.000,0.990,0.000
80,PinuRigi,eco4,0,NaN,NaN,NaN,NaN
80,PinuRigi,eco3,3,0.000,1.000,0.000,0.000
80,PinuRigi,eco2,2,0.000,1.000,0.500,0.000
80,PinuRigi,eco1,39,0.000,1.000,0.841,0.000
80,PinuPung,eco4,110,0.000,1.000,0.987,0.000
80,PinuPung,eco3,393,0.000,1.000,0.974,0.000
80,PinuPung,eco2,156,0.000,1.000,0.970,0.000
80,PinuPung,eco1,674,0.000,1.000,0.983,0.000
80,FrasFirr,eco4,89508,0.000,1.000,0.975,0.000
80,FrasFirr,eco3,212009,0.000,1.000,0.979,0.000
80,FrasFirr,eco2,118966,0.000,1.000,0.957,0.000
80,FrasFirr,eco1,33917,0.000,1.000,0.965,0.000
80,PiceRube,eco4,6721,0.000,1.000,0.994,0.000
80,PiceRube,eco3,18153,0.000,1.000,0.989,0.000
80,PiceRube,eco2,9107,0.000,1.000,0.987,0.000
80,PiceRube,eco1,7499,0.000,1.000,0.991,0.000
80,PinuEnch,eco4,1,0.264,1.000,1.000,0.264
80,PinuEnch,eco3,2,0.351,1.000,0.500,0.176
80,PinuEnch,eco2,2,0.519,1.000,0.500,0.259
80,PinuEnch,eco1,39,0.000,1.000,0.890,0.000
90,CaryOvat,eco4,8,0.759,1.000,0.670,0.538
90,CaryOvat,eco3,146,0.797,1.000,0.899,0.739
90,CaryOvat,eco2,70,0.862,1.000,0.928,0.810
90,CaryOvat,eco1,22,0.213,1.000,0.639,0.155
90,CaryAlba,eco4,16,0.791,1.000,0.930,0.741
90,CaryAlba,eco3,167,0.829,1.000,0.869,0.737
90,CaryAlba,eco2,90,0.891,1.000,0.919,0.825
90,CaryAlba,eco1,29,0.226,1.000,0.778,0.179
90,CornFlor,eco4,4460,0.921,1.000,0.977,0.904
90,CornFlor,eco3,11122,0.941,1.000,0.972,0.920
90,CornFlor,eco2,6124,0.971,1.000,0.966,0.940
90,CornFlor,eco1,1697,0.574,1.000,0.967,0.563
90,FraxPenn,eco4,6,0.835,1.000,0.661,0.557
90,FraxPenn,eco3,174,0.860,1.000,0.878,0.762
90,FraxPenn,eco2,90,0.902,1.000,0.915,0.830
90,FraxPenn,eco1,31,0.491,1.000,0.732,0.371
90,FraxAmer,eco4,4523,0.869,1.000,0.979,0.856
90,FraxAmer,eco3,11092,0.893,1.000,0.975,0.878
90,FraxAmer,eco2,6245,0.931,1.000,0.968,0.905
90,FraxAmer,eco1,1738,0.522,1.000,0.967,0.513
90,FaguGran,eco4,4491,0.730,1.000,0.979,0.723
90,FaguGran,eco3,11011,0.767,1.000,0.975,0.757
90,FaguGran,eco2,6165,0.831,1.000,0.967,0.810
90,FaguGran,eco1,1806,0.226,1.000,0.969,0.222
90,JuglNigr,eco4,0,NaN,NaN,NaN,NaN
90,JuglNigr,eco3,2,0.178,1.000,0.000,0.000
90,JuglNigr,eco2,0,NaN,NaN,NaN,NaN
90,JuglNigr,eco1,4,0.000,1.000,0.000,0.000
90,HaleDipt,eco4,4550,0.999,1.000,0.978,0.976
90,HaleDipt,eco3,11052,1.000,1.000,0.976,0.976
90,HaleDipt,eco2,6243,0.997,1.000,0.970,0.967
90,HaleDipt,eco1,1743,0.887,1.000,0.970,0.865
90,IlexOpac,eco4,4538,0.999,1.000,0.982,0.981
90,IlexOpac,eco3,11088,1.000,1.000,0.975,0.975
90,IlexOpac,eco2,6158,0.997,1.000,0.969,0.966
90,IlexOpac,eco1,1786,0.887,1.000,0.971,0.866
90,LiriTuli,eco4,2,1.000,1.000,0.000,0.000
90,LiriTuli,eco3,29,0.999,1.000,0.805,0.804
90,LiriTuli,eco2,13,0.982,1.000,0.999,0.982
90,LiriTuli,eco1,7,0.727,1.000,0.143,0.104
90,LiquStyr,eco4,1,0.986,1.000,0.000,0.000
90,LiquStyr,eco3,21,0.995,1.000,0.678,0.675
90,LiquStyr,eco2,11,1.000,1.000,0.992,0.992
90,LiquStyr,eco1,9,0.670,1.000,0.294,0.221
90,MagnAcum,eco4,15,0.958,1.000,0.874,0.844
90,MagnAcum,eco3,150,0.974,1.000,0.862,0.844
90,MagnAcum,eco2,88,0.993,1.000,0.883,0.878
90,MagnAcum,eco1,24,0.621,1.000,0.666,0.422
90,MagnMacr,eco4,7,0.958,1.000,0.706,0.681
90,MagnMacr,eco3,167,0.974,1.000,0.895,0.875
90,MagnMacr,eco2,83,0.993,1.000,0.895,0.890
90,MagnMacr,eco1,33,0.621,1.000,0.758,0.470
90,NyssSylv,eco4,4508,0.999,1.000,0.979,0.978
90,NyssSylv,eco3,11151,1.000,1.000,0.975,0.975
90,NyssSylv,eco2,6140,0.997,1.000,0.969,0.966
90,NyssSylv,eco1,1748,0.887,1.000,0.968,0.863
90,OxydArbo,eco4,4400,0.999,1.000,0.980,0.979
90,OxydArbo,eco3,11137,1.000,1.000,0.975,0.975
90,OxydArbo,eco2,6420,0.997,1.000,0.969,0.966
90,OxydArbo,eco1,1790,0.887,1.000,0.971,0.866
90,PrunSero,eco4,2,0.942,1.000,0.500,0.471
90,PrunSero,eco3,23,0.960,1.000,0.599,0.583
90,PrunSero,eco2,9,0.985,1.000,0.903,0.893
90,PrunSero,eco1,7,0.600,1.000,0.286,0.171
90,PrunPenn,eco4,0,NaN,NaN,NaN,NaN
90,PrunPenn,eco3,2,0.000,1.000,0.000,0.000
90,PrunPenn,eco2,0,NaN,NaN,NaN,NaN
90,PrunPenn,eco1,3,0.000,1.000,0.000,0.000
90,PlanOcid,eco4,2,0.786,1.000,0.500,0.393
90,PlanOcid,eco3,21,0.825,1.000,0.597,0.506
90,PlanOcid,eco2,7,0.889,1.000,0.857,0.762
90,PlanOcid,eco1,7,0.210,1.000,0.286,0.060
90,QuerAlba,eco4,3,0.779,1.000,0.637,0.519
90,QuerAlba,eco3,160,0.816,1.000,0.918,0.760
90,QuerAlba,eco2,100,0.877,1.000,0.925,0.820
90,QuerAlba,eco1,26,0.248,1.000,0.751,0.190
90,QuerCocc,eco4,1,0.070,1.000,0.000,0.000
90,QuerCocc,eco3,13,0.186,1.000,0.530,0.100
90,QuerCocc,eco2,8,0.386,1.000,0.875,0.338
90,QuerCocc,eco1,9,0.000,1.000,0.444,0.000
90,QuerFalc,eco4,5,0.986,1.000,0.944,0.933
90,QuerFalc,eco3,161,0.995,1.000,0.973,0.969
90,QuerFalc,eco2,78,1.000,1.000,0.976,0.976
90,QuerFalc,eco1,26,0.670,1.000,0.916,0.665
90,QuerRubr,eco4,5,0.051,1.000,0.773,0.041
90,QuerRubr,eco3,147,0.138,1.000,0.858,0.123
90,QuerRubr,eco2,80,0.291,1.000,0.923,0.276
90,QuerRubr,eco1,20,0.000,1.000,0.728,0.000
90,QuerPrin,eco4,7,0.000,1.000,0.829,0.000
90,QuerPrin,eco3,164,0.000,1.000,0.916,0.000
90,QuerPrin,eco2,104,0.000,1.000,0.892,0.000
90,QuerPrin,eco1,24,0.000,1.000,0.768,0.000
90,QuerVelu,eco4,3,0.560,1.000,0.652,0.373
90,QuerVelu,eco3,17,0.622,1.000,0.583,0.388
90,QuerVelu,eco2,8,0.727,1.000,0.959,0.722
90,QuerVelu,eco1,8,0.000,1.000,0.337,0.000
90,QuerStel,eco4,3,0.986,1.000,0.667,0.657
90,QuerStel,eco3,23,0.995,1.000,0.573,0.571
90,QuerStel,eco2,11,1.000,1.000,0.985,0.985
90,QuerStel,eco1,7,0.670,1.000,0.286,0.191
90,RobiPseu,eco4,0,NaN,NaN,NaN,NaN
90,RobiPseu,eco3,2,1.000,1.000,0.000,0.000
90,RobiPseu,eco2,0,NaN,NaN,NaN,NaN
90,RobiPseu,eco1,3,0.887,1.000,0.000,0.000
90,SassAlid,eco4,1,0.999,1.000,0.000,0.000
90,SassAlid,eco3,21,1.000,1.000,0.756,0.756
90,SassAlid,eco2,14,0.997,1.000,0.923,0.922
90,SassAlid,eco1,9,0.887,1.000,0.444,0.394
90,TiliAmer,eco4,89510,0.000,1.000,0.970,0.000
90,TiliAmer,eco3,212014,0.000,1.000,0.972,0.000
90,TiliAmer,eco2,118969,0.000,1.000,0.964,0.000
90,TiliAmer,eco1,34079,0.000,1.000,0.970,0.000
90,TiliAmhe,eco4,89511,0.000,1.000,0.970,0.000
90,TiliAmhe,eco3,212013,0.000,1.000,0.972,0.000
90,TiliAmhe,eco2,118969,0.000,1.000,0.964,0.000
90,TiliAmhe,eco1,34082,0.000,1.000,0.970,0.000
90,CaryGlab,eco4,7,0.999,1.000,0.685,0.685
90,CaryGlab,eco3,161,1.000,1.000,0.893,0.893
90,CaryGlab,eco2,88,0.997,1.000,0.862,0.860
90,CaryGlab,eco1,24,0.887,1.000,0.667,0.591
90,CaryCodi,eco4,1,0.574,1.000,0.000,0.000
90,CaryCodi,eco3,3,0.637,1.000,0.000,0.000
90,CaryCodi,eco2,0,NaN,NaN,NaN,NaN
90,CaryCodi,eco1,5,0.000,1.000,0.200,0.000
90,BetuNigr,eco4,0,NaN,NaN,NaN,NaN
90,BetuNigr,eco3,2,0.000,1.000,0.000,0.000
90,BetuNigr,eco2,0,NaN,NaN,NaN,NaN
90,BetuNigr,eco1,3,0.000,1.000,0.000,0.000
90,BetuLent,eco4,1,0.000,1.000,0.000,0.000
90,BetuLent,eco3,24,0.000,1.000,0.705,0.000
90,BetuLent,eco2,12,0.000,1.000,0.905,0.000
90,BetuLent,eco1,8,0.000,1.000,0.375,0.000
90,BetuAlle,eco4,2,0.000,1.000,0.423,0.000
90,BetuAlle,eco3,157,0.000,1.000,0.927,0.000
90,BetuAlle,eco2,79,0.000,1.000,0.873,0.000
90,BetuAlle,eco1,21,0.000,1.000,0.683,0.000
90,AcerPens,eco4,4498,0.212,1.000,0.994,0.212
90,AcerPens,eco3,10973,0.300,1.000,0.992,0.300
90,AcerPens,eco2,6196,0.452,1.000,0.992,0.452
90,AcerPens,eco1,1807,0.000,1.000,0.992,0.000
90,AmelArbo,eco4,4533,0.850,1.000,0.981,0.839
90,AmelArbo,eco3,11085,0.874,1.000,0.977,0.862
90,AmelArbo,eco2,6281,0.915,1.000,0.973,0.895
90,AmelArbo,eco1,1732,0.504,1.000,0.966,0.495
90,AescBuck,eco4,1,0.000,1.000,0.000,0.000
90,AescBuck,eco3,18,0.000,1.000,0.599,0.000
90,AescBuck,eco2,9,0.000,1.000,0.813,0.000
90,AescBuck,eco1,9,0.000,1.000,0.444,0.000
90,AcerRubr,eco4,4497,0.950,1.000,0.975,0.929
90,AcerRubr,eco3,11134,0.963,1.000,0.970,0.937
90,AcerRubr,eco2,6112,0.981,1.000,0.962,0.945
90,AcerRubr,eco1,1743,0.743,1.000,0.960,0.721
90,AcerSacc,eco4,89511,0.212,1.000,0.994,0.212
90,AcerSacc,eco3,212014,0.300,1.000,0.994,0.300
90,AcerSacc,eco2,118969,0.452,1.000,0.992,0.452
90,AcerSacc,eco1,34082,0.000,1.000,0.993,0.000
90,TsugCana,eco4,89511,0.000,1.000,0.966,0.000
90,TsugCana,eco3,212015,0.000,1.000,0.969,0.000
90,TsugCana,eco2,118969,0.000,1.000,0.961,0.000
90,TsugCana,eco1,34081,0.000,1.000,0.966,0.000
90,PinuVirg,eco4,0,NaN,NaN,NaN,NaN
90,PinuVirg,eco3,2,0.000,1.000,0.000,0.000
90,PinuVirg,eco2,0,NaN,NaN,NaN,NaN
90,PinuVirg,eco1,3,0.000,1.000,0.000,0.000
90,PinuTaed,eco4,0,NaN,NaN,NaN,NaN
90,PinuTaed,eco3,3,0.991,1.000,0.000,0.000
90,PinuTaed,eco2,0,NaN,NaN,NaN,NaN
90,PinuTaed,eco1,3,0.751,1.000,0.000,0.000
90,PinuStro,eco4,11,0.000,1.000,0.931,0.000
90,PinuStro,eco3,179,0.000,1.000,0.916,0.000
90,PinuStro,eco2,92,0.000,1.000,0.923,0.000
90,PinuStro,eco1,20,0.000,1.000,0.725,0.000
90,PinuRigi,eco4,0,NaN,NaN,NaN,NaN
90,PinuRigi,eco3,2,0.000,1.000,0.000,0.000
90,PinuRigi,eco2,0,NaN,NaN,NaN,NaN
90,PinuRigi,eco1,3,0.000,1.000,0.000,0.000
90,PinuPung,eco4,2,0.000,1.000,0.500,0.000
90,PinuPung,eco3,17,0.000,1.000,0.523,0.000
90,PinuPung,eco2,6,0.000,1.000,0.989,0.000
90,PinuPung,eco1,9,0.000,1.000,0.444,0.000
90,FrasFirr,eco4,89510,0.000,1.000,0.926,0.000
90,FrasFirr,eco3,212014,0.000,1.000,0.893,0.000
90,FrasFirr,eco2,118969,0.000,1.000,0.915,0.000
90,FrasFirr,eco1,34080,0.000,1.000,0.938,0.000
90,PiceRube,eco4,4525,0.000,1.000,0.979,0.000
90,PiceRube,eco3,10955,0.000,1.000,0.976,0.000
90,PiceRube,eco2,6226,0.000,1.000,0.972,0.000
90,PiceRube,eco1,1747,0.000,1.000,0.969,0.000
90,PinuEnch,eco4,0,NaN,NaN,NaN,NaN
90,PinuEnch,eco3,3,0.770,1.000,0.094,0.094
90,PinuEnch,eco2,0,NaN,NaN,NaN,NaN
90,PinuEnch,eco1,3,0.000,1.000,0.000,0.000
100,CaryOvat,eco4,107,0.633,1.000,0.943,0.614
100,CaryOvat,eco3,1757,0.680,1.000,0.861,0.612
100,CaryOvat,eco2,829,0.744,1.000,0.916,0.693
100,CaryOvat,eco1,441,0.098,1.000,0.924,0.093
100,CaryAlba,eco4,104,0.664,1.000,0.885,0.609
100,CaryAlba,eco3,1662,0.712,1.000,0.860,0.634
100,CaryAlba,eco2,800,0.776,1.000,0.914,0.720
100,CaryAlba,eco1,445,0.104,1.000,0.928,0.099
100,CornFlor,eco4,4895,0.849,1.000,0.926,0.805
100,CornFlor,eco3,17655,0.876,1.000,0.920,0.820
100,CornFlor,eco2,8795,0.913,1.000,0.925,0.852
100,CornFlor,eco1,3522,0.494,1.000,0.953,0.487
100,FraxPenn,eco4,133,0.755,1.000,0.916,0.699
100,FraxPenn,eco3,1746,0.784,1.000,0.791,0.628
100,FraxPenn,eco2,815,0.825,1.000,0.880,0.731
100,FraxPenn,eco1,478,0.420,1.000,0.902,0.389
100,FraxAmer,eco4,4927,0.791,1.000,0.929,0.763
100,FraxAmer,eco3,17594,0.820,1.000,0.926,0.782
100,FraxAmer,eco2,8600,0.860,1.000,0.934,0.815
100,FraxAmer,eco1,3541,0.447,1.000,0.956,0.443
100,FaguGran,eco4,5006,0.611,1.000,0.931,0.602
100,FaguGran,eco3,17599,0.655,1.000,0.927,0.636
100,FaguGran,eco2,8999,0.716,1.000,0.934,0.686
100,FaguGran,eco1,3555,0.122,1.000,0.955,0.121
100,JuglNigr,eco4,1,0.000,1.000,0.000,0.000
100,JuglNigr,eco3,19,0.000,1.000,0.286,0.000
100,JuglNigr,eco2,10,0.025,1.000,0.796,0.020
100,JuglNigr,eco1,7,0.000,1.000,0.286,0.000
100,HaleDipt,eco4,4749,0.985,1.000,0.936,0.925
100,HaleDipt,eco3,17697,0.991,1.000,0.933,0.927
100,HaleDipt,eco2,8641,0.998,1.000,0.937,0.935
100,HaleDipt,eco1,3572,0.853,1.000,0.961,0.834
100,IlexOpac,eco4,4792,0.985,1.000,0.937,0.925
100,IlexOpac,eco3,17564,0.991,1.000,0.931,0.925
100,IlexOpac,eco2,8670,0.998,1.000,0.939,0.937
100,IlexOpac,eco1,3502,0.853,1.000,0.961,0.834
100,LiriTuli,eco4,27,0.973,1.000,0.938,0.917
100,LiriTuli,eco3,496,0.987,1.000,0.821,0.812
100,LiriTuli,eco2,233,0.999,1.000,0.908,0.907
100,LiriTuli,eco1,149,0.637,1.000,0.911,0.596
100,LiquStyr,eco4,21,0.937,1.000,0.919,0.878
100,LiquStyr,eco3,483,0.958,1.000,0.818,0.789
100,LiquStyr,eco2,230,0.981,1.000,0.945,0.929
100,LiquStyr,eco1,140,0.582,1.000,0.918,0.544
100,MagnAcum,eco4,134,0.895,1.000,0.873,0.789
100,MagnAcum,eco3,1715,0.920,1.000,0.825,0.766
100,MagnAcum,eco2,795,0.951,1.000,0.879,0.839
100,MagnAcum,eco1,446,0.536,1.000,0.923,0.509
100,MagnMacr,eco4,112,0.895,1.000,0.903,0.815
100,MagnMacr,eco3,1710,0.920,1.000,0.838,0.777
100,MagnMacr,eco2,812,0.951,1.000,0.895,0.855
100,MagnMacr,eco1,443,0.536,1.000,0.916,0.506
100,NyssSylv,eco4,4912,0.985,1.000,0.936,0.924
100,NyssSylv,eco3,17670,0.991,1.000,0.932,0.925
100,NyssSylv,eco2,8750,0.998,1.000,0.938,0.936
100,NyssSylv,eco1,3568,0.853,1.000,0.959,0.833
100,OxydArbo,eco4,4874,0.985,1.000,0.936,0.925
100,OxydArbo,eco3,17679,0.991,1.000,0.932,0.925
100,OxydArbo,eco2,8795,0.998,1.000,0.936,0.935
100,OxydArbo,eco1,3549,0.853,1.000,0.958,0.832
100,PrunSero,eco4,19,0.875,1.000,0.893,0.808
100,PrunSero,eco3,466,0.901,1.000,0.828,0.759
100,PrunSero,eco2,219,0.935,1.000,0.926,0.870
100,PrunSero,eco1,130,0.517,1.000,0.925,0.485
100,PrunPenn,eco4,1,0.000,1.000,0.000,0.000
100,PrunPenn,eco3,22,0.000,1.000,0.300,0.000
100,PrunPenn,eco2,13,0.000,1.000,0.769,0.000
100,PrunPenn,eco1,8,0.000,1.000,0.375,0.000
100,PlanOcid,eco4,18,0.657,1.000,0.856,0.577
100,PlanOcid,eco3,473,0.705,1.000,0.733,0.526
100,PlanOcid,eco2,218,0.771,1.000,0.909,0.707
100,PlanOcid,eco1,162,0.086,1.000,0.897,0.080
100,QuerAlba,eco4,106,0.658,1.000,0.940,0.636
100,QuerAlba,eco3,1683,0.703,1.000,0.905,0.663
100,QuerAlba,eco2,802,0.765,1.000,0.937,0.732
100,QuerAlba,eco1,443,0.135,1.000,0.941,0.130
100,QuerCocc,eco4,15,0.000,1.000,0.871,0.000
100,QuerCocc,eco3,476,0.000,1.000,0.822,0.000
100,QuerCocc,eco2,203,0.027,1.000,0.900,0.025
100,QuerCocc,eco1,161,0.000,1.000,0.930,0.000
100,QuerFalc,eco4,126,0.937,1.000,0.984,0.928
100,QuerFalc,eco3,1731,0.958,1.000,0.964,0.932
100,QuerFalc,eco2,810,0.981,1.000,0.980,0.964
100,QuerFalc,eco1,458,0.582,1.000,0.980,0.582
100,QuerRubr,eco4,131,0.000,1.000,0.923,0.000
100,QuerRubr,eco3,1728,0.000,1.000,0.872,0.000
100,QuerRubr,eco2,805,0.019,1.000,0.907,0.019
100,QuerRubr,eco1,461,0.000,1.000,0.940,0.000
100,QuerPrin,eco4,131,0.000,1.000,0.965,0.000
100,QuerPrin,eco3,1661,0.000,1.000,0.893,0.000
100,QuerPrin,eco2,815,0.000,1.000,0.930,0.000
100,QuerPrin,eco1,471,0.000,1.000,0.950,0.000
100,QuerVelu,eco4,23,0.364,1.000,0.917,0.348
100,QuerVelu,eco3,477,0.436,1.000,0.821,0.380
100,QuerVelu,eco2,209,0.537,1.000,0.922,0.506
100,QuerVelu,eco1,146,0.000,1.000,0.929,0.000
100,QuerStel,eco4,18,0.937,1.000,0.900,0.853
100,QuerStel,eco3,516,0.958,1.000,0.839,0.809
100,QuerStel,eco2,208,0.981,1.000,0.921,0.906
100,QuerStel,eco1,159,0.582,1.000,0.918,0.545
100,RobiPseu,eco4,1,0.985,1.000,0.000,0.000
100,RobiPseu,eco3,23,0.991,1.000,0.363,0.361
100,RobiPseu,eco2,9,0.998,1.000,0.889,0.887
100,RobiPseu,eco1,6,0.853,1.000,0.167,0.142
100,SassAlid,eco4,10,0.985,1.000,0.822,0.815
100,SassAlid,eco3,471,0.991,1.000,0.807,0.801
100,SassAlid,eco2,211,0.998,1.000,0.931,0.929
100,SassAlid,eco1,145,0.853,1.000,0.933,0.807
100,TiliAmer,eco4,89510,0.000,1.000,0.893,0.000
100,TiliAmer,eco3,211938,0.000,1.000,0.907,0.000
100,TiliAmer,eco2,118930,0.000,1.000,0.906,0.000
100,TiliAmer,eco1,34056,0.000,1.000,0.933,0.000
100,TiliAmhe,eco4,89510,0.000,1.000,0.893,0.000
100,TiliAmhe,eco3,211942,0.000,1.000,0.907,0.000
100,TiliAmhe,eco2,118932,0.000,1.000,0.906,0.000
100,TiliAmhe,eco1,34049,0.000,1.000,0.933,0.000
100,CaryGlab,eco4,123,0.985,1.000,0.910,0.897
100,CaryGlab,eco3,1690,0.991,1.000,0.858,0.852
100,CaryGlab,eco2,796,0.998,1.000,0.913,0.911
100,CaryGlab,eco1,446,0.853,1.000,0.930,0.807
100,CaryCodi,eco4,1,0.374,1.000,0.000,0.000
100,CaryCodi,eco3,26,0.448,1.000,0.441,0.207
100,CaryCodi,eco2,10,0.551,1.000,0.722,0.407
100,CaryCodi,eco1,11,0.000,1.000,0.450,0.000
100,BetuNigr,eco4,1,0.000,1.000,0.000,0.000
100,BetuNigr,eco3,26,0.000,1.000,0.427,0.000
100,BetuNigr,eco2,9,0.000,1.000,0.778,0.000
100,BetuNigr,eco1,13,0.000,1.000,0.511,0.000
100,BetuLent,eco4,14,0.000,1.000,0.857,0.000
100,BetuLent,eco3,452,0.000,1.000,0.767,0.000
100,BetuLent,eco2,200,0.000,1.000,0.915,0.000
100,BetuLent,eco1,157,0.000,1.000,0.909,0.000
100,BetuAlle,eco4,137,0.000,1.000,0.927,0.000
100,BetuAlle,eco3,1626,0.000,1.000,0.855,0.000
100,BetuAlle,eco2,825,0.000,1.000,0.891,0.000
100,BetuAlle,eco1,452,0.000,1.000,0.927,0.000
100,AcerPens,eco4,4841,0.000,1.000,0.979,0.000
100,AcerPens,eco3,17592,0.040,1.000,0.979,0.040
100,AcerPens,eco2,8741,0.180,1.000,0.981,0.180
100,AcerPens,eco1,3528,0.000,1.000,0.987,0.000
100,AmelArbo,eco4,4915,0.770,1.000,0.936,0.753
100,AmelArbo,eco3,17724,0.800,1.000,0.933,0.770
100,AmelArbo,eco2,8729,0.840,1.000,0.935,0.800
100,AmelArbo,eco1,3539,0.431,1.000,0.961,0.427
100,AescBuck,eco4,23,0.000,1.000,0.749,0.000
100,AescBuck,eco3,470,0.000,1.000,0.766,0.000
100,AescBuck,eco2,231,0.000,1.000,0.886,0.000
100,AescBuck,eco1,152,0.000,1.000,0.933,0.000
100,AcerRubr,eco4,4963,0.907,1.000,0.915,0.841
100,AcerRubr,eco3,17731,0.923,1.000,0.910,0.849
100,AcerRubr,eco2,8697,0.945,1.000,0.918,0.872
100,AcerRubr,eco1,3589,0.695,1.000,0.944,0.675
100,AcerSacc,eco4,89510,0.000,1.000,0.979,0.000
100,AcerSacc,eco3,211946,0.040,1.000,0.982,0.040
100,AcerSacc,eco2,118937,0.180,1.000,0.981,0.180
100,AcerSacc,eco1,34062,0.000,1.000,0.986,0.000
100,TsugCana,eco4,89511,0.000,1.000,0.878,0.000
100,TsugCana,eco3,211944,0.000,1.000,0.895,0.000
100,TsugCana,eco2,118933,0.000,1.000,0.897,0.000
100,TsugCana,eco1,34055,0.000,1.000,0.926,0.000
100,PinuVirg,eco4,1,0.000,1.000,0.000,0.000
100,PinuVirg,eco3,26,0.000,1.000,0.410,0.000
100,PinuVirg,eco2,11,0.000,1.000,0.818,0.000
100,PinuVirg,eco1,9,0.000,1.000,0.420,0.000
100,PinuTaed,eco4,1,0.986,1.000,0.000,0.000
100,PinuTaed,eco3,20,0.996,1.000,0.308,0.307
100,PinuTaed,eco2,7,1.000,0.000,0.714,0.000
100,PinuTaed,eco1,12,0.660,1.000,0.583,0.385
100,PinuStro,eco4,133,0.000,1.000,0.948,0.000
100,PinuStro,eco3,1719,0.000,1.000,0.914,0.000
100,PinuStro,eco2,775,0.000,1.000,0.951,0.000
100,PinuStro,eco1,471,0.000,1.000,0.955,0.000
100,PinuRigi,eco4,1,0.000,1.000,0.000,0.000
100,PinuRigi,eco3,26,0.000,1.000,0.416,0.000
100,PinuRigi,eco2,11,0.000,1.000,0.818,0.000
100,PinuRigi,eco1,10,0.000,1.000,0.499,0.000
100,PinuPung,eco4,15,0.000,1.000,0.890,0.000
100,PinuPung,eco3,494,0.000,1.000,0.827,0.000
100,PinuPung,eco2,212,0.000,1.000,0.925,0.000
100,PinuPung,eco1,148,0.000,1.000,0.937,0.000
100,FrasFirr,eco4,89510,0.000,1.000,0.787,0.000
100,FrasFirr,eco3,211948,0.000,1.000,0.814,0.000
100,FrasFirr,eco2,118931,0.000,1.000,0.838,0.000
100,FrasFirr,eco1,34056,0.000,1.000,0.755,0.000
100,PiceRube,eco4,4874,0.000,1.000,0.941,0.000
100,PiceRube,eco3,17651,0.000,1.000,0.936,0.000
100,PiceRube,eco2,8766,0.000,1.000,0.942,0.000
100,PiceRube,eco1,3532,0.000,1.000,0.962,0.000
100,PinuEnch,eco4,1,0.473,1.000,0.000,0.000
100,PinuEnch,eco3,25,0.560,1.000,0.435,0.262
100,PinuEnch,eco2,4,0.678,1.000,0.479,0.399
100,PinuEnch,eco1,13,0.000,1.000,0.700,0.000
